1;1;1;0,4;741.9;4;13,5
1;1;4;0,8;741.0;3;16,7
1;1;7;1;739.9;3;17,1
1;1;10;1,5;739.3;3;18,8
1;1;13;2,2;739.3;3;11,7
1;1;16;1,9;738.7;2;16,5
1;1;19;1,4;738.3;2;26,1
1;1;22;1,4;737.5;2;24,9
2;1;1;1,3;736.5;3;22,3
2;1;4;1,3;735.2;2;31,6
2;1;7;1,1;733.8;3;33,6
2;1;10;0,8;733.5;3;29,7
2;1;13;1,4;733.8;2;26,1
2;1;16;1,3;734.2;1;28,8
2;1;19;0,6;734.2;1;31,8
2;1;22;-0,1;734.0;2;51,4
3;1;1;-1;733.9;2;47,9
3;1;4;-1,3;733.9;1;33,6
3;1;7;-2,2;733.9;1;29,5
3;1;10;-5,4;735.0;4;25,3
3;1;13;-6,3;735.9;3;13,7
3;1;16;-7;736.4;2;18,6
3;1;19;-8,4;737.2;3;20,1
3;1;22;-11,5;738.1;3;15,9
4;1;1;-14,3;739.2;1;9,8
4;1;4;-14,5;739.0;1;5,4
4;1;7;-15,1;739.2;1;6,8
4;1;10;-15;739.3;2;4,9
4;1;13;-13,4;739.0;3;0
4;1;16;-12;738.9;2;0
4;1;19;-11,2;738.4;2;0
4;1;22;-10,2;737.2;3;0,5
5;1;1;-8,9;735.7;3;14,2
5;1;4;-8,9;734.8;3;19,5
5;1;7;-9,3;735.2;3;22,5
5;1;10;-10,7;736.6;3;16,4
5;1;13;-11,1;738.4;3;14,8
5;1;16;-12,8;740.7;3;14
5;1;19;-14,5;743.5;3;15,4
5;1;22;-18;745.8;4;15,6
6;1;1;-18,6;748.2;3;15,3
6;1;4;-20;750.1;4;15
6;1;7;-23;752.0;3;29,7
6;1;10;-24,9;754.3;3;23,2
6;1;13;-24,8;756.3;3;13
6;1;16;-25,6;757.7;4;27,9
6;1;19;-26,7;759.1;3;42,7
6;1;22;-27,5;760.0;3;30,6
7;1;1;-27,7;760.6;2;28
7;1;4;-28,3;760.4;3;32,4
7;1;7;-28,6;759.7;3;33,1
7;1;10;-29,6;759.2;3;28
7;1;13;-28,2;758.4;2;27,1
7;1;16;-24,6;757.0;2;45,7
7;1;19;-26,2;757.3;3;57,4
7;1;22;-27,8;757.3;2;53,3
8;1;1;-28,2;757.5;2;38,9
8;1;4;-28,6;757.6;3;33
8;1;7;-29,6;757.9;2;28,7
8;1;10;-30;758.8;2;19,5
8;1;13;-26,6;759.3;2;13,2
8;1;16;-22,9;758.8;2;12,7
8;1;19;-24,2;759.2;2;17,9
8;1;22;-25,4;758.7;1;16
9;1;1;-26,8;758.8;2;15,7
9;1;4;-28,1;758.2;1;20,6
9;1;7;-28,7;757.8;1;18,8
9;1;10;-28,3;757.3;0;28,1
9;1;13;-24,7;757.3;1;31,7
9;1;16;-22,1;756.1;1;49,4
9;1;19;-21,6;756.4;0;38,2
9;1;22;-20,1;755.4;1;32,2
10;1;1;-18,9;754.9;2;31,3
10;1;4;-16,5;754.4;2;41,8
10;1;7;-14,4;754.0;1;53,4
10;1;10;-12,1;754.4;1;63,3
10;1;13;-9,5;754.5;2;53,7
10;1;16;-8,3;754.3;2;56,7
10;1;19;-8,2;754.4;2;49
10;1;22;-7;754.3;2;43,6
11;1;1;-6,9;755.0;3;26,9
11;1;4;-7,1;755.2;2;21,2
11;1;7;-7,5;754.8;3;15,8
11;1;10;-8,2;755.0;3;32,2
11;1;13;-9,3;755.3;2;14,4
11;1;16;-10;755.0;2;21,1
11;1;19;-12,6;754.6;2;50,7
11;1;22;-12,1;754.2;2;22,3
12;1;1;-11,8;753.5;3;9
12;1;4;-11,5;752.5;1;7,6
12;1;7;-13,4;751.0;1;11
12;1;10;-10;749.2;3;16,3
12;1;13;-9,6;747.7;3;19,9
12;1;16;-9,3;745.6;3;23,9
12;1;19;-8,4;743.5;2;31,3
12;1;22;-7,1;740.8;2;43,6
13;1;1;-5,1;740.0;1;43,2
13;1;4;-2,7;741.4;2;52,2
13;1;7;-3,3;742.0;2;48,2
13;1;10;-3,4;742.9;2;45,1
13;1;13;-3,4;744.0;3;29,7
13;1;16;-3,2;744.5;3;24,9
13;1;19;-4,1;745.2;1;37,8
13;1;22;-4,7;745.9;2;41,8
14;1;1;-5,5;746.6;2;40
14;1;4;-7,1;747.3;2;42,5
14;1;7;-6,1;747.4;2;42,8
14;1;10;-4,8;747.4;3;29,7
14;1;13;-3,4;747.7;4;15,1
14;1;16;-2,9;748.0;4;15,1
14;1;19;-2,4;747.6;4;24,8
14;1;22;-2,4;747.4;5;26,4
15;1;1;-2,7;747.1;5;18,9
15;1;4;-2,3;747.0;4;18,2
15;1;7;-2,2;746.2;6;15,6
15;1;10;-2,3;746.7;4;17
15;1;13;-2,5;747.5;4;6,2
15;1;16;-2;748.2;4;3,9
15;1;19;-2,4;749.0;3;2,6
15;1;22;-2,4;749.6;3;0,9
16;1;1;-2,8;750.4;2;0
16;1;4;-3,5;751.3;2;0
16;1;7;-3,7;751.6;2;2,4
16;1;10;-3,6;753.1;1;9,4
16;1;13;-2,3;754.0;1;8,1
16;1;16;-1,6;755.0;1;10
16;1;19;-2,3;755.8;1;14
16;1;22;-2,4;756.7;1;12,9
17;1;1;-2,5;757.4;1;12,2
17;1;4;-2,6;758.2;2;12,2
17;1;7;-2,7;758.4;2;11,3
17;1;10;-4,1;759.1;2;6,6
17;1;13;-5;759.8;1;0
17;1;16;-3,8;760.4;1;0
17;1;19;-5;760.9;1;0
17;1;22;-6;761.2;0;0
18;1;1;-5,9;761.5;0;1,4
18;1;4;-5,1;762.1;1;0
18;1;7;-4,9;762.0;2;3,2
18;1;10;-5,8;762.7;3;5,2
18;1;13;-6,1;763.3;3;0
18;1;16;-4,5;762.5;2;1,5
18;1;19;-8,1;761.8;2;11,1
18;1;22;-6,6;760.9;1;9,3
19;1;1;-6,1;759.7;2;4,7
19;1;4;-5,2;758.8;2;6,6
19;1;7;-4,6;757.6;3;8,6
19;1;10;-4,7;756.4;3;8,1
19;1;13;-3,8;755.0;4;6,3
19;1;16;-3;753.0;4;14,2
19;1;19;-2,8;751.6;4;22,4
19;1;22;-3,1;749.9;4;17,1
20;1;1;-3,3;748.3;4;15,6
20;1;4;-3,4;746.2;4;12,6
20;1;7;-2,6;745.6;3;10,9
20;1;10;-1,7;745.2;3;10,1
20;1;13;0,4;745.9;4;6
20;1;16;-0,4;746.6;5;5
20;1;19;-2,8;747.7;2;6,1
20;1;22;-5,9;747.9;2;2,8
21;1;1;-5,4;747.3;1;1,1
21;1;4;-6,3;745.8;2;0
21;1;7;-8,2;744.2;2;0,4
21;1;10;-3,6;743.8;3;0
21;1;13;-2,2;743.8;3;0
21;1;16;-2,3;744.2;5;0
21;1;19;-4,2;745.9;3;9
21;1;22;-5,5;747.9;4;7,9
22;1;1;-6,3;749.8;3;9,5
22;1;4;-7,2;750.6;4;13
22;1;7;-8,2;750.8;4;13,7
22;1;10;-8,1;750.9;3;15,7
22;1;13;-5;749.9;3;11,7
22;1;16;-2,8;748.2;3;6,7
22;1;19;-3,4;746.8;2;0,1
22;1;22;-1,8;747.2;4;0
23;1;1;-1,9;748.6;3;0
23;1;4;-2,9;748.9;1;2,4
23;1;7;-2,7;748.6;1;3,7
23;1;10;-2,8;748.1;1;2
23;1;13;0,8;747.5;2;0
23;1;16;1,4;746.0;3;1,5
23;1;19;1;744.9;2;10,4
23;1;22;0,6;744.0;4;10,8
24;1;1;-0,2;743.3;2;10,4
24;1;4;-0,6;742.1;3;6,4
24;1;7;-0,8;741.1;3;0
24;1;10;-1,2;740.6;3;0
24;1;13;0,1;740.6;2;0
24;1;16;0,7;740.8;3;0
24;1;19;0,4;741.5;2;0
24;1;22;-0,8;742.2;2;2,2
25;1;1;-5,5;744.2;4;4,8
25;1;4;-7,2;746.1;4;12,9
25;1;7;-8,8;748.4;5;32,3
25;1;10;-11,6;751.3;4;35,6
25;1;13;-11;753.7;5;17,9
25;1;16;-11,2;755.4;4;25,4
25;1;19;-14,1;757.6;4;39,6
25;1;22;-16,6;759.3;2;37,2
26;1;1;-19,2;760.5;2;24,9
26;1;4;-20,5;760.9;2;15,3
26;1;7;-21,4;761.0;2;11
26;1;10;-21,6;760.5;2;10,4
26;1;13;-16,1;759.0;1;0
26;1;16;-13,1;756.7;2;0
26;1;19;-12,4;753.8;2;6,7
26;1;22;-11,7;749.8;3;11,7
27;1;1;-10,6;748.3;1;8
27;1;4;-9,2;748.1;2;6,3
27;1;7;-8,4;748.7;2;4
27;1;10;-7,4;749.6;2;1,8
27;1;13;-5,1;750.7;2;0
27;1;16;-2,7;751.5;3;0
27;1;19;-2,7;752.8;2;1,1
27;1;22;-2,8;754.0;2;7,7
28;1;1;-2,5;754.7;1;8,7
28;1;4;-2,5;755.2;2;11,2
28;1;7;-2,8;755.4;1;17,1
28;1;10;-2,6;756.2;2;15,2
28;1;13;-2;756.7;2;11,1
28;1;16;-2,7;757.2;2;26,3
28;1;19;-3,9;758.5;2;42,2
28;1;22;-5,8;760.2;2;27,9
29;1;1;-6,9;761.4;2;42
29;1;4;-7,9;762.2;2;37,5
29;1;7;-9,1;763.0;1;35,8
29;1;10;-11,4;763.9;1;34
29;1;13;-9,6;764.2;2;30,8
29;1;16;-8;763.6;2;32,5
29;1;19;-10,8;764.1;2;43,3
29;1;22;-12;763.9;2;47,9
30;1;1;-13,2;763.8;2;47,2
30;1;4;-15;763.6;2;53,1
30;1;7;-15,8;763.2;3;74
30;1;10;-16,6;762.9;3;86,5
30;1;13;-11;762.3;3;89,8
30;1;16;-8;761.2;4;90
30;1;19;-10,2;760.5;3;80,7
30;1;22;-12,3;759.8;3;57,1
31;1;1;-13,9;759.3;2;76,2
31;1;4;-14,9;758.2;2;88,4
31;1;7;-13,4;757.1;2;65,4
31;1;10;-11,9;756.5;2;45,5
31;1;13;-10,2;756.1;2;7,7
31;1;16;-8,3;755.1;3;9,5
31;1;19;-8,3;754.6;1;9,2
31;1;22;-7,9;753.7;2;0
1;2;1;-7,6;752.8;2;15,6
1;2;4;-6,6;751.9;2;17,9
1;2;7;-5,9;750.9;2;22,5
1;2;10;-4,5;751.0;2;18,1
1;2;13;-2,2;751.0;3;17
1;2;16;-1,1;750.7;3;23
1;2;19;-2,4;751.1;3;24,1
1;2;22;-2,7;751.2;4;15,8
2;2;1;-2,9;751.8;3;10,2
2;2;4;-6,4;753.7;3;2,5
2;2;7;-8,5;755.0;4;0,3
2;2;10;-10;756.3;3;3,5
2;2;13;-7,6;757.2;4;0
2;2;16;-5,7;757.2;3;3,7
2;2;19;-8,3;757.8;1;23,3
2;2;22;-10,4;758.2;2;28,9
3;2;1;-14;758.2;1;34,6
3;2;4;-14,5;757.9;0;29,1
3;2;7;-16,9;757.6;0;27,9
3;2;10;-14,2;757.0;1;33,6
3;2;13;-8,4;756.5;1;21,3
3;2;16;-6,9;755.2;2;29,2
3;2;19;-11,2;754.6;0;42
3;2;22;-13;754.4;1;38,1
4;2;1;-14,7;754.0;1;33,5
4;2;4;-15,8;753.1;1;31,8
4;2;7;-16,5;752.6;1;33,5
4;2;10;-17,6;752.2;2;21,4
4;2;13;-14;751.6;2;15,9
4;2;16;-11,3;750.5;3;26,3
4;2;19;-10,6;749.9;2;49,7
4;2;22;-9,9;749.5;2;52,9
5;2;1;-10;748.9;3;33,5
5;2;4;-10,2;748.4;2;30,7
5;2;7;-10,3;748.3;2;26,4
5;2;10;-10,3;748.9;2;13,6
5;2;13;-10,3;749.3;2;7,8
5;2;16;-6,5;749.8;3;20,6
5;2;19;-9;751.2;3;41
5;2;22;-12;752.7;2;31,3
6;2;1;-14,9;754.0;2;13,8
6;2;4;-17;756.0;2;8,7
6;2;7;-14,6;757.6;2;12,6
6;2;10;-15,7;759.1;3;18,3
6;2;13;-14,4;760.1;3;21
6;2;16;-12,9;760.7;3;51,7
6;2;19;-15,2;761.5;2;68,5
6;2;22;-18,2;762.6;2;77,1
7;2;1;-20,4;763.9;2;63,6
7;2;4;-22,3;765.1;2;51,1
7;2;7;-23,6;766.1;2;25
7;2;10;-23,9;766.9;2;9,7
7;2;13;-19,7;767.8;2;8,3
7;2;16;-15,8;768.3;3;18,2
7;2;19;-16,9;768.7;2;33
7;2;22;-19,6;769.1;2;27
8;2;1;-20,2;769.0;2;22,1
8;2;4;-20,9;768.6;1;10,2
8;2;7;-22;767.9;1;0
8;2;10;-16,6;767.1;2;0
8;2;13;-14,2;766.9;3;10,1
8;2;16;-11,9;766.9;3;35
8;2;19;-12,7;767.2;2;72,6
8;2;22;-14,1;767.1;3;46
9;2;1;-12,9;766.6;3;17,9
9;2;4;-11,8;766.6;2;12
9;2;7;-11,7;766.2;2;0
9;2;10;-10,3;765.8;2;0
9;2;13;-7,3;765.8;2;1,6
9;2;16;-4,6;765.5;2;15,1
9;2;19;-5;765.5;2;14,6
9;2;22;-4,9;765.4;2;17
10;2;1;-4;765.5;2;21,6
10;2;4;-3,4;765.6;2;24,9
10;2;7;-3;765.3;2;22,7
10;2;10;-3,4;765.2;3;15,8
10;2;13;-2,1;764.4;3;14
10;2;16;-1,2;763.9;4;17,6
10;2;19;-2,9;764.4;4;39,1
10;2;22;-2,7;764.3;3;36,5
11;2;1;-2,2;764.2;3;28,9
11;2;4;-1,6;764.3;3;20,6
11;2;7;-2;764.2;2;10,6
11;2;10;-1,9;764.6;2;1,1
11;2;13;0;764.6;3;0
11;2;16;1,9;763.6;3;0
11;2;19;-0,4;763.6;3;0
11;2;22;-1;763.1;2;0
12;2;1;-2,8;763.0;4;2,8
12;2;4;-3,9;762.8;2;5,1
12;2;7;-3,6;762.2;2;7,3
12;2;10;-3,8;762.1;1;8,6
12;2;13;-2,7;761.9;3;20,9
12;2;16;-3;761.8;2;24,1
12;2;19;-4,4;762.2;3;35,9
12;2;22;-5,5;762.7;2;18,5
13;2;1;-5,7;762.4;2;18,7
13;2;4;-5,9;762.1;2;26,3
13;2;7;-6,7;761.2;1;31,5
13;2;10;-7,8;760.1;1;51,2
13;2;13;-6,5;758.8;3;66,1
13;2;16;-7,9;756.6;3;74,6
13;2;19;-8,4;754.6;3;66,4
13;2;22;-7,4;752.5;3;59,7
14;2;1;-6,3;750.0;2;59,4
14;2;4;-5,1;746.6;3;63,5
14;2;7;-4,5;742.4;4;54,1
14;2;10;-2,8;738.7;3;47,9
14;2;13;1,6;737.7;5;65,2
14;2;16;2,7;739.0;6;68,9
14;2;19;2,3;742.2;7;78,7
14;2;22;1,2;744.7;5;65
15;2;1;0;747.0;5;47,7
15;2;4;-1,1;748.5;3;51
15;2;7;-1,6;750.2;4;51
15;2;10;-1,8;752.3;4;35,6
15;2;13;-1,4;754.4;5;30,7
15;2;16;-1,1;755.2;4;27,6
15;2;19;-3,3;757.5;4;47,7
15;2;22;-4,6;758.8;3;32,5
16;2;1;-6,8;759.4;2;24,2
16;2;4;-8,9;760.3;2;16,5
16;2;7;-10,2;760.7;2;15,5
16;2;10;-9,9;760.6;2;8
16;2;13;-4,1;760.3;0;3,5
16;2;16;-2,9;758.8;1;5,1
16;2;19;-4,7;757.7;2;21,1
16;2;22;-7,9;756.8;2;25,8
17;2;1;-8,8;755.3;2;20,8
17;2;4;-9,7;753.2;2;22,9
17;2;7;-9,3;750.9;2;15,3
17;2;10;-7,4;748.9;4;10,6
17;2;13;-4,5;747.7;3;9,5
17;2;16;-4;746.3;4;9,7
17;2;19;-3,5;745.4;2;18,1
17;2;22;-3,2;744.7;3;17,1
18;2;1;-2,3;743.9;2;11,5
18;2;4;-1,6;743.3;2;9
18;2;7;-0,2;742.9;2;10,3
18;2;10;0,9;743.2;3;8,7
18;2;13;2,2;743.3;3;0,9
18;2;16;3;743.1;4;0
18;2;19;2,1;743.4;2;11,1
18;2;22;1,7;743.6;2;15,5
19;2;1;1,2;743.5;3;11
19;2;4;1,1;744.8;3;11,8
19;2;7;0,4;745.9;2;14,3
19;2;10;0,6;746.8;3;5
19;2;13;1,9;746.5;3;2,7
19;2;16;2,5;745.1;4;5,5
19;2;19;2,1;743.5;3;19,9
19;2;22;0,8;742.3;4;17,9
20;2;1;0,9;741.5;4;14,6
20;2;4;1,6;740.8;4;8,5
20;2;7;1,3;739.9;4;7,8
20;2;10;2,1;739.1;4;0,3
20;2;13;2,6;738.7;4;0
20;2;16;3,1;738.1;3;0
20;2;19;2,7;737.1;5;0,4
20;2;22;2,3;736.1;5;3,8
21;2;1;2,3;734.5;4;0
21;2;4;1,2;732.9;2;0
21;2;7;0,6;730.6;3;0
21;2;10;0,9;729.1;4;3,3
21;2;13;1,1;728.3;3;4,9
21;2;16;0,8;727.5;3;3
21;2;19;0,5;727.2;3;7,8
21;2;22;0,7;727.4;3;14,2
22;2;1;0,9;728.4;2;11,8
22;2;4;1;729.8;1;2,3
22;2;7;1;731.0;1;4,1
22;2;10;-0,7;733.0;3;2,2
22;2;13;-3,3;735.0;4;6,9
22;2;16;-3,9;736.0;3;8,9
22;2;19;-5,4;737.0;2;16,1
22;2;22;-6,5;736.9;2;16,3
23;2;1;-6,6;736.6;2;9,9
23;2;4;-6,5;735.5;2;10,6
23;2;7;-6,1;734.0;2;14,3
23;2;10;-4,5;732.4;3;13,5
23;2;13;-2,3;730.6;4;15,6
23;2;16;-1,1;728.9;3;16,1
23;2;19;-0,8;728.3;1;26
23;2;22;-0,7;728.8;0;19,2
24;2;1;-2,1;729.8;1;13,3
24;2;4;-1,8;730.8;2;18,3
24;2;7;-0,2;731.5;2;18,2
24;2;10;0,6;732.4;2;16,2
24;2;13;1,9;731.5;2;20,4
24;2;16;0,9;729.5;3;17
24;2;19;0,7;727.1;3;17,3
24;2;22;2,4;726.4;4;16,2
25;2;1;2,8;726.8;3;13,8
25;2;4;1,1;729.7;4;19
25;2;7;-1;732.7;4;17,2
25;2;10;-2;734.5;3;12,1
25;2;13;-0,9;735.2;3;7,2
25;2;16;1;735.5;4;11,5
25;2;19;-1,3;736.0;3;9,9
25;2;22;-1,7;737.0;3;10
26;2;1;-2;737.5;2;7,2
26;2;4;-3;738.6;4;6,1
26;2;7;-5,7;741.1;3;8,4
26;2;10;-4,8;742.0;2;7,5
26;2;13;-3,3;742.7;4;5,9
26;2;16;-0,7;742.0;3;9,1
26;2;19;-1,4;741.5;3;12
26;2;22;-1,9;740.9;2;11,9
27;2;1;-2,8;739.3;4;10
27;2;4;-2,2;737.7;3;10,7
27;2;7;-1,2;737.2;2;13,8
27;2;10;-0,3;737.6;2;14,4
27;2;13;1;738.3;2;22,3
27;2;16;2,3;739.6;1;18,9
27;2;19;1,2;741.7;2;17,8
27;2;22;0,6;744.5;2;16,3
28;2;1;-0,2;746.5;1;11,7
28;2;4;-0,8;748.5;2;11,6
28;2;7;-1,4;750.0;1;12,3
28;2;10;-1,2;751.3;1;7,3
28;2;13;1,6;751.8;2;5,1
28;2;16;2,3;751.4;3;6,3
28;2;19;1,5;750.8;2;10,9
28;2;22;1;750.2;2;15,8
1;3;1;1,5;749.6;3;13
1;3;4;2,1;748.6;3;5,4
1;3;7;2,3;747.2;3;3
1;3;10;2,6;747.1;5;1
1;3;13;3,3;747.1;3;0
1;3;16;5;746.4;3;0
1;3;19;3,4;745.9;4;0
1;3;22;2,7;745.8;2;0
2;3;1;3,4;745.6;2;0
2;3;4;2,9;745.3;3;0
2;3;7;2,9;744.6;2;0
2;3;10;2,6;743.9;3;0
2;3;13;2,6;743.3;3;0
2;3;16;2,9;742.4;3;0
2;3;19;1,9;742.5;3;7,9
2;3;22;1,3;742.6;3;25,3
3;3;1;0,5;743.2;2;17,1
3;3;4;0,9;743.7;1;13,9
3;3;7;0,7;743.5;1;12
3;3;10;0,9;743.0;2;2,5
3;3;13;2,2;742.4;2;0
3;3;16;4;741.0;4;4,2
3;3;19;3,3;741.0;3;41,1
3;3;22;3,1;741.5;4;40
4;3;1;2,4;742.6;3;32,8
4;3;4;1,5;744.6;2;41
4;3;7;1,2;746.4;2;44,7
4;3;10;1,5;747.6;2;42,5
4;3;13;3,7;748.3;3;51,6
4;3;16;4,8;748.7;3;48,9
4;3;19;3,9;749.2;3;60,5
4;3;22;2,7;749.8;2;53,6
5;3;1;1,6;750.0;3;61,4
5;3;4;0,7;749.4;2;65,7
5;3;7;0,7;747.8;3;67,2
5;3;10;2,2;746.8;3;68,9
5;3;13;4;745.9;4;85
5;3;16;4;745.0;3;90
5;3;19;3,2;745.0;3;90
5;3;22;2,6;745.3;1;90
6;3;1;1,7;745.2;0;89,5
6;3;4;1,4;745.0;1;83,8
6;3;7;1,2;745.2;1;65
6;3;10;0,5;745.9;2;25,5
6;3;13;-0,2;747.0;3;20
6;3;16;-0,9;748.3;3;26,4
6;3;19;-1,6;749.5;3;56
6;3;22;-1,6;750.2;2;45
7;3;1;-1,6;750.3;2;37,2
7;3;4;-1,4;750.9;2;39,7
7;3;7;-1,2;751.8;2;30,6
7;3;10;-0,5;752.8;2;17,8
7;3;13;0,4;753.8;3;26,8
7;3;16;1,3;754.6;2;22,4
7;3;19;1,6;755.3;3;17,6
7;3;22;0,9;756.4;2;9
8;3;1;-0,3;757.2;2;0
8;3;4;-1,2;757.9;3;1,1
8;3;7;-1,8;758.7;2;3,7
8;3;10;-0,7;759.6;1;2,2
8;3;13;1,7;760.2;2;7,7
8;3;16;5,2;760.2;2;9
8;3;19;5,1;760.0;1;29,8
8;3;22;1,7;760.2;1;38,9
9;3;1;1,6;760.2;1;29,2
9;3;4;1,2;760.2;1;22,3
9;3;7;-0,3;760.0;1;22,2
9;3;10;0;760.0;2;8,1
9;3;13;5,9;759.4;2;13,1
9;3;16;9,6;758.9;3;8,9
9;3;19;6,8;758.0;2;16,8
9;3;22;2,9;758.0;2;34,8
10;3;1;1,4;757.8;2;23,6
10;3;4;-0,3;757.4;1;20,3
10;3;7;-1,5;756.4;2;12,1
10;3;10;0,6;755.9;2;6,9
10;3;13;6,3;754.9;4;17,1
10;3;16;8,6;754.0;5;21,5
10;3;19;5,4;753.5;3;41,7
10;3;22;2,3;754.0;3;43,5
11;3;1;0,4;754.2;2;33,9
11;3;4;0;753.9;2;21,6
11;3;7;-0,7;754.0;2;30,1
11;3;10;1,3;754.8;3;42,8
11;3;13;5,7;754.7;1;48,7
11;3;16;6;754.4;1;66,2
11;3;19;5,8;754.1;1;75,6
11;3;22;3,4;755.0;0;70,8
12;3;1;1,2;755.3;2;50,7
12;3;4;-2,1;755.8;1;26,4
12;3;7;-3,3;756.3;1;11,9
12;3;10;-0,7;757.0;1;0
12;3;13;4,8;757.4;2;0
12;3;16;8,1;757.0;2;0
12;3;19;6;756.8;2;0
12;3;22;-0,4;757.2;1;11,3
13;3;1;-2,8;757.3;0;20,5
13;3;4;-4,2;757.3;1;21,6
13;3;7;-4,8;757.1;1;17,4
13;3;10;-2;757.6;0;4,7
13;3;13;3,4;757.3;1;9
13;3;16;5,9;756.8;1;3,4
13;3;19;4,6;756.4;1;0
13;3;22;0,1;756.7;0;6,8
14;3;1;-2;756.7;0;8,7
14;3;4;-4;756.9;0;11,7
14;3;7;-4,7;756.9;0;7,1
14;3;10;-0,4;757.5;1;4,4
14;3;13;6,7;757.5;1;7,5
14;3;16;8,8;757.0;1;14,7
14;3;19;6,9;756.4;1;22,8
14;3;22;-0,4;756.3;0;18,4
15;3;1;-2,4;755.7;1;15,4
15;3;4;-2,7;754.6;1;22
15;3;7;-2,3;753.2;2;18,9
15;3;10;0,7;751.8;2;21,4
15;3;13;6,9;750.0;4;52
15;3;16;9,3;748.1;5;56,2
15;3;19;7,8;747.0;4;71,4
15;3;22;5;746.2;3;68,8
16;3;1;3,9;745.6;2;73,2
16;3;4;1,9;744.7;2;86,2
16;3;7;1,4;743.8;1;86
16;3;10;1,1;744.0;1;85,9
16;3;13;2;744.2;1;85,3
16;3;16;2;744.6;1;77,8
16;3;19;1,7;745.5;1;75,3
16;3;22;0,8;746.7;1;68,5
17;3;1;0,4;747.3;1;56
17;3;4;0,4;747.8;1;49,5
17;3;7;0,5;748.0;1;55,2
17;3;10;0,8;748.6;1;56,8
17;3;13;2;748.5;1;55,1
17;3;16;2,9;748.0;1;48,7
17;3;19;2,4;747.3;1;42,3
17;3;22;2;746.7;2;32,6
18;3;1;1,5;745.9;1;26,8
18;3;4;1,1;745.5;2;21,3
18;3;7;-0,1;744.8;3;16,8
18;3;10;1,3;744.4;2;1,7
18;3;13;3,1;743.9;4;0
18;3;16;4,8;742.9;3;1,8
18;3;19;4,4;742.1;4;9,9
18;3;22;2;742.6;3;14,5
19;3;1;1,4;741.9;4;15
19;3;4;2,2;741.5;4;13,6
19;3;7;1,4;740.8;3;14,2
19;3;10;1,8;740.5;3;11,8
19;3;13;2,2;740.5;3;8,5
19;3;16;2,8;740.8;2;6
19;3;19;2,6;741.0;2;2,2
19;3;22;2,1;741.4;2;0
20;3;1;1,7;741.3;1;0
20;3;4;1,8;741.0;2;0
20;3;7;1,4;740.9;2;0
20;3;10;1,6;741.7;2;0
20;3;13;3,2;742.3;1;0,2
20;3;16;4,2;742.7;2;1,7
20;3;19;4,1;743.6;1;4,2
20;3;22;3;744.4;2;4,8
21;3;1;2,9;744.4;1;4,7
21;3;4;3;744.9;1;2,7
21;3;7;2,9;745.4;1;0
21;3;10;3,5;746.0;1;0
21;3;13;4;746.8;1;0
21;3;16;4,5;747.3;2;0
21;3;19;4,9;747.9;2;0
21;3;22;3,8;749.1;2;0
22;3;1;0,5;749.5;1;1,2
22;3;4;1,8;750.1;2;0,4
22;3;7;0,8;750.5;1;0
22;3;10;2,3;751.1;2;3,9
22;3;13;6,1;751.1;3;18,4
22;3;16;9,2;750.5;5;20,2
22;3;19;8,5;750.3;3;23,8
22;3;22;6,7;750.1;2;28,3
23;3;1;5,8;749.6;1;28,8
23;3;4;5,6;749.2;2;43,6
23;3;7;0,5;750.7;2;30
23;3;10;2,3;751.9;2;24,2
23;3;13;8,2;752.8;3;28,3
23;3;16;9,9;752.7;3;51,9
23;3;19;8,4;753.1;2;43,7
23;3;22;3,6;754.1;1;47,6
24;3;1;0,4;754.9;1;88,4
24;3;4;-1,8;754.9;1;51,7
24;3;7;-1,4;754.6;2;17
24;3;10;1,8;753.5;2;7,1
24;3;13;6,6;752.0;3;20,6
24;3;16;8,5;749.4;2;90
24;3;19;6,5;747.7;3;90
24;3;22;0,3;748.0;3;90
25;3;1;0,7;747.1;2;72,2
25;3;4;-1,2;747.1;3;40,3
25;3;7;-2,7;747.3;3;89,1
25;3;10;-1;747.4;3;90
25;3;13;-0,2;747.5;3;89,1
25;3;16;2,2;746.9;2;69,1
25;3;19;3,3;746.5;2;53,6
25;3;22;0,9;747.3;1;50,1
26;3;1;-0,1;747.7;2;27,7
26;3;4;-1,3;748.3;2;20,8
26;3;7;-3,3;749.0;1;38,7
26;3;10;1,6;749.9;1;78,9
26;3;13;5,4;749.3;2;69,4
26;3;16;6,8;747.7;3;45,5
26;3;19;4,6;745.2;2;43,1
26;3;22;3;742.4;3;62
27;3;1;-0,5;738.5;4;67,5
27;3;4;-0,5;732.9;4;37
27;3;7;-0,1;729.7;3;32,8
27;3;10;0,6;730.6;4;12,8
27;3;13;2,4;733.3;6;35,3
27;3;16;2,6;735.5;5;37
27;3;19;0,8;737.4;4;41,3
27;3;22;0,8;737.8;3;57,2
28;3;1;0,8;736.2;2;59,2
28;3;4;-0,6;733.3;2;47,2
28;3;7;-0,4;729.7;3;51,4
28;3;10;1,5;728.6;3;35,1
28;3;13;1,1;731.4;5;58,7
28;3;16;1,1;735.3;6;73,2
28;3;19;2,1;737.8;5;79,6
28;3;22;-1;740.5;3;67,3
29;3;1;-2,1;741.0;2;56,7
29;3;4;-2,4;740.8;2;44,1
29;3;7;-3,3;742.5;5;36,1
29;3;10;-2,3;744.8;4;22,5
29;3;13;0,6;745.6;5;46,2
29;3;16;0,1;745.6;3;38,2
29;3;19;0,3;745.4;3;35,9
29;3;22;-2,7;745.6;1;32,2
30;3;1;-3,3;745.4;1;10,5
30;3;4;-3,1;745.6;;12,8
30;3;7;-4,8;746.5;2;16,4
30;3;10;-2,2;747.7;;17,6
30;3;13;-0,4;748.9;4;76,3
30;3;16;-0,1;750.3;6;84,5
30;3;19;-1,4;752.5;4;82
30;3;22;-3,9;754.2;1;89,5
31;3;1;-3,3;755.0;3;89,3
31;3;4;-4,7;755.8;2;81,9
31;3;7;-7,2;756.2;1;56,1
31;3;10;-0,7;755.8;2;45,5
31;3;13;2,2;754.4;2;31
31;3;16;0,3;752.8;3;20,8
31;3;19;-0,6;750.7;2;13,6
31;3;22;-0,6;750.1;3;9
1;4;1;-0,7;750.1;1;2,8
1;4;4;-0,2;750.8;2;4,3
1;4;7;-3,1;752.9;2;5,9
1;4;10;-2,1;755.2;2;0
1;4;13;0,8;756.5;1;6,6
1;4;16;4,1;756.4;1;8,9
1;4;19;3,4;755.3;3;16,5
1;4;22;-0,2;754.8;2;33,2
2;4;1;0,9;753.6;5;25,3
2;4;4;0,8;751.4;5;23,2
2;4;7;0,3;748.8;5;25,8
2;4;10;1,6;747.8;3;16,7
2;4;13;3,5;747.5;3;12,1
2;4;16;5,6;747.4;2;14,9
2;4;19;7,1;747.8;2;15,8
2;4;22;6,3;748.9;0;18,5
3;4;1;1,7;749.0;0;13,9
3;4;4;1,8;749.2;0;22,5
3;4;7;2,3;749.8;1;27,7
3;4;10;4,2;749.8;2;17,2
3;4;13;3,9;750.2;2;28,3
3;4;16;3,5;750.8;2;38,1
3;4;19;1;752.0;2;47,9
3;4;22;0,3;754.1;;40,4
4;4;1;0,4;755.5;2;35
4;4;4;0,3;756.6;1;29,5
4;4;7;-0,2;757.6;2;26,5
4;4;10;1,8;759.1;2;4,4
4;4;13;5,7;759.7;1;7,6
4;4;16;7,5;759.6;3;26,4
4;4;19;5,8;759.1;2;35,8
4;4;22;4,6;758.8;2;36,6
5;4;1;4,1;758.5;1;48,7
5;4;4;3,7;757.7;;25,3
5;4;7;3,4;756.4;3;21,8
5;4;10;4,8;755.5;;4,9
5;4;13;6;754.3;3;9,6
5;4;16;9,2;752.2;4;15,3
5;4;19;10,8;749.7;4;10,8
5;4;22;8,5;748.6;3;7,7
6;4;1;7,7;747.8;4;7,7
6;4;4;5,9;746.6;2;0
6;4;7;7,3;745.9;2;0
6;4;10;8,3;745.5;3;0
6;4;13;12,7;745.0;4;0
6;4;16;17,2;743.4;6;0
6;4;19;16,1;742.3;3;0
6;4;22;12,3;743.0;;0,8
7;4;1;11,1;743.0;4;0,8
7;4;4;9,8;743.2;3;0
7;4;7;7,2;742.8;2;3,5
7;4;10;8,9;743.0;1;0
7;4;13;10,4;743.2;2;1,9
7;4;16;11,6;742.6;2;2,7
7;4;19;11,4;742.3;2;2,4
7;4;22;7,5;742.3;1;4,6
8;4;1;3,5;741.3;0;3,9
8;4;4;1,6;740.5;0;5,5
8;4;7;-0,4;740.5;0;8,4
8;4;10;7,3;740.4;1;13,2
8;4;13;9,7;741.4;4;7,5
8;4;16;6,2;742.6;2;3,4
8;4;19;4,7;743.8;4;4,1
8;4;22;4,5;745.4;1;4,6
9;4;1;4,4;746.6;3;2
9;4;4;1,3;748.6;3;0
9;4;7;-0,6;750.6;3;15,7
9;4;10;1;752.4;4;56,5
9;4;13;5,3;753.1;3;56,8
9;4;16;7,6;753.0;;38
9;4;19;7,8;752.8;2;27,2
9;4;22;2,9;752.8;;13,7
10;4;1;2,2;752.2;2;13
10;4;4;1,7;751.6;2;15,8
10;4;7;0,8;751.1;2;14,3
10;4;10;5,7;750.7;2;10,6
10;4;13;9,2;749.8;3;15,8
10;4;16;8,7;749.2;2;27,1
10;4;19;9,3;748.2;2;32,6
10;4;22;7,6;747.3;2;30,5
11;4;1;4,7;746.2;1;27,9
11;4;4;4,7;745.3;;25,5
11;4;7;4,5;744.1;3;24,8
11;4;10;10,4;743.1;4;30,8
11;4;13;15,9;742.0;5;16,2
11;4;16;18,5;740.5;5;14,3
11;4;19;17,6;739.3;5;5
11;4;22;14,2;739.3;3;7,7
12;4;1;9,1;740.2;3;7,3
12;4;4;6,7;739.9;2;1,3
12;4;7;5,6;739.9;2;0
12;4;10;7,9;739.6;3;0
12;4;13;2,5;739.8;4;0
12;4;16;6;740.0;6;0
12;4;19;6;739.9;2;0
12;4;22;2,4;741.1;;0
13;4;1;1;742.2;2;0
13;4;4;0;741.8;2;0
13;4;7;1,5;741.1;2;0
13;4;10;3,5;740.0;3;0
13;4;13;5,2;739.5;3;0
13;4;16;5,5;738.9;4;0
13;4;19;5,5;738.3;4;0
13;4;22;5,4;737.6;3;0
14;4;1;5,9;736.8;3;0
14;4;4;6;736.3;2;0
14;4;7;6;735.7;3;0
14;4;10;7,7;736.0;3;0
14;4;13;7,5;737.2;3;0
14;4;16;6,5;737.4;4;3
14;4;19;2,4;738.4;3;9,6
14;4;22;1,2;739.1;4;15,8
15;4;1;0,6;738.7;3;13
15;4;4;-1,4;738.8;2;13,5
15;4;7;-2,3;739.1;3;12,7
15;4;10;-0,3;739.1;3;10,4
15;4;13;1;739.6;4;10,7
15;4;16;2,3;740.2;4;8,8
15;4;19;2,3;740.5;3;3,6
15;4;22;-0,6;741.0;1;2
16;4;1;-1,7;741.5;1;1,2
16;4;4;-3;741.9;0;1,3
16;4;7;-3,8;742.3;0;0
16;4;10;2;742.2;1;0
16;4;13;5,6;741.1;2;0
16;4;16;4,4;739.9;4;0
16;4;19;1,6;738.1;3;0
16;4;22;2;737.6;2;6,4
17;4;1;2,3;737.4;1;12,2
17;4;4;2,2;736.3;;7,3
17;4;7;1;737.3;3;1,5
17;4;10;-1,6;740.6;;0
17;4;13;-1,2;743.8;4;8,4
17;4;16;0,2;746.2;2;10
17;4;19;0,2;747.7;3;15,8
17;4;22;-1,5;749.2;1;35,6
18;4;1;-3,9;750.3;1;43,9
18;4;4;-4,5;751.1;1;33,8
18;4;7;-5;752.3;1;51,4
18;4;10;0,6;753.6;2;65,5
18;4;13;2,1;754.4;2;90
18;4;16;2,5;755.0;2;90
18;4;19;1,9;755.7;3;71,4
18;4;22;-0,5;757.0;;72,1
19;4;1;-0,9;757.0;2;59,4
19;4;4;-2,6;757.1;1;47,8
19;4;7;-3,1;757.3;2;42
19;4;10;-0,1;757.3;2;76,9
19;4;13;2,8;757.0;5;88,6
19;4;16;2,7;756.7;5;90
19;4;19;2,6;756.6;5;59,9
19;4;22;0,7;756.6;;50
20;4;1;-0,7;756.3;2;33,3
20;4;4;-1,3;756.0;3;31
20;4;7;-1,8;755.6;3;36,3
20;4;10;1,3;755.3;5;48
20;4;13;4,1;754.6;5;45,9
20;4;16;4,8;753.9;5;48,3
20;4;19;4,8;753.4;4;17,4
20;4;22;1,6;753.7;1;6,5
21;4;1;-2,3;753.1;1;0
21;4;4;-3,8;752.5;1;0
21;4;7;-2,9;751.6;2;0
21;4;10;3,5;750.4;3;0
21;4;13;5,9;748.1;4;0
21;4;16;7,7;745.6;6;7,6
21;4;19;7,4;743.0;3;12,7
21;4;22;6,4;741.7;3;23,8
22;4;1;4,6;739.5;1;22,9
22;4;4;4,2;738.0;2;24,2
22;4;7;3,7;737.1;2;15
22;4;10;6,3;736.2;2;8
22;4;13;8,1;735.3;3;24,7
22;4;16;9,9;733.4;4;27,9
22;4;19;6,4;732.0;3;9,1
22;4;22;5,1;732.6;3;1,7
23;4;1;4,2;733.9;4;4,5
23;4;4;2,3;734.7;2;1,9
23;4;7;2,3;735.4;3;0
23;4;10;4,8;736.6;4;0
23;4;13;5,4;738.1;5;0
23;4;16;8,6;739.2;4;0
23;4;19;8,1;740.7;3;0
23;4;22;4,9;742.3;1;0
24;4;1;0,6;743.2;1;0
24;4;4;-2,2;743.2;0;8,7
24;4;7;-1,1;743.0;0;6,4
24;4;10;6;743.3;1;1,8
24;4;13;7,8;743.2;3;4,4
24;4;16;8;742.6;1;8,9
24;4;19;5,3;743.2;3;7,8
24;4;22;4,3;744.4;2;0
25;4;1;2,3;745.0;2;0
25;4;4;-0,5;745.8;1;9
25;4;7;0,1;747.1;1;9,9
25;4;10;7,7;748.5;2;3,4
25;4;13;9,6;749.1;2;16,2
25;4;16;10,2;749.3;4;13
25;4;19;10,3;749.7;2;6,2
25;4;22;5,1;750.5;1;15,1
26;4;1;3,1;750.7;1;18,5
26;4;4;1,5;750.5;1;7,2
26;4;7;3,5;749.5;2;2,1
26;4;10;9,9;748.3;5;0,6
26;4;13;13,4;747.1;7;0
26;4;16;17,7;745.3;8;0
26;4;19;18,5;744.3;7;3,9
26;4;22;10,9;746.5;1;23,8
27;4;1;8,5;747.4;0;25,6
27;4;4;7,7;747.8;2;15,5
27;4;7;3,9;748.7;2;6,3
27;4;10;4,2;749.2;1;1
27;4;13;6,1;749.5;1;1
27;4;16;8;748.9;0;0
27;4;19;7,5;748.3;2;6,7
27;4;22;5,6;749.8;1;19,7
28;4;1;5,1;750.7;2;18,4
28;4;4;4,2;751.0;2;9,7
28;4;7;3,6;751.8;2;5,3
28;4;10;3,8;753.7;2;0
28;4;13;5,9;754.4;2;0
28;4;16;6,3;754.9;2;0
28;4;19;6;754.8;2;1,5
28;4;22;6;754.3;4;12,5
29;4;1;5,8;753.7;2;8,6
29;4;4;5,8;752.8;3;6,6
29;4;7;5,5;752.5;2;0,3
29;4;10;11,2;752.2;2;1
29;4;13;21;751.6;4;0,6
29;4;16;22,8;751.0;3;0,6
29;4;19;22,1;751.3;5;6,6
29;4;22;16;752.4;2;18,3
30;4;1;12,6;752.8;1;12,2
30;4;4;9,8;753.2;1;5,7
30;4;7;9,7;753.7;1;0,6
30;4;10;18,7;753.9;2;2,3
30;4;13;22,6;753.7;4;0
30;4;16;23,7;753.4;4;0
30;4;19;23,2;753.0;5;8,6
30;4;22;18,1;753.7;1;29,3
1;5;1;14,9;754.1;1;25,6
1;5;4;12,6;755.0;1;16,7
1;5;7;12,8;755.7;1;8,5
1;5;10;18,6;756.4;3;1,2
1;5;13;23,1;756.1;4;1,5
1;5;16;23,8;755.1;4;4,9
1;5;19;23,2;754.0;3;9,7
1;5;22;15,5;753.7;0;16,8
2;5;1;15;753.1;2;10
2;5;4;15,7;752.5;2;10,1
2;5;7;13,8;751.8;1;0,9
2;5;10;20,4;751.3;3;0
2;5;13;24;750.4;4;0
2;5;16;24,8;749.2;3;0
2;5;19;23,6;748.3;1;0
2;5;22;16,1;750.1;3;12,3
3;5;1;10,9;751.2;3;17,2
3;5;4;7,2;751.9;4;16,5
3;5;7;6,2;752.5;4;13,8
3;5;10;11,8;753.3;4;9,9
3;5;13;14,4;753.7;5;8,1
3;5;16;15,9;754.0;5;1,1
3;5;19;14,6;754.4;3;0
3;5;22;10,4;755.7;2;3,5
4;5;1;6,5;756.6;1;3,2
4;5;4;3,9;757.0;2;3,8
4;5;7;3,6;757.6;3;4,9
4;5;10;9;758.2;3;0,4
4;5;13;9,8;758.1;4;0
4;5;16;10,8;758.0;4;0
4;5;19;11;757.4;4;0
4;5;22;6,8;758.5;2;33,9
5;5;1;3,3;758.8;1;15,2
5;5;4;-0,2;758.7;0;10,2
5;5;7;0,4;758.5;1;2,4
5;5;10;8,9;757.6;2;6,1
5;5;13;12,4;755.2;4;2,6
5;5;16;14,6;752.8;4;1,3
5;5;19;15,1;750.1;2;8,1
5;5;22;12,3;748.6;1;27,6
6;5;1;11,3;747.2;1;13,1
6;5;4;9,8;745.7;1;12,9
6;5;7;9,1;745.0;2;4,5
6;5;10;10,9;744.2;2;9,3
6;5;13;16,2;742.8;4;11,9
6;5;16;20,1;740.8;4;17
6;5;19;17,9;740.3;4;15,4
6;5;22;10,4;742.6;4;20,6
7;5;1;5,9;744.5;3;19
7;5;4;2,5;745.4;1;18,3
7;5;7;2;746.5;1;15,3
7;5;10;6,1;746.9;1;17,6
7;5;13;8,7;746.2;3;18,8
7;5;16;10,1;745.3;2;14,3
7;5;19;9,7;744.4;3;24,7
7;5;22;7,8;743.8;0;18,4
8;5;1;6,6;743.1;1;11,3
8;5;4;4,4;742.5;2;7,8
8;5;7;1,8;741.4;3;0
8;5;10;3,2;740.4;3;0
8;5;13;2,4;739.8;3;0
8;5;16;2,3;739.7;3;0
8;5;19;1,4;739.0;3;0,4
8;5;22;1,7;738.6;3;0,5
9;5;1;1,7;737.2;3;8,1
9;5;4;1,5;735.7;3;21,1
9;5;7;0,4;735.1;2;15,3
9;5;10;2,5;735.3;4;34,4
9;5;13;3,1;736.6;3;24,8
9;5;16;4,1;737.8;3;22,3
9;5;19;3,8;739.2;3;18,9
9;5;22;2,4;740.3;1;30,7
10;5;1;-0,2;740.5;0;22
10;5;4;-1,3;740.3;0;16,2
10;5;7;0;740.1;1;3,3
10;5;10;0,8;740.3;1;4
10;5;13;6,2;740.4;1;5
10;5;16;9,1;740.4;3;4,8
10;5;19;8,4;740.2;3;6,6
10;5;22;4,1;740.9;1;13,1
11;5;1;2,7;741.2;3;16,3
11;5;4;2,2;742.0;3;18,4
11;5;7;1,1;742.8;1;7,5
11;5;10;6,8;743.1;2;15
11;5;13;7,3;743.4;3;11,8
11;5;16;5;744.1;1;12
11;5;19;4,4;744.3;1;14,2
11;5;22;2,3;743.2;2;27,7
12;5;1;0,9;743.1;2;13,4
12;5;4;1;744.1;2;1,4
12;5;7;1,2;745.8;2;0
12;5;10;5,8;747.6;4;0
12;5;13;6,9;748.7;3;0
12;5;16;8,4;749.2;4;0,1
12;5;19;6,5;750.1;2;0
12;5;22;2,9;750.7;1;0
13;5;1;0,6;751.3;1;13
13;5;4;0,1;751.9;2;17,9
13;5;7;3,1;752.5;1;37,8
13;5;10;8,6;753.2;2;24,8
13;5;13;11,4;753.4;3;9,7
13;5;16;11,9;753.3;3;1,8
13;5;19;12,1;752.9;1;2,3
13;5;22;7,1;753.2;1;15,4
14;5;1;2,7;753.7;0;33,5
14;5;4;0,9;754.2;1;30,2
14;5;7;2;754.9;1;26,4
14;5;10;10,8;755.8;3;55,6
14;5;13;13,3;755.7;2;46,2
14;5;16;14,2;755.9;3;18,6
14;5;19;13,9;755.9;3;6,2
14;5;22;9,3;757.0;1;16,6
15;5;1;4,9;758.2;1;19,2
15;5;4;1,7;758.7;1;17,4
15;5;7;3,5;759.4;0;10,7
15;5;10;10,8;759.7;1;42,9
15;5;13;14;759.0;1;52,1
15;5;16;15,5;757.3;2;35
15;5;19;15,4;755.6;3;15,6
15;5;22;12,5;755.0;2;9
16;5;1;11,8;754.2;2;8,2
16;5;4;10,4;752.7;3;18,8
16;5;7;10,1;751.1;3;10,9
16;5;10;11,3;750.1;2;13,7
16;5;13;8,8;750.6;2;4
16;5;16;8,6;751.4;3;0
16;5;19;7,1;751.8;3;0
16;5;22;5,6;752.4;3;3,7
17;5;1;5,6;752.1;3;9,2
17;5;4;4,9;752.2;4;6,8
17;5;7;4,1;752.8;4;2,6
17;5;10;4,6;753.1;4;6
17;5;13;5,9;753.4;4;5,7
17;5;16;6,4;754.0;3;13,2
17;5;19;7;754.0;3;7
17;5;22;6,8;754.3;1;10,6
18;5;1;6;753.4;2;11,7
18;5;4;5,1;752.8;3;11,1
18;5;7;5;753.0;2;6,5
18;5;10;7,1;753.5;2;59,2
18;5;13;11,7;753.5;2;85,5
18;5;16;16,5;752.8;2;74,8
18;5;19;17,4;752.2;3;78,5
18;5;22;12,2;752.5;1;51,7
19;5;1;6,8;752.5;1;24,4
19;5;4;6,5;752.2;1;27,7
19;5;7;9,2;751.9;1;8,8
19;5;10;16,4;752.0;2;11,2
19;5;13;18,4;751.9;2;8,1
19;5;16;19,5;751.2;2;3,4
19;5;19;19,9;750.6;2;0
19;5;22;14,2;750.7;1;0
20;5;1;9,2;750.7;0;1,4
20;5;4;7;750.2;0;8,7
20;5;7;8,8;749.5;1;1,7
20;5;10;17,5;749.3;1;8,9
20;5;13;22,3;748.5;3;10,5
20;5;16;22,2;747.2;3;7,8
20;5;19;22;745.8;2;6,5
20;5;22;17,6;745.0;1;21,3
21;5;1;16,8;744.2;1;17,4
21;5;4;14,7;743.5;1;1,7
21;5;7;13,5;743.5;4;0
21;5;10;10;744.1;4;0
21;5;13;10,6;744.8;4;0
21;5;16;11,2;745.1;4;0
21;5;19;11,3;745.0;3;0
21;5;22;8,3;745.9;2;0
22;5;1;6,3;746.5;2;0
22;5;4;4,5;746.5;2;0
22;5;7;5,1;747.1;2;0
22;5;10;10,4;747.8;2;2,9
22;5;13;12,4;747.7;3;3
22;5;16;14,2;747.2;4;5,8
22;5;19;14,1;746.9;3;10,2
22;5;22;9,9;747.4;1;22,9
23;5;1;3,6;747.6;0;5,2
23;5;4;2,3;747.6;0;0,9
23;5;7;5,4;747.6;0;0
23;5;10;14,4;747.2;2;0
23;5;13;16,2;746.8;3;0
23;5;16;17,2;746.3;2;0
23;5;19;18,8;745.7;2;0
23;5;22;15,6;746.1;1;22,4
24;5;1;11,5;746.0;2;30,7
24;5;4;9,5;746.2;1;11,8
24;5;7;10,8;746.7;1;44,2
24;5;10;18,9;747.1;1;26,4
24;5;13;22,1;747.1;2;17,7
24;5;16;23,5;746.9;3;11,1
24;5;19;22,5;746.5;1;5,3
24;5;22;16,6;747.3;1;0
25;5;1;13,7;747.2;1;0
25;5;4;12,1;746.8;1;0
25;5;7;12,8;747.0;1;0
25;5;10;19;746.9;4;3,6
25;5;13;22,4;746.1;4;10,7
25;5;16;18,5;745.9;3;15,4
25;5;19;17,9;746.3;4;12,9
25;5;22;14,7;746.2;1;18,4
26;5;1;12,1;746.5;1;75,3
26;5;4;12;746.2;0;14,9
26;5;7;12,6;746.5;1;31,4
26;5;10;13,9;746.4;2;33,8
26;5;13;18,5;746.0;2;28,6
26;5;16;20;744.8;3;20,9
26;5;19;19,7;744.0;2;17,7
26;5;22;14,5;744.7;2;25,8
27;5;1;12,1;745.3;1;26,8
27;5;4;10,3;745.9;2;29,6
27;5;7;9,8;746.5;3;17,2
27;5;10;12,3;747.4;3;59,1
27;5;13;15,8;748.0;4;61,9
27;5;16;17,3;748.0;3;33,9
27;5;19;14,6;748.8;4;7,5
27;5;22;10,6;749.4;1;4
28;5;1;6,6;749.4;0;0
28;5;4;7,5;749.2;0;0
28;5;7;6,7;748.6;2;0
28;5;10;5,4;749.5;3;0
28;5;13;8,4;750.4;2;0
28;5;16;11,9;750.7;2;0
28;5;19;13;750.7;3;0
28;5;22;7,2;751.0;0;6,5
29;5;1;6,6;750.4;2;19,5
29;5;4;6,4;747.7;3;14,5
29;5;7;7,8;744.8;3;3,1
29;5;10;14,6;742.4;4;4,2
29;5;13;22,1;740.5;4;5,6
29;5;16;20,9;738.4;3;4,6
29;5;19;14,9;739.9;2;0
29;5;22;14,4;739.6;1;0
30;5;1;12,5;739.6;1;10,1
30;5;4;11;740.5;1;20,1
30;5;7;13,1;741.3;2;12,7
30;5;10;13,4;742.7;3;17,8
30;5;13;15,5;743.8;2;42,6
30;5;16;15,8;744.7;4;43,9
30;5;19;16,3;744.8;3;21,9
30;5;22;12,2;746.2;1;17,2
31;5;1;6,9;746.8;1;14,3
31;5;4;3,4;747.0;0;9,1
31;5;7;6,4;746.9;1;0,2
31;5;10;13,6;745.5;3;0,2
31;5;13;14,4;744.2;3;0,2
31;5;16;17,8;742.1;3;0
31;5;19;18,4;739.3;3;0,8
31;5;22;16,4;737.8;2;17,4
1;6;1;15,3;736.0;2;15,4
1;6;4;14,8;733.9;2;6,1
1;6;7;14;734.1;3;0
1;6;10;13,1;735.1;3;0
1;6;13;14,6;736.8;4;0
1;6;16;16,8;737.3;2;0
1;6;19;13,4;738.4;2;0
1;6;22;10,7;739.5;2;0,9
2;6;1;9,2;739.5;1;7,8
2;6;4;6,4;738.5;1;2,2
2;6;7;5,7;737.8;2;0
2;6;10;7,1;738.1;3;0
2;6;13;6,9;738.5;2;0
2;6;16;8,7;739.0;3;0
2;6;19;8,8;739.0;4;0
2;6;22;5,4;739.2;;0
3;6;1;4,3;739.0;1;1,6
3;6;4;4;739.0;2;6,4
3;6;7;3,9;739.8;2;4,9
3;6;10;6,1;741.4;;12
3;6;13;9;742.3;3;26,2
3;6;16;11;742.9;3;43,5
3;6;19;10;744.1;3;44,7
3;6;22;6;745.0;1;48
4;6;1;4,9;745.4;2;39,5
4;6;4;5;746.1;2;30,4
4;6;7;5,4;747.1;3;58
4;6;10;6,6;747.9;2;63,3
4;6;13;8,5;748.3;3;83,4
4;6;16;11,8;748.3;2;86,3
4;6;19;13,1;747.5;3;60,9
4;6;22;10,6;747.7;2;46,9
5;6;1;9,3;749.0;1;38,1
5;6;4;4;749.9;0;34,6
5;6;7;6,6;750.7;1;26,8
5;6;10;12,9;750.3;3;61,1
5;6;13;15,1;749.1;3;52,1
5;6;16;11,2;747.1;3;55,2
5;6;19;10,6;744.7;4;40,3
5;6;22;11,1;744.1;1;41,2
6;6;1;12,3;744.2;1;34,5
6;6;4;12,7;745.0;2;29,3
6;6;7;12,1;746.1;2;17,4
6;6;10;13;747.5;3;25,7
6;6;13;12,7;749.1;3;20,1
6;6;16;13,7;750.0;3;19,1
6;6;19;13,1;750.7;2;14,7
6;6;22;12;751.0;1;17,2
7;6;1;9,6;751.3;1;17,8
7;6;4;8,3;751.3;0;15,6
7;6;7;11;751.8;2;3,7
7;6;10;16,3;751.6;2;18,4
7;6;13;17,8;751.0;2;21,2
7;6;16;20,9;750.1;2;24,8
7;6;19;21,2;749.3;2;10,4
7;6;22;16,9;749.3;1;2
8;6;1;11,1;749.2;2;0
8;6;4;8,6;748.9;1;6
8;6;7;13,4;749.1;1;1,9
8;6;10;18,7;748.9;1;7,1
8;6;13;22,2;748.4;1;7,3
8;6;16;20,4;748.6;2;11,2
8;6;19;20,1;748.6;3;8,5
8;6;22;16;749.7;3;8,7
9;6;1;11,4;750.7;1;8,6
9;6;4;9;751.2;1;11,5
9;6;7;10,8;751.5;3;5,5
9;6;10;15,9;752.0;2;7,8
9;6;13;18,6;751.8;3;5,2
9;6;16;19,8;751.5;2;1,3
9;6;19;19,2;751.0;1;0
9;6;22;15;750.8;0;0
10;6;1;12,4;750.9;1;3
10;6;4;11,2;750.7;1;7,3
10;6;7;13,2;750.6;1;0
10;6;10;17,9;750.4;1;3,2
10;6;13;20,4;750.1;2;0
10;6;16;21,2;749.3;1;0
10;6;19;20,1;748.7;2;4,4
10;6;22;15,4;748.9;1;10,4
11;6;1;13,6;748.6;1;8
11;6;4;12,2;748.5;2;8
11;6;7;13,9;748.4;1;0
11;6;10;18,1;748.2;1;2,3
11;6;13;20,6;747.4;2;3,7
11;6;16;21,1;746.7;2;5,3
11;6;19;20,3;745.8;1;16,4
11;6;22;17,8;745.6;1;21,6
12;6;1;12,9;745.0;0;12
12;6;4;10,9;744.6;1;7,4
12;6;7;11,7;744.3;1;0
12;6;10;20,5;743.8;2;0
12;6;13;21,7;743.0;2;0
12;6;16;22,6;742.1;4;0,8
12;6;19;21,8;741.0;2;6,7
12;6;22;19,3;740.5;2;9,9
13;6;1;16,1;739.6;2;6,5
13;6;4;15;738.1;1;0
13;6;7;15,1;736.7;2;0
13;6;10;14,9;735.3;2;0
13;6;13;15,5;733.5;3;0,2
13;6;16;15,3;732.4;2;1,1
13;6;19;14;733.0;2;0
13;6;22;13,2;733.1;3;9,1
14;6;1;12,1;733.2;2;6,7
14;6;4;11,6;733.0;2;3,5
14;6;7;11,8;733.0;1;1,7
14;6;10;13,1;733.2;2;0,6
14;6;13;15,4;733.3;3;0
14;6;16;14,9;733.6;2;0
14;6;19;15,7;733.9;3;0
14;6;22;11,6;735.4;3;0
15;6;1;9,8;736.3;3;5,7
15;6;4;8,1;736.4;2;12,3
15;6;7;8,6;736.9;1;9,1
15;6;10;9,3;737.5;2;13,3
15;6;13;10;739.1;2;8,6
15;6;16;10,7;740.5;3;4,7
15;6;19;10,6;741.3;2;0
15;6;22;10;741.8;2;0
16;6;1;10;741.7;3;7,1
16;6;4;9,9;741.6;3;15,9
16;6;7;9,5;741.6;3;9,1
16;6;10;10,8;741.7;2;5,8
16;6;13;11,5;742.2;2;13,1
16;6;16;13;742.6;3;23,5
16;6;19;14,4;742.6;2;18,3
16;6;22;12,7;742.8;2;18,6
17;6;1;12,3;743.0;2;15,7
17;6;4;11,2;743.0;2;10,8
17;6;7;11,2;743.5;2;10,9
17;6;10;13,7;743.7;3;20,5
17;6;13;16,6;744.0;2;32,8
17;6;16;15,5;744.1;1;37,2
17;6;19;19,6;744.4;3;16,9
17;6;22;16;745.0;2;6,7
18;6;1;14,1;745.2;2;0
18;6;4;12,1;745.6;1;0
18;6;7;14,7;745.8;2;0
18;6;10;21;745.9;3;1,9
18;6;13;24,6;745.9;4;15,2
18;6;16;24,7;745.6;4;11,3
18;6;19;24,8;745.3;2;2,1
18;6;22;20,2;745.6;1;1,8
19;6;1;12,5;745.3;1;0
19;6;4;14,4;744.9;1;0
19;6;7;14,7;744.8;1;0
19;6;10;15,4;744.1;1;4,8
19;6;13;16,2;742.6;4;17,3
19;6;16;19,2;741.8;2;14,9
19;6;19;20,5;741.1;3;2,2
19;6;22;15,6;742.2;2;4,3
20;6;1;11,4;742.0;1;9,7
20;6;4;11,9;742.0;1;8,6
20;6;7;13,9;742.2;2;0,7
20;6;10;18,9;742.6;2;10,1
20;6;13;21,8;742.3;3;33,1
20;6;16;22,2;741.4;3;45,6
20;6;19;22,3;739.8;2;45,2
20;6;22;18,6;738.5;1;31,3
21;6;1;15,1;737.0;2;18,9
21;6;4;14,6;735.1;3;7,9
21;6;7;14,8;735.1;2;1,2
21;6;10;15,6;735.9;4;0
21;6;13;16,7;737.0;4;0
21;6;16;16,9;737.7;4;0
21;6;19;17;737.7;4;0
21;6;22;12,1;738.3;2;0
22;6;1;9,3;738.4;1;0,9
22;6;4;7,8;738.0;2;9,6
22;6;7;9,3;738.5;2;0
22;6;10;9,7;739.6;1;5,4
22;6;13;14,5;740.5;3;11,4
22;6;16;17,1;740.8;3;13,6
22;6;19;13,4;741.7;2;12,2
22;6;22;11,7;741.8;1;24,2
23;6;1;8,7;742.0;1;26,1
23;6;4;7,1;742.0;2;28
23;6;7;8,9;742.0;2;18,8
23;6;10;13,2;742.1;2;22,9
23;6;13;15,1;741.7;2;21,7
23;6;16;17,1;741.2;3;10,9
23;6;19;16,1;741.3;2;2,9
23;6;22;13;741.7;2;4,4
24;6;1;8,3;741.7;1;2
24;6;4;5,6;741.8;0;0
24;6;7;10,5;742.2;1;0
24;6;10;16;742.3;1;0
24;6;13;16,8;742.4;2;0
24;6;16;18,1;742.4;3;0
24;6;19;18,5;742.8;2;0
24;6;22;13,3;743.0;1;0,9
25;6;1;11,9;743.3;1;3,8
25;6;4;7,4;743.4;0;2
25;6;7;9,4;743.2;1;0
25;6;10;15,9;742.7;2;0
25;6;13;17,3;742.6;2;6,4
25;6;16;17,2;742.7;3;6,9
25;6;19;20;742.2;3;5
25;6;22;17,8;742.6;1;12,4
26;6;1;16,7;742.3;3;14,7
26;6;4;15,5;742.1;2;11,8
26;6;7;16,1;742.5;2;7,5
26;6;10;19,7;742.8;4;17,9
26;6;13;22,3;742.3;4;31,3
26;6;16;20,9;742.0;3;21,8
26;6;19;22,3;740.9;2;5,7
26;6;22;17,5;740.2;2;3,8
27;6;1;16,7;739.8;2;5,3
27;6;4;15,6;740.8;2;7,2
27;6;7;14,4;741.7;1;0
27;6;10;16,1;742.0;3;1,6
27;6;13;19,4;742.7;4;6,1
27;6;16;20,3;743.5;3;7,7
27;6;19;20,9;743.5;3;10,5
27;6;22;16,6;744.2;1;20,3
28;6;1;12,5;745.2;0;20,7
28;6;4;9,9;745.6;1;11,7
28;6;7;11,5;746.5;1;0
28;6;10;17,9;746.9;2;1,8
28;6;13;20,1;747.2;3;0,8
28;6;16;20,9;747.3;3;2
28;6;19;20,7;747.1;2;3,4
28;6;22;17,5;747.1;1;5,1
29;6;1;10,7;747.9;0;0
29;6;4;8,5;748.5;1;0,2
29;6;7;12;748.7;1;0
29;6;10;20,2;748.9;1;2,3
29;6;13;21,6;748.8;1;6,4
29;6;16;23,3;748.6;1;5,2
29;6;19;22,5;748.0;1;8,7
29;6;22;18,8;747.8;1;24,6
30;6;1;16,8;748.3;1;24,3
30;6;4;16,6;748.3;2;18,6
30;6;7;16,8;747.5;2;11,4
30;6;10;22,2;746.9;4;12,5
30;6;13;25,4;745.1;4;17,2
30;6;16;27,3;743.1;5;22,1
30;6;19;16,8;742.3;3;15,4
30;6;22;18,1;742.2;4;45,4
1;7;1;15,3;739.9;1;34,3
1;7;4;14,5;739.9;2;28
1;7;7;15,1;739.5;2;5,6
1;7;10;20,6;739.4;3;12,7
1;7;13;21,7;739.7;3;25,6
1;7;16;23,5;739.4;3;29,3
1;7;19;19,8;740.4;3;21
1;7;22;18,5;739.7;1;48,5
2;7;1;16,2;739.5;0;23,4
2;7;4;15,9;737.9;1;16,2
2;7;7;15,7;737.1;1;5,4
2;7;10;17;737.3;2;5,8
2;7;13;18,3;737.8;3;16,1
2;7;16;15,5;738.1;3;6,7
2;7;19;16,4;738.7;2;1,8
2;7;22;15,3;739.2;1;3,2
3;7;1;14,6;739.1;1;9,2
3;7;4;14,3;738.9;0;0
3;7;7;14,3;738.7;1;0
3;7;10;16,3;738.4;1;0
3;7;13;16,5;738.1;2;0
3;7;16;15,2;739.2;3;0
3;7;19;17,2;740.5;2;0
3;7;22;15;741.6;1;0
4;7;1;12,5;742.4;1;0
4;7;4;10,5;742.3;1;0
4;7;7;12,9;742.9;1;0
4;7;10;19,3;742.9;1;0
4;7;13;22;742.9;2;0
4;7;16;18,2;743.4;1;1,2
4;7;19;19,9;743.2;1;10,4
4;7;22;16,3;743.7;1;4,5
5;7;1;11,9;743.2;0;10,9
5;7;4;9,3;743.0;0;12,1
5;7;7;11,7;742.6;0;11,7
5;7;10;16,6;741.7;1;41,9
5;7;13;19,3;740.9;2;56
5;7;16;19,9;740.2;2;38,4
5;7;19;19,2;740.2;2;9,1
5;7;22;16,2;741.1;4;13,3
6;7;1;13,9;741.2;2;8,8
6;7;4;13,7;741.5;2;5,4
6;7;7;13,9;741.9;4;0
6;7;10;16;742.5;2;1
6;7;13;17,4;743.4;4;17,7
6;7;16;19,7;743.2;2;15,6
6;7;19;16,9;743.8;3;10,3
6;7;22;14,8;744.0;1;7,3
7;7;1;11,5;744.2;1;2,5
7;7;4;10,7;744.1;2;4,3
7;7;7;11,3;743.8;2;0
7;7;10;14,7;743.6;3;0
7;7;13;15,9;743.3;3;0
7;7;16;13,7;743.5;3;1,3
7;7;19;13,5;743.1;3;0
7;7;22;9,7;742.9;1;0
8;7;1;9,6;741.8;2;6,7
8;7;4;9,9;740.2;2;14,5
8;7;7;10,2;739.4;2;6,3
8;7;10;11;739.0;3;11,5
8;7;13;12;739.2;3;6,6
8;7;16;12,7;739.9;4;2,4
8;7;19;12,4;740.7;3;0
8;7;22;12,1;741.5;3;0
9;7;1;11,7;741.7;2;0
9;7;4;11,6;741.5;2;0
9;7;7;11,3;741.2;2;0
9;7;10;11,4;741.3;2;0
9;7;13;12,2;741.8;2;0
9;7;16;14,7;742.2;3;0
9;7;19;16,7;742.5;3;0
9;7;22;13,8;743.4;1;3,3
10;7;1;12,3;743.8;1;6
10;7;4;11,9;743.5;1;3,2
10;7;7;12,8;743.2;2;0,3
10;7;10;14;743.5;3;21,6
10;7;13;16,3;744.9;4;42,3
10;7;16;18;745.9;2;25,9
10;7;19;17,1;746.5;3;14,6
10;7;22;15,4;747.5;1;11
11;7;1;13,3;748.2;1;10,8
11;7;4;12,2;748.9;1;7,2
11;7;7;15,3;749.8;1;0
11;7;10;20,3;750.2;1;0,7
11;7;13;23,2;750.4;1;0
11;7;16;24;750.4;1;0
11;7;19;24,7;750.1;1;0
11;7;22;18,8;750.4;1;0
12;7;1;14,1;750.7;1;3,3
12;7;4;12,6;750.4;1;4,2
12;7;7;14,8;750.0;1;0
12;7;10;22;749.4;3;0
12;7;13;25;748.6;4;0
12;7;16;22,6;748.0;4;0
12;7;19;17,7;747.9;2;6,4
12;7;22;16,9;747.1;2;10,9
13;7;1;16,2;746.3;2;12,6
13;7;4;16,3;745.4;2;7,2
13;7;7;16,3;745.0;3;0
13;7;10;17,9;744.7;3;0
13;7;13;19,2;744.6;3;1,6
13;7;16;19,2;744.4;3;0,1
13;7;19;18,1;744.1;2;2,7
13;7;22;18,1;743.8;2;7,8
14;7;1;17,7;743.5;1;8
14;7;4;17,3;743.3;2;0,9
14;7;7;16,8;743.5;3;0
14;7;10;17,3;743.7;2;0
14;7;13;21,5;743.7;3;0
14;7;16;22,6;743.7;2;2,5
14;7;19;18,2;744.4;2;3,5
14;7;22;19;744.9;1;2,6
15;7;1;17,5;745.5;2;2,8
15;7;4;16,7;745.6;2;3,5
15;7;7;16,5;746.3;2;0
15;7;10;20;747.0;2;0
15;7;13;25,5;747.1;2;0
15;7;16;26,5;747.3;4;0
15;7;19;25,5;746.9;2;0
15;7;22;21,7;747.4;1;4
16;7;1;20,2;747.5;2;11,7
16;7;4;18,3;747.7;2;10,5
16;7;7;17,5;748.0;2;0,3
16;7;10;19,9;748.4;2;10,1
16;7;13;25,8;748.4;3;25,6
16;7;16;25,7;748.5;4;16,6
16;7;19;24,2;748.7;3;11,3
16;7;22;19,8;749.2;2;20
17;7;1;15,5;749.4;1;19,2
17;7;4;13,4;749.2;1;8,3
17;7;7;14,3;749.9;2;0
17;7;10;16,8;750.1;3;0
17;7;13;18,4;750.3;2;0
17;7;16;17,1;750.7;3;0
17;7;19;19,3;750.3;2;0
17;7;22;15,9;750.3;1;0
18;7;1;12,7;750.6;1;0
18;7;4;11,4;750.6;1;0
18;7;7;12,9;750.4;2;0
18;7;10;19,9;750.1;2;0
18;7;13;22,3;749.8;3;0
18;7;16;22,5;749.0;1;0
18;7;19;18,9;749.2;2;0
18;7;22;17,2;749.4;1;2,1
19;7;1;14,7;749.7;1;7
19;7;4;12,8;750.0;1;4,8
19;7;7;13,8;750.1;1;0
19;7;10;19,9;750.6;1;0
19;7;13;21,6;750.4;3;0
19;7;16;21,6;750.4;2;0
19;7;19;20,4;750.1;2;0
19;7;22;17,1;750.4;1;8,1
20;7;1;13,3;750.4;0;8,7
20;7;4;10,6;750.3;0;2,8
20;7;7;12,1;750.3;1;0
20;7;10;17,9;750.4;1;2,6
20;7;13;19,4;749.8;2;2
20;7;16;20,5;749.0;1;0
20;7;19;21,5;748.2;2;1,6
20;7;22;18,1;748.2;1;11,4
21;7;1;12,7;748.0;0;5,7
21;7;4;11,5;747.8;0;7,9
21;7;7;13,2;747.6;1;0
21;7;10;17,3;748.0;1;0
21;7;13;20,9;747.4;1;0
21;7;16;15,9;747.6;3;0,9
21;7;19;20,6;747.4;2;14,7
21;7;22;17,3;748.5;1;23,5
22;7;1;11,5;749.0;1;8,2
22;7;4;9,3;749.4;0;11,6
22;7;7;10,9;749.5;1;11,1
22;7;10;18;749.8;1;21,2
22;7;13;18,8;749.9;1;39,8
22;7;16;19,2;749.3;1;31,3
22;7;19;18,6;749.1;2;38,2
22;7;22;14,9;748.9;1;42,4
23;7;1;11,6;748.5;1;55,5
23;7;4;9,5;747.7;1;29,1
23;7;7;12,4;747.8;1;13,8
23;7;10;17;747.8;2;15,7
23;7;13;20,1;747.9;3;28,7
23;7;16;22,2;747.7;4;31,3
23;7;19;21;747.8;4;32,5
23;7;22;15,6;748.1;1;44
24;7;1;11,8;748.2;1;33
24;7;4;9,7;747.9;1;22,5
24;7;7;12;747.8;1;2,5
24;7;10;19,6;747.4;2;0
24;7;13;22,4;747.0;2;4,7
24;7;16;23,6;746.6;3;3
24;7;19;22,5;746.2;2;0
24;7;22;16,3;746.3;1;0
25;7;1;13,1;746.3;1;0
25;7;4;10,7;746.4;0;0,3
25;7;7;13,3;746.2;1;4,6
25;7;10;21,1;746.0;1;3
25;7;13;23,8;745.8;2;5,1
25;7;16;25,1;745.5;1;3,8
25;7;19;21;745.6;0;0
25;7;22;18,1;745.6;0;0
26;7;1;14,6;745.4;1;0
26;7;4;12,7;745.9;1;1,1
26;7;7;13,5;745.3;1;0
26;7;10;23,1;745.0;2;0
26;7;13;25,7;744.7;2;6,4
26;7;16;26,7;744.3;3;0,5
26;7;19;26,6;743.8;2;0
26;7;22;20,6;743.6;1;11,1
27;7;1;17,2;743.8;1;4,9
27;7;4;16,8;743.5;1;0
27;7;7;16,2;743.2;1;0
27;7;10;22;742.9;3;0
27;7;13;27,2;743.1;2;0
27;7;16;29;742.8;3;0
27;7;19;27,7;743.2;3;1,8
27;7;22;23,3;744.2;1;5,9
28;7;1;18,5;745.2;1;3
28;7;4;15;745.9;0;1,7
28;7;7;17,2;746.2;0;0
28;7;10;23,5;746.9;1;0
28;7;13;24,3;746.0;2;0
28;7;16;24,8;745.9;2;0
28;7;19;26,3;745.6;2;0
28;7;22;22,4;745.7;1;0
29;7;1;20,3;745.6;1;0
29;7;4;18,3;745.2;1;0
29;7;7;19,1;744.4;2;0
29;7;10;25,2;743.6;2;0
29;7;13;30,2;743.5;2;0
29;7;16;31,7;743.0;3;0
29;7;19;30;743.2;2;2,3
29;7;22;24,7;743.1;2;9
30;7;1;22,9;742.5;1;11,9
30;7;4;20,6;741.7;1;12,4
30;7;7;20,7;741.4;1;4,2
30;7;10;21,5;742.0;2;8
30;7;13;22,4;742.1;2;7,5
30;7;16;25,2;740.8;2;2,8
30;7;19;25,5;740.1;2;1
30;7;22;19,7;740.5;0;3,5
31;7;1;18,4;741.0;1;5
31;7;4;18,4;740.9;1;2,5
31;7;7;17,9;741.9;3;0
31;7;10;17,5;743.5;3;0
31;7;13;17,7;744.9;3;0
31;7;16;20,5;745.9;2;0
31;7;19;22,7;746.5;2;2,4
31;7;22;20,4;747.8;2;13,3
1;8;1;17,5;748.8;1;10,5
1;8;4;14,2;749.3;1;10,1
1;8;7;15,8;749.8;1;7,7
1;8;10;20,8;749.9;2;10,8
1;8;13;26,1;750.3;3;13
1;8;16;26,4;750.7;4;11,7
1;8;19;26,3;751.4;3;11,8
1;8;22;21,7;752.5;1;14,8
2;8;1;16,7;753.2;1;14,3
2;8;4;17;753.7;1;16,6
2;8;7;16,8;754.0;1;16,8
2;8;10;20,9;754.3;1;30,7
2;8;13;24,7;753.9;2;31,8
2;8;16;26;752.8;2;24,3
2;8;19;26,2;750.9;2;12,7
2;8;22;21,5;749.8;2;14,7
3;8;1;21,8;748.6;2;17,4
3;8;4;20,1;747.4;1;18,2
3;8;7;20,3;747.1;1;16,6
3;8;10;20,3;747.4;1;34,3
3;8;13;23,4;747.5;3;30,2
3;8;16;24,8;747.2;3;21
3;8;19;24,5;746.4;2;11,5
3;8;22;20,3;746.9;1;16,2
4;8;1;16,1;747.1;1;16,3
4;8;4;16,1;747.1;1;16,7
4;8;7;14,5;746.8;0;13,8
4;8;10;20,8;746.8;1;25,7
4;8;13;21,9;745.9;2;22,7
4;8;16;21,6;744.9;2;22,3
4;8;19;22,7;743.4;2;15,9
4;8;22;19,9;742.9;1;15,2
5;8;1;18,9;741.7;1;10,9
5;8;4;17,8;741.5;2;13,3
5;8;7;18,3;741.9;2;7,2
5;8;10;21,6;742.7;2;14,7
5;8;13;23,8;743.2;4;8,7
5;8;16;24,4;743.1;3;8,8
5;8;19;21,7;743.3;3;4,1
5;8;22;19;744.2;1;2,4
6;8;1;15,6;745.2;1;3,7
6;8;4;13,8;746.4;1;3,4
6;8;7;14,7;747.2;1;0
6;8;10;20,6;748.3;2;0,8
6;8;13;23,7;748.7;3;7,7
6;8;16;24,5;749.2;4;8,2
6;8;19;23,8;749.5;3;4,2
6;8;22;17;750.1;1;9,8
7;8;1;14,3;750.1;0;12,3
7;8;4;17,2;749.8;2;11,6
7;8;7;16,5;749.6;1;3,2
7;8;10;17,2;749.7;2;16,4
7;8;13;23,1;749.9;2;27,3
7;8;16;24,1;750.0;3;34,3
7;8;19;22,7;750.4;1;17,7
7;8;22;19,5;750.9;1;20,3
8;8;1;17,3;751.9;2;22,3
8;8;4;15,8;752.4;1;16,3
8;8;7;14,7;752.8;2;2,4
8;8;10;19,5;753.2;1;13,8
8;8;13;22,2;753.5;3;29,5
8;8;16;22,6;753.9;3;38,1
8;8;19;21,4;754.4;4;42,4
8;8;22;17,1;755.3;1;38,5
9;8;1;14,6;756.3;1;27,4
9;8;4;13,2;757.1;2;24,6
9;8;7;12,8;758.1;2;17,2
9;8;10;18,8;758.5;1;39,3
9;8;13;21,5;758.8;2;73,9
9;8;16;22,3;758.3;2;86,6
9;8;19;21,7;758.2;2;84,6
9;8;22;14,6;758.1;1;28,2
10;8;1;11,2;758.7;0;11,3
10;8;4;9,6;759.1;0;0
10;8;7;10,5;759.2;0;0
10;8;10;19,6;758.7;1;0
10;8;13;22,1;757.5;1;0
10;8;16;24,1;756.5;2;0
10;8;19;23,4;755.0;2;0
10;8;22;16,3;753.5;0;0
11;8;1;16;753.3;2;0
11;8;4;14,4;752.9;2;2,6
11;8;7;15,6;751.5;2;0
11;8;10;17,6;750.7;2;0
11;8;13;18,1;750.3;2;0
11;8;16;19,6;749.8;1;0
11;8;19;22;749.0;1;0
11;8;22;18,7;749.5;1;0
12;8;1;17,8;749.9;1;0,5
12;8;4;16,2;750.2;2;0
12;8;7;15,1;750.7;2;0
12;8;10;20,7;751.5;1;0
12;8;13;23,8;751.5;2;0
12;8;16;25;751.0;2;0
12;8;19;24,9;750.7;1;0
12;8;22;16,4;750.7;0;4
13;8;1;14,1;750.4;1;8
13;8;4;11,9;751.1;0;10,4
13;8;7;12,3;751.0;0;3,4
13;8;10;22,1;751.1;1;4,3
13;8;13;24,8;750.7;2;3,7
13;8;16;26,1;750.1;3;2,6
13;8;19;25,6;749.2;2;11,9
13;8;22;20,2;749.5;1;18,3
14;8;1;17,8;749.5;1;12,5
14;8;4;16,7;749.2;1;11,3
14;8;7;16,7;749.2;2;5,7
14;8;10;23,3;749.3;1;4,8
14;8;13;23,3;750.4;0;3,2
14;8;16;23,9;750.9;2;2,1
14;8;19;24;751.0;1;8,6
14;8;22;20,8;751.9;1;32,6
15;8;1;18,8;752.9;2;12,2
15;8;4;17;753.7;2;1,4
15;8;7;15,7;754.6;2;2,3
15;8;10;19,6;755.5;2;0
15;8;13;22,4;756.1;4;0
15;8;16;23,1;756.5;4;3,8
15;8;19;21,9;757.0;3;10
15;8;22;15,8;758.0;1;24,4
16;8;1;12,4;758.6;1;30,4
16;8;4;10,3;758.8;1;24,8
16;8;7;10,8;759.3;1;17,2
16;8;10;18,3;759.5;1;21,8
16;8;13;22,9;759.3;2;29,6
16;8;16;23,9;758.6;2;34
16;8;19;23,5;758.1;1;30,9
16;8;22;17,7;758.2;1;44
17;8;1;13,7;758.4;1;17,5
17;8;4;12,7;758.6;;11,3
17;8;7;14;758.8;1;10,7
17;8;10;20,5;758.8;;6,6
17;8;13;23,3;758.5;3;8,6
17;8;16;24,5;757.9;3;1,6
17;8;19;23,8;757.2;2;11,1
17;8;22;18,3;757.3;2;43,3
18;8;1;14,3;757.4;1;18,8
18;8;4;13,5;757.5;1;15,5
18;8;7;13;757.4;1;5,3
18;8;10;20,5;757.5;2;12,5
18;8;13;23,9;757.6;3;10,5
18;8;16;25,6;756.7;;1,8
18;8;19;25,5;755.6;2;0
18;8;22;18,9;755.7;;0
19;8;1;16,1;755.6;1;5,2
19;8;4;13,5;755.3;0;8,1
19;8;7;14,3;755.5;1;10,9
19;8;10;21,5;755.5;1;13
19;8;13;26,7;755.2;2;2,5
19;8;16;29,1;754.6;3;0
19;8;19;28,4;754.0;1;0
19;8;22;19,7;754.1;1;0
20;8;1;16,7;754.8;1;0
20;8;4;15,3;754.9;;0
20;8;7;15,3;754.8;1;0
20;8;10;22,7;755.2;;0
20;8;13;27,8;755.1;2;0,9
20;8;16;30,9;755.0;2;0
20;8;19;29,8;754.5;1;0
20;8;22;19,2;754.6;0;2,3
21;8;1;16,2;754.4;0;11,7
21;8;4;14,8;754.3;0;17,4
21;8;7;14,4;754.5;1;21,9
21;8;10;22,1;754.1;2;27,2
21;8;13;27,3;753.3;4;41,7
21;8;16;28,8;752.5;3;30,8
21;8;19;27,4;751.6;2;11,2
21;8;22;21,6;751.6;1;16
22;8;1;18,6;751.6;1;15,1
22;8;4;16,9;751.3;1;14,8
22;8;7;17,1;751.1;2;7,9
22;8;10;23,1;751.1;2;12,3
22;8;13;28;750.4;2;6,3
22;8;16;28,2;749.5;4;2,8
22;8;19;26,4;748.4;2;0,9
22;8;22;21;747.7;2;3,6
23;8;1;20,7;746.6;2;1,6
23;8;4;19,6;745.3;2;0
23;8;7;19;744.4;2;0
23;8;10;17;743.8;;0
23;8;13;22;743.2;4;0
23;8;16;23,8;742.9;4;0
23;8;19;22,8;742.1;3;0
23;8;22;19,9;742.3;2;13
24;8;1;17,2;742.0;3;11,4
24;8;4;15,7;742.1;3;7,4
24;8;7;15,1;742.5;2;0
24;8;10;15,9;743.8;4;0
24;8;13;18,6;744.7;5;0
24;8;16;19,8;744.5;5;0
24;8;19;17,8;744.9;4;0
24;8;22;14,7;745.0;2;0
25;8;1;12,2;744.7;2;0
25;8;4;10,3;744.7;1;0
25;8;7;9,9;744.7;2;0
25;8;10;11,5;745.0;2;0
25;8;13;14,6;746.0;2;0
25;8;16;14,7;747.4;2;0
25;8;19;16,2;747.9;2;0
25;8;22;13,6;749.2;1;0
26;8;1;12,6;749.5;2;0
26;8;4;10,7;749.0;2;0
26;8;7;10,2;748.7;2;0
26;8;10;14,5;748.0;3;0
26;8;13;18,2;746.6;3;0
26;8;16;20,6;745.8;3;0,9
26;8;19;18,4;745.9;1;0
26;8;22;14,4;746.7;2;2,5
27;8;1;11,9;747.4;1;0
27;8;4;10,7;747.8;1;1,9
27;8;7;9,2;747.7;2;0
27;8;10;13,5;747.7;3;0
27;8;13;17,1;747.2;3;0,7
27;8;16;17,8;747.0;3;1,5
27;8;19;16,4;747.1;3;2,7
27;8;22;9,9;747.1;0;22,6
28;8;1;10,2;747.0;0;27,2
28;8;4;10,4;746.5;0;16,9
28;8;7;10,1;746.0;1;7,2
28;8;10;10,4;745.5;2;9,2
28;8;13;10,5;745.0;2;17,2
28;8;16;10,5;744.6;2;18,2
28;8;19;10,6;744.7;2;15,4
28;8;22;10,7;745.0;2;27,8
29;8;1;10,5;745.2;2;21,3
29;8;4;10,7;745.3;2;14,9
29;8;7;9,7;746.3;4;7
29;8;10;10,7;747.3;3;7
29;8;13;13,2;748.2;4;15,9
29;8;16;14,2;748.7;3;14,4
29;8;19;13,6;749.6;2;11,1
29;8;22;12;750.4;2;16,3
30;8;1;11,1;751.3;2;11
30;8;4;11;751.8;1;9,4
30;8;7;10,7;752.6;1;13,5
30;8;10;12,1;753.6;2;26,2
30;8;13;14;754.0;3;53,6
30;8;16;14,4;753.7;2;65,2
30;8;19;13,7;753.7;1;34
30;8;22;10,6;754.1;0;13,5
31;8;1;5,9;754.4;0;1,3
31;8;4;5;754.5;1;0
31;8;7;4,1;754.7;1;0
31;8;10;13,8;755.1;0;0
31;8;13;16,8;754.9;1;0
31;8;16;18,6;754.1;1;0
31;8;19;17,9;753.7;1;0
31;8;22;10;754.0;0;2,1
1;9;1;7,6;754.0;0;0
1;9;4;5,6;754.0;0;4,9
1;9;7;5,1;754.0;0;0
1;9;10;14,6;753.9;1;0
1;9;13;19,6;752.8;1;0
1;9;16;20,5;751.4;1;0
1;9;19;17,9;750.1;0;6,6
1;9;22;12,6;749.9;1;6,7
2;9;1;11,1;749.4;0;6,3
2;9;4;11,8;748.9;1;8,1
2;9;7;10,4;748.3;1;6,7
2;9;10;16,9;747.7;2;5,3
2;9;13;21,4;746.9;3;2,1
2;9;16;21,5;746.5;2;1,3
2;9;19;20,1;746.1;2;1
2;9;22;17,5;746.3;2;7
3;9;1;16;746.2;2;5,1
3;9;4;14,3;746.4;2;1,1
3;9;7;13,9;746.8;2;0
3;9;10;14,4;747.7;3;0
3;9;13;14,9;748.2;3;0
3;9;16;19,3;748.2;2;0
3;9;19;17;749.4;2;0
3;9;22;15,3;750.4;2;8,8
4;9;1;14,1;750.7;2;10,4
4;9;4;12,8;751.2;1;6,2
4;9;7;10,9;751.7;1;5
4;9;10;12;752.2;2;3,5
4;9;13;15,7;752.0;2;6,8
4;9;16;16,9;751.9;2;8,4
4;9;19;13,2;752.5;2;4,5
4;9;22;10,8;752.8;2;0
5;9;1;9,9;752.7;2;1,8
5;9;4;9,6;752.4;1;6,1
5;9;7;9;751.7;2;0
5;9;10;9,7;751.6;2;4,2
5;9;13;11,3;751.3;3;8,9
5;9;16;11,3;750.7;3;8,4
5;9;19;10,4;749.9;3;6,4
5;9;22;10,2;749.7;3;0,7
6;9;1;10,1;748.7;3;0
6;9;4;9,9;747.5;3;0
6;9;7;9,8;747.0;3;1,8
6;9;10;10,1;746.3;3;2
6;9;13;11;745.9;3;3,6
6;9;16;11,2;745.0;3;4,4
6;9;19;11,4;744.4;2;0
6;9;22;11,6;743.8;2;0,4
7;9;1;11,9;742.9;1;0
7;9;4;11,9;742.1;1;0
7;9;7;12,1;741.2;0;5,5
7;9;10;12,4;741.3;1;5
7;9;13;16,8;741.3;1;6,1
7;9;16;17,7;740.6;1;7,2
7;9;19;14,1;741.0;0;2,3
7;9;22;11,3;741.8;1;5,7
8;9;1;11,1;742.0;1;1,6
8;9;4;11,8;741.8;2;1,2
8;9;7;11,1;742.0;1;0
8;9;10;12;741.8;2;0
8;9;13;13,3;741.7;3;0
8;9;16;14,2;742.3;2;0,1
8;9;19;13,2;742.8;1;5,2
8;9;22;11,7;743.2;1;12,2
9;9;1;11;743.5;1;9,2
9;9;4;12,1;744.5;2;11
9;9;7;11,8;745.4;2;4,6
9;9;10;13,2;746.7;2;0
9;9;13;16;747.6;2;0
9;9;16;16,3;748.3;2;0
9;9;19;16;748.9;1;0
9;9;22;10,3;749.3;1;0
10;9;1;9,3;749.7;1;0
10;9;4;10;750.3;1;0
10;9;7;10;750.4;1;0,2
10;9;10;14,7;750.6;1;0
10;9;13;19,8;750.5;2;15,1
10;9;16;20,7;750.1;3;38,5
10;9;19;19;750.0;2;67,1
10;9;22;13,8;749.6;1;74,2
11;9;1;12,6;749.5;1;84,3
11;9;4;13,3;749.5;1;90
11;9;7;14,3;749.2;3;82,9
11;9;10;16,4;749.2;2;46,7
11;9;13;21,4;749.2;4;46,9
11;9;16;22,7;748.5;4;19,8
11;9;19;21;748.0;3;14,8
11;9;22;17,6;748.4;2;18
12;9;1;16,3;748.1;2;19,3
12;9;4;14,8;748.3;2;25,6
12;9;7;14,1;748.2;2;21,9
12;9;10;18,2;748.2;1;31,1
12;9;13;24,3;748.2;2;17,6
12;9;16;25,7;748.0;3;16
12;9;19;22,7;747.4;2;10
12;9;22;16,1;747.1;1;12,2
13;9;1;13,9;746.4;1;6,7
13;9;4;12,6;745.9;1;0
13;9;7;12,3;744.7;1;0
13;9;10;16,8;742.7;2;0
13;9;13;21,9;741.1;3;0
13;9;16;22,8;739.3;3;0
13;9;19;22,2;737.8;2;1,6
13;9;22;17,1;737.8;2;8,7
14;9;1;17,6;738.2;3;8
14;9;4;16;739.2;1;11
14;9;7;14,6;740.0;2;15,5
14;9;10;14,6;740.7;3;43,6
14;9;13;17,6;740.3;5;89
14;9;16;19,1;740.2;6;61,4
14;9;19;17,4;740.6;3;36,7
14;9;22;13,1;742.0;2;37,7
15;9;1;13,8;742.6;2;35,6
15;9;4;15,5;742.2;2;35,1
15;9;7;15,7;742.3;3;31,3
15;9;10;17,8;740.9;4;56,9
15;9;13;23,2;739.8;6;78
15;9;16;24,1;738.4;6;62,2
15;9;19;13,2;740.7;3;33,8
15;9;22;11,5;742.9;3;31,3
16;9;1;11;744.1;3;19,8
16;9;4;10,5;745.6;3;23,2
16;9;7;9,3;747.0;2;18,1
16;9;10;13;749.2;2;44,7
16;9;13;15,2;750.3;3;52,9
16;9;16;15,3;751.3;3;58,4
16;9;19;14,7;751.7;1;19,1
16;9;22;10,7;752.7;2;19,5
17;9;1;9,9;753.4;1;17,7
17;9;4;8,4;754.1;1;12,4
17;9;7;7,4;754.3;1;5,7
17;9;10;12,2;755.1;2;7,8
17;9;13;17,5;754.8;2;10,7
17;9;16;16,8;754.3;1;16,1
17;9;19;14,3;753.7;1;17,2
17;9;22;12,5;752.5;1;17,8
18;9;1;12;750.8;2;17,3
18;9;4;12,5;749.5;2;15,8
18;9;7;11,5;748.0;1;6,9
18;9;10;14,5;746.8;2;7,2
18;9;13;19,1;744.7;3;15,5
18;9;16;24,2;742.4;4;8,7
18;9;19;22,2;741.3;2;1,7
18;9;22;19,7;741.4;3;7,9
19;9;1;16,4;742.3;2;10,7
19;9;4;13,5;742.1;2;3,6
19;9;7;12,1;741.7;5;0
19;9;10;13,4;742.8;5;0
19;9;13;14;744.9;5;3,4
19;9;16;13,5;747.2;5;2,9
19;9;19;12,8;749.5;3;0,6
19;9;22;9;751.0;2;0,4
20;9;1;8,6;751.9;2;0
20;9;4;6,6;753.1;1;1,2
20;9;7;5,9;753.9;1;1,4
20;9;10;11,4;755.2;1;1,4
20;9;13;16,1;755.7;2;14,7
20;9;16;17,8;755.8;1;17
20;9;19;14,3;756.2;0;42,2
20;9;22;8,8;756.4;0;49,5
21;9;1;7,8;757.2;1;26,2
21;9;4;6,7;757.7;0;18,9
21;9;7;7,9;758.3;1;16,6
21;9;10;9,6;758.8;1;24,3
21;9;13;10,9;758.9;1;18,5
21;9;16;14;759.4;3;19,3
21;9;19;12,7;759.5;2;4,6
21;9;22;9,5;760.3;1;0
22;9;1;9,2;761.2;2;0
22;9;4;7,8;762.0;2;0
22;9;7;6,3;762.7;2;0
22;9;10;8,6;763.1;4;2,5
22;9;13;12,4;763.0;4;15,3
22;9;16;14,3;762.8;3;16,2
22;9;19;12;762.6;2;8,9
22;9;22;7,6;763.3;2;12,7
23;9;1;5,5;763.9;1;15,1
23;9;4;4,4;764.0;2;13,9
23;9;7;2,8;764.4;1;14,4
23;9;10;7,5;764.8;2;28,6
23;9;13;13,8;765.0;2;53,9
23;9;16;16,1;764.3;3;39
23;9;19;13,4;763.9;1;17,4
23;9;22;6,7;764.2;1;17,7
24;9;1;5,4;764.7;1;13,5
24;9;4;3,5;765.1;1;16,7
24;9;7;1,9;765.3;1;8,4
24;9;10;8,6;765.8;2;9,7
24;9;13;14,3;766.0;3;19,8
24;9;16;16;766.2;2;9,6
24;9;19;12,9;766.2;2;10,6
24;9;22;7,9;766.9;1;20,7
25;9;1;3,7;767.6;0;18,6
25;9;4;2,1;767.8;0;15,9
25;9;7;0,6;768.0;0;5,7
25;9;10;6,9;768.2;1;25
25;9;13;13,9;767.5;2;25,6
25;9;16;15,3;766.4;2;15,5
25;9;19;13,2;765.6;1;17,8
25;9;22;10,7;765.4;1;22,3
26;9;1;10,2;765.6;1;18,3
26;9;4;10,6;766.2;2;21,4
26;9;7;10;766.6;1;23,3
26;9;10;10,5;767.2;2;33,5
26;9;13;11,6;767.5;2;35,1
26;9;16;12,5;767.2;1;32,7
26;9;19;10,2;766.9;2;19
26;9;22;8,3;767.5;2;21
27;9;1;7,9;767.6;2;16,8
27;9;4;7;767.8;1;11,1
27;9;7;6,3;768.3;1;9
27;9;10;8,9;768.6;1;6,4
27;9;13;9,7;768.5;2;5,4
27;9;16;10,9;768.1;1;7,9
27;9;19;9,5;768.1;1;0,7
27;9;22;7,4;768.8;2;10,5
28;9;1;6,4;769.4;1;19,4
28;9;4;5,2;769.9;1;18,8
28;9;7;5,3;769.9;1;12,1
28;9;10;6,5;770.1;1;3,7
28;9;13;7,9;769.7;2;10,5
28;9;16;8,7;769.0;1;8,6
28;9;19;8;768.0;1;11,7
28;9;22;7,6;767.5;1;17,7
29;9;1;7,3;767.1;2;10,2
29;9;4;7,1;766.3;2;5,6
29;9;7;7,1;765.3;2;0,4
29;9;10;6,9;764.5;3;2,3
29;9;13;7,4;763.2;3;9
29;9;16;7,3;761.7;2;10,7
29;9;19;7;760.6;3;10,3
29;9;22;6,8;759.9;2;6,2
30;9;1;7,1;759.5;3;6,7
30;9;4;7,4;759.3;2;4,1
30;9;7;7,4;759.5;2;0
30;9;10;8,2;759.8;3;0
30;9;13;9,1;759.7;3;6,1
30;9;16;8,4;759.3;3;18
30;9;19;8;758.8;1;42,9
30;9;22;7,3;759.0;2;44,3
1;10;1;5,5;759.5;3;33,2
1;10;4;4;759.8;2;33,6
1;10;7;3,6;760.4;2;40,3
1;10;10;4,6;761.2;2;53,4
1;10;13;4,6;761.9;3;78
1;10;16;5,1;762.0;2;89,8
1;10;19;4,7;762.4;1;86,5
1;10;22;4,3;762.6;1;83,4
2;10;1;4,1;762.8;1;85,9
2;10;4;3,6;763.0;0;88,4
2;10;7;3,3;762.8;0;89,1
2;10;10;3,2;763.0;2;90
2;10;13;4,4;762.7;1;86,3
2;10;16;4,5;762.4;0;76,2
2;10;19;4,3;762.1;0;53
2;10;22;3,8;761.9;1;41,8
3;10;1;3,4;761.9;1;29
3;10;4;3,2;761.8;1;30,9
3;10;7;2,7;761.5;1;20,8
3;10;10;3,3;761.2;2;11,4
3;10;13;4,4;761.2;2;2
3;10;16;4,9;760.4;3;4,1
3;10;19;4,4;759.4;2;0
3;10;22;4,1;759.1;2;0
4;10;1;1,2;758.7;1;2,8
4;10;4;-0,1;757.6;2;3,2
4;10;7;-0,1;751.6;2;1,3
4;10;10;3,6;754.7;3;0
4;10;13;9,5;752.8;4;0
4;10;16;10,3;751.1;4;0
4;10;19;7,8;749.7;2;0
4;10;22;6,4;748.1;5;0,3
5;10;1;6,8;746.5;4;13,9
5;10;4;7,3;745.5;3;17,6
5;10;7;7,5;743.9;3;18,8
5;10;10;7,9;742.4;4;18,2
5;10;13;8,6;740.8;3;29,9
5;10;16;9,3;738.6;3;56,6
5;10;19;8,9;737.0;3;54,5
5;10;22;8,4;735.8;3;41,7
6;10;1;7,8;735.9;2;28,2
6;10;4;6,8;736.3;2;15
6;10;7;5,9;736.6;3;19,8
6;10;10;5,9;736.3;2;20,6
6;10;13;6,7;735.1;3;37
6;10;16;7,5;733.0;1;36,4
6;10;19;8;732.5;0;30,6
6;10;22;7,7;734.2;3;25,1
7;10;1;7,2;736.8;1;24,7
7;10;4;5,4;738.5;2;13,2
7;10;7;6,5;739.9;2;11,2
7;10;10;7,6;741.5;3;20
7;10;13;10,5;742.9;3;54,2
7;10;16;10,6;744.1;4;48,4
7;10;19;9,3;745.8;2;50,9
7;10;22;8;747.3;2;53
8;10;1;7,7;748.2;2;32,2
8;10;4;6,3;749.0;2;18,4
8;10;7;4;750.0;2;11,4
8;10;10;6,5;751.0;1;6,9
8;10;13;11,2;751.6;3;27,9
8;10;16;12,6;751.5;2;33,4
8;10;19;9,9;751.1;1;50,7
8;10;22;7,1;750.9;1;41,4
9;10;1;8,1;750.5;2;42,3
9;10;4;8,2;749.1;2;52,8
9;10;7;9,4;747.6;3;39,9
9;10;10;10,3;746.2;3;29,2
9;10;13;13,9;744.7;4;10,1
9;10;16;15,8;743.2;5;0
9;10;19;13,4;743.6;3;0
9;10;22;11,6;743.8;3;0
10;10;1;11,2;743.8;2;0
10;10;4;10,7;744.1;2;0
10;10;7;9,3;744.7;2;5,6
10;10;10;8,6;746.1;2;16,2
10;10;13;9,3;747.0;3;18,1
10;10;16;10,1;747.4;;10,3
10;10;19;8,1;747.7;1;5,4
10;10;22;6,9;747.9;2;6,8
11;10;1;5,3;747.8;2;17,6
11;10;4;4,5;747.7;1;16,5
11;10;7;3,4;747.8;2;14,8
11;10;10;4,5;748.0;3;14,6
11;10;13;7;748.2;3;85,3
11;10;16;8;748.3;2;90
11;10;19;7,6;748.2;2;90
11;10;22;7,9;748.0;1;67,8
12;10;1;7,1;747.3;2;28
12;10;4;5,3;746.2;;17,6
12;10;7;5,3;744.6;2;15,3
12;10;10;6;743.9;2;9
12;10;13;7,1;743.8;2;7,5
12;10;16;8,5;744.4;1;4,7
12;10;19;7,7;745.0;1;3,4
12;10;22;6,8;745.0;2;2,2
13;10;1;6,3;744.4;1;4,4
13;10;4;6,6;743.0;1;3,8
13;10;7;7;741.5;2;2,4
13;10;10;8,1;740.6;3;2,2
13;10;13;9,3;739.8;2;6,8
13;10;16;10,6;739.0;2;9,3
13;10;19;9,5;739.4;2;19,9
13;10;22;8,8;739.3;2;18,9
14;10;1;7,7;739.0;2;10,2
14;10;4;7,2;738.3;2;11,7
14;10;7;6,8;737.8;0;13,7
14;10;10;7,2;738.1;1;14,2
14;10;13;9,9;739.0;1;10,5
14;10;16;7,8;740.2;;8,8
14;10;19;6,3;741.7;3;9,3
14;10;22;5,8;742.2;2;5,7
15;10;1;5,2;742.2;4;7,4
15;10;4;4,8;742.1;3;10,4
15;10;7;4,8;741.1;3;10,4
15;10;10;5,2;739.6;2;8,7
15;10;13;5,8;738.1;1;10,5
15;10;16;4,6;737.5;;15,4
15;10;19;4,7;739.1;3;10,3
15;10;22;5,1;740.3;3;11,1
16;10;1;5,1;741.6;4;9,2
16;10;4;5,1;742.9;4;9,1
16;10;7;4,9;744.4;4;7,2
16;10;10;4,7;745.7;4;4,2
16;10;13;5,8;747.0;4;10,2
16;10;16;5,8;748.2;4;13,8
16;10;19;4,8;748.9;2;13,9
16;10;22;3,6;748.3;1;31,9
17;10;1;3,9;747.4;2;23,7
17;10;4;3,9;745.3;3;12,5
17;10;7;4,8;744.3;2;7,7
17;10;10;8,1;744.5;2;0
17;10;13;11,8;745.9;4;0
17;10;16;11,3;747.1;2;1,2
17;10;19;8;748.0;2;7,7
17;10;22;4,5;748.1;1;13,1
18;10;1;5,8;747.7;2;14
18;10;4;7,4;744.7;3;14,9
18;10;7;8,2;743.0;3;8,1
18;10;10;10,1;742.3;4;0
18;10;13;12,3;741.3;3;3,1
18;10;16;13,7;739.9;4;2,2
18;10;19;13,3;740.5;3;6
18;10;22;12,2;740.9;;9,5
19;10;1;11,5;741.0;3;8,1
19;10;4;7,6;743.2;4;4,7
19;10;7;6,1;745.3;3;11,1
19;10;10;6,7;746.5;4;4
19;10;13;7,9;747.4;4;13,3
19;10;16;7,7;748.6;1;12,5
19;10;19;5,4;749.3;1;13,1
19;10;22;3,2;749.9;1;9,7
20;10;1;4,9;750.6;3;3,7
20;10;4;2,5;751.1;2;3,4
20;10;7;1,7;751.8;1;10,2
20;10;10;3,3;752.7;;8,5
20;10;13;4,9;753.4;2;11
20;10;16;6,2;753.2;3;13,5
20;10;19;4;753.2;1;25,8
20;10;22;4;753.2;1;18,2
21;10;1;2,4;753.0;1;13,1
21;10;4;2,3;752.3;1;9,9
21;10;7;1,1;752.0;1;10,5
21;10;10;2,2;752.0;2;15,5
21;10;13;2,9;752.2;3;21,1
21;10;16;2,1;751.6;3;17
21;10;19;1,8;751.6;1;22
21;10;22;-0,1;751.6;2;25
22;10;1;-0,4;751.7;1;29,9
22;10;4;-1,1;751.6;2;18,7
22;10;7;-1,6;751.7;2;15,9
22;10;10;-2,1;751.8;2;11,7
22;10;13;0,8;751.6;2;20,2
22;10;16;2,4;750.9;2;18,3
22;10;19;1,1;750.7;1;36
22;10;22;-1,3;750.4;2;28,8
23;10;1;-0,5;750.2;2;28,6
23;10;4;-0,8;749.9;1;32,5
23;10;7;-0,9;749.8;1;31,3
23;10;10;0,7;750.7;2;25,4
23;10;13;1,5;751.9;3;37
23;10;16;1;753.4;3;20,3
23;10;19;0,6;754.9;2;30,9
23;10;22;-1;756.1;2;18,9
24;10;1;-1,9;757.5;2;9,8
24;10;4;-1,4;758.8;1;5,1
24;10;7;-1,6;759.7;1;3,5
24;10;10;-1,1;761.0;1;6,2
24;10;13;0,4;761.8;2;0,4
24;10;16;1,1;761.8;1;0
24;10;19;0,3;762.3;2;2,5
24;10;22;-0,6;762.7;2;0
25;10;1;-1,2;763.0;1;0
25;10;4;-1,4;762.9;1;0
25;10;7;-1,5;762.9;1;0
25;10;10;-0,8;763.0;1;0
25;10;13;0,6;763.0;1;0
25;10;16;1;762.4;1;0
25;10;19;0,5;761.6;1;3,7
25;10;22;-0,4;761.0;1;4,4
26;10;1;-1,8;759.7;0;0
26;10;4;-1,9;758.7;1;0
26;10;7;-2,5;757.0;0;0
26;10;10;-1,6;755.5;2;0
26;10;13;0,6;753.4;3;0
26;10;16;-0,3;751.5;3;0
26;10;19;-1,7;749.6;3;3,9
26;10;22;-1,3;747.7;2;3,5
27;10;1;-0,6;745.9;2;0
27;10;4;-0,3;744.7;2;0
27;10;7;-0,6;743.6;3;0
27;10;10;-0,7;743.1;3;0
27;10;13;-0,4;742.9;2;0
27;10;16;-0,3;742.9;2;1
27;10;19;-0,6;743.0;2;2,4
27;10;22;-0,9;743.3;1;0,7
28;10;1;-0,8;743.2;1;0
28;10;4;-0,8;742.6;2;0
28;10;7;-0,6;742.0;2;0
28;10;10;-0,4;741.3;1;0
28;10;13;0,5;740.8;2;0
28;10;16;3;739.9;2;0
28;10;19;1,2;739.3;2;0
28;10;22;0,8;738.1;2;4,8
29;10;1;0,3;736.2;2;5
29;10;4;0,7;733.9;2;5,7
29;10;7;1,4;731.5;2;11,8
29;10;10;1,9;729.6;2;17,2
29;10;13;3,6;728.5;2;33
29;10;16;4,9;727.9;3;33,3
29;10;19;5;728.5;3;27,6
29;10;22;5;729.1;2;23,8
30;10;1;5,2;729.3;2;18,6
30;10;4;5,5;729.1;2;17
30;10;7;5,3;728.7;2;21,9
30;10;10;4,9;728.5;3;18,5
30;10;13;4,9;727.1;4;20,6
30;10;16;4,8;726.3;3;17
30;10;19;5;725.6;3;29,5
30;10;22;5;724.3;2;24,3
31;10;1;5;723.2;2;14,3
31;10;4;4,4;721.6;1;17
31;10;7;3;720.0;1;19,9
31;10;10;3,3;719.0;2;16,7
31;10;13;1;718.8;2;24
31;10;16;1,2;719.4;3;29,1
31;10;19;0,9;720.9;4;38,8
31;10;22;0,5;722.6;4;38,2
1;11;1;0,4;725.3;5;32,1
1;11;4;0,4;727.6;4;28,7
1;11;7;0,5;730.0;5;46,1
1;11;10;0,2;732.4;4;44,6
1;11;13;0,2;734.3;6;46,3
1;11;16;-0,5;735.6;3;30,9
1;11;19;-0,7;736.8;3;23,6
1;11;22;-1;737.2;3;14
2;11;1;-2,3;737.3;3;2,3
2;11;4;-3,1;737.5;2;0
2;11;7;-3,5;737.7;2;0
2;11;10;-2,4;738.3;2;0,4
2;11;13;-0,7;739.0;2;6,2
2;11;16;0,8;739.3;3;9,9
2;11;19;-1,8;740.3;1;14,7
2;11;22;-4,5;741.3;1;14
3;11;1;-7,1;741.7;0;16,4
3;11;4;-7,7;742.2;1;16,3
3;11;7;-8,6;742.5;0;17,4
3;11;10;-6;743.2;0;16,6
3;11;13;1;743.3;0;15,9
3;11;16;1,6;743.0;2;17,6
3;11;19;0,8;743.5;1;20,7
3;11;22;0,2;744.1;1;15,9
4;11;1;-0,4;745.2;1;11,3
4;11;4;0;745.9;1;7,3
4;11;7;0,3;747.2;2;1,1
4;11;10;-0,3;749.1;2;0
4;11;13;2,2;750.2;2;0
4;11;16;1,9;751.1;2;0
4;11;19;0,5;752.0;2;3,1
4;11;22;0,5;752.5;2;2,2
5;11;1;0,7;753.0;2;0,4
5;11;4;0,4;753.2;2;3,8
5;11;7;0,9;753.5;2;4,7
5;11;10;1,6;753.8;2;8,2
5;11;13;3,7;754.2;3;4,3
5;11;16;4,9;754.3;3;1,9
5;11;19;3,9;754.7;2;9,3
5;11;22;3,6;755.2;3;4,9
6;11;1;3,2;755.8;2;0
6;11;4;3,1;756.3;2;0
6;11;7;2,9;756.7;2;0
6;11;10;3,5;757.2;2;0
6;11;13;4,6;757.9;2;0
6;11;16;5,8;757.9;3;0
6;11;19;5,6;757.9;3;0
6;11;22;5;757.9;3;0
7;11;1;4,6;758.2;3;0
7;11;4;3,9;758.2;4;2,9
7;11;7;1,2;757.5;2;6,9
7;11;10;1,7;757.3;3;5,9
7;11;13;3,5;757.4;3;15,9
7;11;16;4,5;757.6;;16,6
7;11;19;4,7;757.9;2;18,9
7;11;22;4,1;758.7;1;22,3
8;11;1;2;759.4;1;47,1
8;11;4;1,2;759.8;2;20,8
8;11;7;-1,7;760.5;1;21,1
8;11;10;0,6;761.0;1;28,3
8;11;13;5,1;761.3;3;39,3
8;11;16;6,4;761.2;;57,7
8;11;19;1,4;761.5;1;81,1
8;11;22;-0,8;761.8;1;56,4
9;11;1;-3,6;761.9;1;60,2
9;11;4;-4,5;761.6;0;83,7
9;11;7;-3,8;761.2;1;89,8
9;11;10;-2,5;761.0;1;89,4
9;11;13;-0,6;760.6;1;89,3
9;11;16;0,5;759.4;1;88,1
9;11;19;-0,6;758.5;1;84,7
9;11;22;-1;757.6;1;53,5
10;11;1;-1,2;756.6;2;42,4
10;11;4;-1,3;755.6;3;36,7
10;11;7;-1,4;754.4;3;35,7
10;11;10;-0,5;753.2;3;30
10;11;13;0,7;752.3;3;35,7
10;11;16;1,9;751.3;3;16,2
10;11;19;2,1;751.0;3;14,7
10;11;22;1,6;750.6;3;9,1
11;11;1;1,7;750.0;3;0,2
11;11;4;1,7;749.2;3;0
11;11;7;2;748.6;2;0
11;11;10;2,3;748.1;3;1
11;11;13;3,1;747.5;3;5,5
11;11;16;3,8;746.7;3;5,4
11;11;19;4,1;746.2;3;6,4
11;11;22;4,2;745.5;3;9,2
12;11;1;3,7;744.5;3;6,3
12;11;4;3,4;743.2;3;13,4
12;11;7;3,1;742.2;3;16,1
12;11;10;2;741.6;2;9,6
12;11;13;2;741.1;2;8,6
12;11;16;2,6;741.2;1;0,1
12;11;19;2,6;742.4;2;6
12;11;22;0,7;743.3;1;2
13;11;1;1;743.5;1;0
13;11;4;-0,3;744.2;1;0
13;11;7;-2,1;744.9;1;0
13;11;10;-2,4;746.7;1;2,8
13;11;13;-0,7;747.8;0;5,9
13;11;16;0,4;749.2;1;7,3
13;11;19;-0,5;749.7;1;16,4
13;11;22;-0,2;749.9;3;14,7
14;11;1;0;749.2;2;13,7
14;11;4;0,2;747.1;3;13,7
14;11;7;0,6;744.7;2;21
14;11;10;1,1;742.3;3;19,8
14;11;13;2,7;740.6;2;39,3
14;11;16;2,3;740.9;4;39,9
14;11;19;0,9;743.9;2;59,4
14;11;22;1,5;747.0;3;47,5
15;11;1;1;749.2;2;44
15;11;4;0,8;750.6;1;35,9
15;11;7;0,1;751.1;2;28,7
15;11;10;0,5;751.8;2;19,7
15;11;13;1,4;752.2;3;23
15;11;16;2,2;752.1;2;18,5
15;11;19;0,9;751.6;2;25
15;11;22;0,6;751.2;2;29,8
16;11;1;0,4;750.5;2;32
16;11;4;0,7;749.8;2;35,8
16;11;7;1,6;748.9;2;26,7
16;11;10;1,8;747.9;2;20,7
16;11;13;2,2;746.9;3;24,1
16;11;16;3,1;747.1;3;22,4
16;11;19;2,9;748.2;2;19,9
16;11;22;2,7;749.3;4;12,4
17;11;1;2,2;750.7;2;17
17;11;4;2,2;751.9;3;29,9
17;11;7;1,1;753.1;1;46,3
17;11;10;0,3;753.7;1;44,1
17;11;13;1,8;753.8;3;63,5
17;11;16;1,5;753.5;3;50,5
17;11;19;0,2;753.0;2;50,4
17;11;22;0,2;751.6;4;43,3
18;11;1;1,2;750.7;4;19,3
18;11;4;1,5;750.2;3;5,7
18;11;7;1,4;750.0;2;0
18;11;10;1,8;750.4;2;0
18;11;13;3,2;750.7;2;0
18;11;16;2,8;750.3;2;0
18;11;19;2,2;750.1;3;7
18;11;22;1,9;749.6;2;4,5
19;11;1;1,5;749.2;2;3,8
19;11;4;1,2;748.4;2;19,9
19;11;7;0,2;;2;24,7
19;11;10;0,3;746.6;2;34,4
19;11;13;0,7;746.2;3;41,3
19;11;16;1,1;745.3;2;89,5
19;11;19;1;744.8;2;81,9
19;11;22;0,2;743.9;1;80,2
20;11;1;0,1;743.6;1;74,4
20;11;4;0,4;743.5;2;70
20;11;7;0,6;744.4;2;65,1
20;11;10;0,6;745.6;1;54,6
20;11;13;1,1;746.8;2;40,1
20;11;16;1,1;747.1;1;33,8
20;11;19;0,6;747.1;1;35,4
20;11;22;0,1;746.8;1;31,5
21;11;1;-0,3;745.6;1;33,6
21;11;4;-0,6;744.3;2;27,6
21;11;7;-0,7;742.5;3;19,2
21;11;10;-0,5;741.7;3;10,4
21;11;13;0,2;741.4;3;3,3
21;11;16;0;741.9;2;12,6
21;11;19;-0,1;741.8;3;18,9
21;11;22;-0,1;741.8;2;23,7
22;11;1;-0,2;742.1;2;26,4
22;11;4;-0,3;742.3;2;25,4
22;11;7;-0,4;742.0;2;26,6
22;11;10;-0,4;741.5;4;22,5
22;11;13;-0,4;742.0;4;16,6
22;11;16;-0,8;742.6;4;11,7
22;11;19;-1,8;743.5;3;18
22;11;22;-2,1;744.6;4;15,6
23;11;1;-2,5;745.3;4;6,8
23;11;4;-2,9;746.0;4;0
23;11;7;-3,2;747.1;4;0
23;11;10;-4,6;748.7;5;0
23;11;13;-3,8;749.6;4;0
23;11;16;-3,8;750.4;3;0
23;11;19;-4,5;752.2;3;0
23;11;22;-4,5;753.0;3;12,7
24;11;1;-4,5;753.7;2;22,3
24;11;4;-5,2;754.7;2;31
24;11;7;-6;755.5;1;28,4
24;11;10;-6,2;756.1;1;30,8
24;11;13;-6;756.1;1;27,1
24;11;16;-5,4;755.9;1;29,8
24;11;19;-5,1;756.0;1;46,2
24;11;22;-5;755.5;1;57,3
25;11;1;-4,8;754.9;1;76,6
25;11;4;-4,9;754.7;1;75,4
25;11;7;-5,8;754.6;1;60,2
25;11;10;-6,3;754.4;0;51,3
25;11;13;-6,2;754.3;2;33,6
25;11;16;-6,3;754.2;2;22,3
25;11;19;-6,6;754.7;3;19,9
25;11;22;-6,8;755.2;2;12,2
26;11;1;-7,2;755.7;2;12,2
26;11;4;-7,3;756.1;2;21,8
26;11;7;-6,8;756.4;2;28,2
26;11;10;-6;756.6;3;22,9
26;11;13;-5,2;756.7;3;25,1
26;11;16;-5,1;757.2;3;27,1
26;11;19;-5;757.3;3;27,4
26;11;22;-5;757.1;3;22,8
27;11;1;-5,3;757.4;3;27,2
27;11;4;-5,5;757.6;3;42,2
27;11;7;-5,7;757.5;2;52,5
27;11;10;-5,3;757.9;3;43,7
27;11;13;-4,7;758.2;2;33,6
27;11;16;-4,5;757.9;2;44,5
27;11;19;-4,7;757.8;3;85,8
27;11;22;-6,3;757.6;4;88,8
28;11;1;-5,8;757.6;2;89,1
28;11;4;-4,5;756.9;2;90
28;11;7;-4,2;757.0;3;90
28;11;10;-3,9;757.1;2;88,3
28;11;13;-3,7;757.3;3;84,2
28;11;16;-4;757.0;3;69,4
28;11;19;-4,5;757.2;3;82,8
28;11;22;-5,8;757.2;2;80
29;11;1;-7,2;757.1;2;89,4
29;11;4;-7;757.0;2;89,9
29;11;7;-7,8;756.8;3;87,3
29;11;10;-8,8;757.3;2;69,1
29;11;13;-6,6;757.3;3;54
29;11;16;-4,8;756.7;3;55,9
29;11;19;-4;756.7;3;46,3
29;11;22;-3,5;756.6;2;39,7
30;11;1;-3,7;756.9;4;36,9
30;11;4;-3,8;756.8;2;29,4
30;11;7;-3,6;756.9;4;20,8
30;11;10;-3,5;757.4;2;9,2
30;11;13;-2,8;757.6;3;0
30;11;16;-2,4;757.8;2;0
30;11;19;-2,2;758.4;3;0
30;11;22;-2,3;758.3;3;0
1;12;1;-2,4;758.9;2;6,2
1;12;4;-2,1;758.2;3;8,6
1;12;7;-2;757.5;3;10
1;12;10;-1,8;756.9;4;7,4
1;12;13;-1,2;756.3;4;1,2
1;12;16;-0,4;755.0;6;4,3
1;12;19;-0,2;754.0;5;8,3
1;12;22;0,1;752.2;5;6,7
2;12;1;0,1;752.2;4;5,7
2;12;4;0,1;751.8;4;8,1
2;12;7;0,4;752.0;3;10
2;12;10;0,7;752.7;2;11,7
2;12;13;1,1;753.1;3;10,1
2;12;16;1,5;753.6;2;18,5
2;12;19;1,2;754.4;2;27,9
2;12;22;0,4;755.4;2;30,7
3;12;1;0;755.5;1;39,2
3;12;4;-0,4;755.1;2;71,5
3;12;7;-0,7;754.6;0;90
3;12;10;-1,8;754.1;0;90
3;12;13;0,5;753.7;0;66,7
3;12;16;0,6;753.1;1;26,6
3;12;19;-1,7;753.1;1;23,1
3;12;22;-3,2;753.0;1;11,5
4;12;1;-4,1;752.4;2;10,8
4;12;4;-3,5;751.2;2;11,2
4;12;7;-2,6;748.6;1;17,4
4;12;10;-0,5;744.6;2;27,3
4;12;13;0,5;742.2;2;42,3
4;12;16;1,3;740.3;2;50,3
4;12;19;2,2;739.3;4;48
4;12;22;0,5;739.3;3;44,4
5;12;1;-1,3;740.6;3;45,8
5;12;4;-1,5;742.0;2;58,4
5;12;7;-2;743.0;2;53,6
5;12;10;-2,4;744.0;3;33,3
5;12;13;-2,3;744.8;3;58
5;12;16;-2,2;744.4;2;22
5;12;19;-2,8;745.0;2;29,2
5;12;22;-3,4;744.8;;79,9
6;12;1;-3,2;744.4;1;74,8
6;12;4;-3,2;743.9;1;79,2
6;12;7;-3,3;743.2;2;44,8
6;12;10;-3,8;742.6;1;45,1
6;12;13;-2,9;741.9;3;36,4
6;12;16;-2,6;740.5;2;33,8
6;12;19;-3,1;740.1;2;40,2
6;12;22;-3,2;739.4;2;29,3
7;12;1;-3,6;739.0;2;19,8
7;12;4;-4,2;739.3;1;11,6
7;12;7;-4,8;739.7;1;13,2
7;12;10;-6,3;740.9;2;17,4
7;12;13;-4,4;742.0;2;3,8
7;12;16;-5;743.1;4;10,4
7;12;19;-4,8;744.7;3;16,2
7;12;22;-4,8;745.6;2;15
8;12;1;-5,2;746.5;1;14,8
8;12;4;-5;747.6;2;7,4
8;12;7;-5,3;747.8;0;10,3
8;12;10;-5,9;748.1;2;15,4
8;12;13;-4,9;748.4;2;6
8;12;16;-4,8;748.0;;6,9
8;12;19;-5,5;747.6;3;11,3
8;12;22;-5,7;747.4;3;3,4
9;12;1;-5,6;747.0;3;0
9;12;4;-4,9;746.7;3;2
9;12;7;-4,4;746.5;2;10
9;12;10;-3,6;746.7;2;6,3
9;12;13;-2,5;746.9;2;0
9;12;16;-1,5;747.1;2;1,1
9;12;19;-0,9;747.8;1;4,6
9;12;22;-0,6;747.9;1;0,7
10;12;1;-0,2;748.0;2;8,1
10;12;4;0;748.2;2;15,1
10;12;7;-0,2;747.8;1;33,7
10;12;10;-0,3;747.2;3;33,3
10;12;13;-0,6;747.0;4;44,5
10;12;16;-0,6;745.9;3;50,6
10;12;19;-0,2;745.0;3;54,9
10;12;22;0,2;744.4;4;40,6
11;12;1;0,7;744.1;4;29,6
11;12;4;1,5;743.6;3;17,5
11;12;7;1,6;743.1;2;15,4
11;12;10;-0,6;747.9;1;10,4
11;12;13;1,6;743.0;3;2,4
11;12;16;0,8;742.7;3;5,2
11;12;19;0,9;743.0;2;10,4
11;12;22;0,5;743.1;2;24,7
12;12;1;0,1;744.4;3;28,1
12;12;4;-0,7;745.6;2;44,7
12;12;7;-1,2;747.3;2;61
12;12;10;-1,5;748.5;2;70,5
12;12;13;-1;749.0;2;51,3
12;12;16;-0,6;748.6;3;36,7
12;12;19;-0,3;748.4;2;30,3
12;12;22;0,1;747.7;3;18,7
13;12;1;0,7;746.2;3;10,5
13;12;4;1,3;745.3;3;12,6
13;12;7;1,9;744.9;3;12,8
13;12;10;2,2;744.7;3;14,6
13;12;13;2,7;744.9;2;15,5
13;12;16;2,5;745.3;2;27,1
13;12;19;2,3;746.5;2;38,7
13;12;22;1,4;747.1;1;30,5
14;12;1;1;747.8;1;28,9
14;12;4;0,8;748.0;1;27,9
14;12;7;0,2;747.5;1;22,5
14;12;10;0;746.7;1;18,1
14;12;13;0,4;745.5;2;16,3
14;12;16;0,4;744.3;1;22,8
14;12;19;0,2;743.5;1;28,8
14;12;22;0,2;742.9;1;30,2
15;12;1;1,5;742.1;2;22,4
15;12;4;2,5;742.0;2;7,8
15;12;7;2,8;742.3;2;8,1
15;12;10;2,5;743.4;3;15,7
15;12;13;2,5;745.1;4;35,3
15;12;16;2,3;746.4;2;51,2
15;12;19;1,7;747.7;2;26,8
15;12;22;1,6;748.5;1;23,1
16;12;1;1,3;748.4;1;18,4
16;12;4;1,5;748.1;2;10,6
16;12;7;0,7;747.1;3;10,9
16;12;10;0,6;746.9;3;17,5
16;12;13;1,7;746.5;2;31,3
16;12;16;2,5;745.9;3;46
16;12;19;3;745.1;4;66,4
16;12;22;3,6;743.4;4;70,5
17;12;1;5;741.9;4;73,9
17;12;4;6,9;741.5;5;79,9
17;12;7;6,8;741.4;5;86,9
17;12;10;6,5;742.2;6;86
17;12;13;6,6;743.6;5;80,2
17;12;16;4,3;746.1;3;77,7
17;12;19;2,3;748.5;1;77,7
17;12;22;2;750.4;2;71,9
18;12;1;1,4;752.7;1;64,3
18;12;4;0,4;754.0;1;76,6
18;12;7;-0,1;754.7;1;82,8
18;12;10;-0,2;755.4;2;80,8
18;12;13;0,1;755.5;2;86,7
18;12;16;-0,5;754.8;3;89,8
18;12;19;-0,8;754.0;3;90
18;12;22;-0,7;753.0;3;85
19;12;1;-0,5;751.6;3;45,9
19;12;4;-0,9;750.9;3;41,3
19;12;7;-1,1;750.6;2;43
19;12;10;-0,6;751.0;2;55,3
19;12;13;-0,1;751.9;2;46,6
19;12;16;0;752.0;2;44,9
19;12;19;0,1;753.1;2;49,8
19;12;22;-0,1;754.1;2;43,6
20;12;1;-0,3;755.1;2;34,2
20;12;4;-0,6;756.1;1;39,7
20;12;7;-0,7;756.8;1;26,6
20;12;10;-0,7;758.3;1;14,1
20;12;13;-0,1;759.4;1;5,1
20;12;16;0,3;759.7;1;9,8
20;12;19;0,2;760.3;1;14,4
20;12;22;0,1;760.7;1;12,6
21;12;1;-0,1;761.2;1;12,7
21;12;4;-0,4;760.8;1;15,1
21;12;7;-0,5;760.3;0;16,3
21;12;10;-2,7;759.7;0;12,8
21;12;13;-0,8;758.8;1;9,4
21;12;16;-0,4;756.8;1;13
21;12;19;-0,6;755.5;1;14,3
21;12;22;-1,3;754.3;1;9
22;12;1;-1,8;753.1;1;6,2
22;12;4;-2,3;752.0;1;13,3
22;12;7;-3,3;751.1;1;12,1
22;12;10;-3,8;750.7;1;10,4
22;12;13;-3;750.0;2;3,8
22;12;16;-3,2;749.1;3;1,1
22;12;19;-3,6;748.5;2;0
22;12;22;-4,9;747.5;1;4,5
23;12;1;-5,8;746.8;1;12,6
23;12;4;-6,1;745.9;1;14,9
23;12;7;-5,3;744.8;2;14,6
23;12;10;-4,9;744.4;1;11,1
23;12;13;-3,8;744.2;2;6,7
23;12;16;-3,2;743.1;2;12,2
23;12;19;-3,5;742.0;2;18,3
23;12;22;-3,3;740.6;3;15,7
24;12;1;-3,1;737.6;4;10,9
24;12;4;-3;733.5;5;7,2
24;12;7;-3,2;728.8;5;1,7
24;12;10;-3;725.1;5;0
24;12;13;-2,4;723.7;3;2,4
24;12;16;-1,4;722.8;2;10,6
24;12;19;-0,5;724.0;3;17,7
24;12;22;-2,4;725.4;3;19,8
25;12;1;-2,5;726.7;3;18,6
25;12;4;-2,6;727.7;3;27,1
25;12;7;-2,9;729.4;3;38,3
25;12;10;-3,2;731.2;4;26,8
25;12;13;-3,1;733.3;4;15,6
25;12;16;-3,4;735.5;3;21,6
25;12;19;-3,8;738.5;4;18,9
25;12;22;-4,2;741.6;3;23,5
26;12;1;-5,9;743.6;3;29,4
26;12;4;-7,7;745.0;1;35
26;12;7;-6,8;744.3;3;61,3
26;12;10;-5,3;741.4;3;55,5
26;12;13;-2,9;738.7;3;88,3
26;12;16;0,8;738.2;2;90
26;12;19;2,3;739.3;2;90
26;12;22;3;740.2;2;90
27;12;1;2,7;740.8;3;90
27;12;4;2,3;741.2;2;90
27;12;7;2;741.0;2;81,7
27;12;10;1,9;740.5;3;52,3
27;12;13;2,1;740.3;4;60,2
27;12;16;2,3;740.5;3;83,1
27;12;19;1,7;741.2;2;90
27;12;22;1,3;741.6;2;90
28;12;1;1,1;742.7;2;90
28;12;4;0,8;743.5;2;90
28;12;7;0,7;744.4;1;90
28;12;10;0,9;745.4;1;90
28;12;13;1;746.5;2;90
28;12;16;0,8;747.4;1;90
28;12;19;0,7;748.6;2;90
28;12;22;0,3;749.3;2;89,2
29;12;1;0;750.2;2;69,1
29;12;4;-0,1;751.2;2;48
29;12;7;0,6;751.6;3;24,1
29;12;10;0,9;751.9;2;18
29;12;13;2,1;752.2;2;24,9
29;12;16;2,4;752.1;2;33,3
29;12;19;2,2;752.5;2;38,1
29;12;22;2,2;752.5;3;40,4
30;12;1;2,9;752.2;3;36,8
30;12;4;3,3;751.6;3;36
30;12;7;1,3;751.2;4;50,1
30;12;10;0,4;751.1;4;23
30;12;13;0,5;750.7;4;14,9
30;12;16;0,6;750.0;3;14,5
30;12;19;1,2;748.9;3;15,8
30;12;22;2,1;748.3;3;10,5
31;12;1;1,3;748.0;2;8,3
31;12;4;0,3;747.6;2;7,3
31;12;7;0,2;747.4;3;4,5
31;12;10;0,2;747.1;2;2,3
31;12;13;0,3;747.1;2;0
31;12;16;0,4;747.0;1;0
31;12;19;0,5;747.3;1;0
31;12;22;0,6;747.4;1;1,1
