01.01.2017 0:00;0,4;741.9;4
01.01.2017 3:00;0,8;741.0;3
01.01.2017 6:00;1;739.9;3
01.01.2017 9:00;1,5;739.3;3
01.01.2017 12:00;2,2;739.3;3
01.01.2017 15:00;1,9;738.7;2
01.01.2017 18:00;1,4;738.3;2
01.01.2017 21:00;1,4;737.5;2
02.01.2017 0:00;1,3;736.5;3
02.01.2017 3:00;1,3;735.2;2
02.01.2017 6:00;1,1;733.8;3
02.01.2017 9:00;0,8;733.5;3
02.01.2017 12:00;1,4;733.8;2
02.01.2017 15:00;1,3;734.2;1
02.01.2017 18:00;0,6;734.2;1
02.01.2017 21:00;-0,1;734.0;2
03.01.2017 0:00;-1;733.9;2
03.01.2017 3:00;-1,3;733.9;1
03.01.2017 6:00;-2,2;733.9;1
03.01.2017 9:00;-5,4;735.0;4
03.01.2017 12:00;-6,3;735.9;3
03.01.2017 15:00;-7;736.4;2
03.01.2017 18:00;-8,4;737.2;3
03.01.2017 21:00;-11,5;738.1;3
04.01.2017 0:00;-14,3;739.2;1
04.01.2017 3:00;-14,5;739.0;1
04.01.2017 6:00;-15,1;739.2;1
04.01.2017 9:00;-15;739.3;2
04.01.2017 12:00;-13,4;739.0;3
04.01.2017 15:00;-12;738.9;2
04.01.2017 18:00;-11,2;738.4;2
04.01.2017 21:00;-10,2;737.2;3
05.01.2017 0:00;-8,9;735.7;3
05.01.2017 3:00;-8,9;734.8;3
05.01.2017 6:00;-9,3;735.2;3
05.01.2017 9:00;-10,7;736.6;3
05.01.2017 12:00;-11,1;738.4;3
05.01.2017 15:00;-12,8;740.7;3
05.01.2017 18:00;-14,5;743.5;3
05.01.2017 21:00;-18;745.8;4
06.01.2017 0:00;-18,6;748.2;3
06.01.2017 3:00;-20;750.1;4
06.01.2017 6:00;-23;752.0;3
06.01.2017 9:00;-24,9;754.3;3
06.01.2017 12:00;-24,8;756.3;3
06.01.2017 15:00;-25,6;757.7;4
06.01.2017 18:00;-26,7;759.1;3
06.01.2017 21:00;-27,5;760.0;3
07.01.2017 0:00;-27,7;760.6;2
07.01.2017 3:00;-28,3;760.4;3
07.01.2017 6:00;-28,6;759.7;3
07.01.2017 9:00;-29,6;759.2;3
07.01.2017 12:00;-28,2;758.4;2
07.01.2017 15:00;-24,6;757.0;2
07.01.2017 18:00;-26,2;757.3;3
07.01.2017 21:00;-27,8;757.3;2
08.01.2017 0:00;-28,2;757.5;2
08.01.2017 3:00;-28,6;757.6;3
08.01.2017 6:00;-29,6;757.9;2
08.01.2017 9:00;-30;758.8;2
08.01.2017 12:00;-26,6;759.3;2
08.01.2017 15:00;-22,9;758.8;2
08.01.2017 18:00;-24,2;759.2;2
08.01.2017 21:00;-25,4;758.7;1
09.01.2017 0:00;-26,8;758.8;2
09.01.2017 3:00;-28,1;758.2;1
09.01.2017 6:00;-28,7;757.8;1
09.01.2017 9:00;-28,3;757.3;0
09.01.2017 12:00;-24,7;757.3;1
09.01.2017 15:00;-22,1;756.1;1
09.01.2017 18:00;-21,6;756.4;0
09.01.2017 21:00;-20,1;755.4;1
10.01.2017 0:00;-18,9;754.9;2
10.01.2017 3:00;-16,5;754.4;2
10.01.2017 6:00;-14,4;754.0;1
10.01.2017 9:00;-12,1;754.4;1
10.01.2017 12:00;-9,5;754.5;2
10.01.2017 15:00;-8,3;754.3;2
10.01.2017 18:00;-8,2;754.4;2
10.01.2017 21:00;-7;754.3;2
11.01.2017 0:00;-6,9;755.0;3
11.01.2017 3:00;-7,1;755.2;2
11.01.2017 6:00;-7,5;754.8;3
11.01.2017 9:00;-8,2;755.0;3
11.01.2017 12:00;-9,3;755.3;2
11.01.2017 15:00;-10;755.0;2
11.01.2017 18:00;-12,6;754.6;2
11.01.2017 21:00;-12,1;754.2;2
12.01.2017 0:00;-11,8;753.5;3
12.01.2017 3:00;-11,5;752.5;1
12.01.2017 6:00;-13,4;751.0;1
12.01.2017 9:00;-10;749.2;3
12.01.2017 12:00;-9,6;747.7;3
12.01.2017 15:00;-9,3;745.6;3
12.01.2017 18:00;-8,4;743.5;2
12.01.2017 21:00;-7,1;740.8;2
13.01.2017 0:00;-5,1;740.0;1
13.01.2017 3:00;-2,7;741.4;2
13.01.2017 6:00;-3,3;742.0;2
13.01.2017 9:00;-3,4;742.9;2
13.01.2017 12:00;-3,4;744.0;3
13.01.2017 15:00;-3,2;744.5;3
13.01.2017 18:00;-4,1;745.2;1
13.01.2017 21:00;-4,7;745.9;2
14.01.2017 0:00;-5,5;746.6;2
14.01.2017 3:00;-7,1;747.3;2
14.01.2017 6:00;-6,1;747.4;2
14.01.2017 9:00;-4,8;747.4;3
14.01.2017 12:00;-3,4;747.7;4
14.01.2017 15:00;-2,9;748.0;4
14.01.2017 18:00;-2,4;747.6;4
14.01.2017 21:00;-2,4;747.4;5
15.01.2017 0:00;-2,7;747.1;5
15.01.2017 3:00;-2,3;747.0;4
15.01.2017 6:00;-2,2;746.2;6
15.01.2017 9:00;-2,3;746.7;4
15.01.2017 12:00;-2,5;747.5;4
15.01.2017 15:00;-2;748.2;4
15.01.2017 18:00;-2,4;749.0;3
15.01.2017 21:00;-2,4;749.6;3
16.01.2017 0:00;-2,8;750.4;2
16.01.2017 3:00;-3,5;751.3;2
16.01.2017 6:00;-3,7;751.6;2
16.01.2017 9:00;-3,6;753.1;1
16.01.2017 12:00;-2,3;754.0;1
16.01.2017 15:00;-1,6;755.0;1
16.01.2017 18:00;-2,3;755.8;1
16.01.2017 21:00;-2,4;756.7;1
17.01.2017 0:00;-2,5;757.4;1
17.01.2017 3:00;-2,6;758.2;2
17.01.2017 6:00;-2,7;758.4;2
17.01.2017 9:00;-4,1;759.1;2
17.01.2017 12:00;-5;759.8;1
17.01.2017 15:00;-3,8;760.4;1
17.01.2017 18:00;-5;760.9;1
17.01.2017 21:00;-6;761.2;0
18.01.2017 0:00;-5,9;761.5;0
18.01.2017 3:00;-5,1;762.1;1
18.01.2017 6:00;-4,9;762.0;2
18.01.2017 9:00;-5,8;762.7;3
18.01.2017 12:00;-6,1;763.3;3
18.01.2017 15:00;-4,5;762.5;2
18.01.2017 18:00;-8,1;761.8;2
18.01.2017 21:00;-6,6;760.9;1
19.01.2017 0:00;-6,1;759.7;2
19.01.2017 3:00;-5,2;758.8;2
19.01.2017 6:00;-4,6;757.6;3
19.01.2017 9:00;-4,7;756.4;3
19.01.2017 12:00;-3,8;755.0;4
19.01.2017 15:00;-3;753.0;4
19.01.2017 18:00;-2,8;751.6;4
19.01.2017 21:00;-3,1;749.9;4
20.01.2017 0:00;-3,3;748.3;4
20.01.2017 3:00;-3,4;746.2;4
20.01.2017 6:00;-2,6;745.6;3
20.01.2017 9:00;-1,7;745.2;3
20.01.2017 12:00;0,4;745.9;4
20.01.2017 15:00;-0,4;746.6;5
20.01.2017 18:00;-2,8;747.7;2
20.01.2017 21:00;-5,9;747.9;2
21.01.2017 0:00;-5,4;747.3;1
21.01.2017 3:00;-6,3;745.8;2
21.01.2017 6:00;-8,2;744.2;2
21.01.2017 9:00;-3,6;743.8;3
21.01.2017 12:00;-2,2;743.8;3
21.01.2017 15:00;-2,3;744.2;5
21.01.2017 18:00;-4,2;745.9;3
21.01.2017 21:00;-5,5;747.9;4
22.01.2017 0:00;-6,3;749.8;3
22.01.2017 3:00;-7,2;750.6;4
22.01.2017 6:00;-8,2;750.8;4
22.01.2017 9:00;-8,1;750.9;3
22.01.2017 12:00;-5;749.9;3
22.01.2017 15:00;-2,8;748.2;3
22.01.2017 18:00;-3,4;746.8;2
22.01.2017 21:00;-1,8;747.2;4
23.01.2017 0:00;-1,9;748.6;3
23.01.2017 3:00;-2,9;748.9;1
23.01.2017 6:00;-2,7;748.6;1
23.01.2017 9:00;-2,8;748.1;1
23.01.2017 12:00;0,8;747.5;2
23.01.2017 15:00;1,4;746.0;3
23.01.2017 18:00;1;744.9;2
23.01.2017 21:00;0,6;744.0;4
24.01.2017 0:00;-0,2;743.3;2
24.01.2017 3:00;-0,6;742.1;3
24.01.2017 6:00;-0,8;741.1;3
24.01.2017 9:00;-1,2;740.6;3
24.01.2017 12:00;0,1;740.6;2
24.01.2017 15:00;0,7;740.8;3
24.01.2017 18:00;0,4;741.5;2
24.01.2017 21:00;-0,8;742.2;2
25.01.2017 0:00;-5,5;744.2;4
25.01.2017 3:00;-7,2;746.1;4
25.01.2017 6:00;-8,8;748.4;5
25.01.2017 9:00;-11,6;751.3;4
25.01.2017 12:00;-11;753.7;5
25.01.2017 15:00;-11,2;755.4;4
25.01.2017 18:00;-14,1;757.6;4
25.01.2017 21:00;-16,6;759.3;2
26.01.2017 0:00;-19,2;760.5;2
26.01.2017 3:00;-20,5;760.9;2
26.01.2017 6:00;-21,4;761.0;2
26.01.2017 9:00;-21,6;760.5;2
26.01.2017 12:00;-16,1;759.0;1
26.01.2017 15:00;-13,1;756.7;2
26.01.2017 18:00;-12,4;753.8;2
26.01.2017 21:00;-11,7;749.8;3
27.01.2017 0:00;-10,6;748.3;1
27.01.2017 3:00;-9,2;748.1;2
27.01.2017 6:00;-8,4;748.7;2
27.01.2017 9:00;-7,4;749.6;2
27.01.2017 12:00;-5,1;750.7;2
27.01.2017 15:00;-2,7;751.5;3
27.01.2017 18:00;-2,7;752.8;2
27.01.2017 21:00;-2,8;754.0;2
28.01.2017 0:00;-2,5;754.7;1
28.01.2017 3:00;-2,5;755.2;2
28.01.2017 6:00;-2,8;755.4;1
28.01.2017 9:00;-2,6;756.2;2
28.01.2017 12:00;-2;756.7;2
28.01.2017 15:00;-2,7;757.2;2
28.01.2017 18:00;-3,9;758.5;2
28.01.2017 21:00;-5,8;760.2;2
29.01.2017 0:00;-6,9;761.4;2
29.01.2017 3:00;-7,9;762.2;2
29.01.2017 6:00;-9,1;763.0;1
29.01.2017 9:00;-11,4;763.9;1
29.01.2017 12:00;-9,6;764.2;2
29.01.2017 15:00;-8;763.6;2
29.01.2017 18:00;-10,8;764.1;2
29.01.2017 21:00;-12;763.9;2
30.01.2017 0:00;-13,2;763.8;2
30.01.2017 3:00;-15;763.6;2
30.01.2017 6:00;-15,8;763.2;3
30.01.2017 9:00;-16,6;762.9;3
30.01.2017 12:00;-11;762.3;3
30.01.2017 15:00;-8;761.2;4
30.01.2017 18:00;-10,2;760.5;3
30.01.2017 21:00;-12,3;759.8;3
31.01.2017 0:00;-13,9;759.3;2
31.01.2017 3:00;-14,9;758.2;2
31.01.2017 6:00;-13,4;757.1;2
31.01.2017 9:00;-11,9;756.5;2
31.01.2017 12:00;-10,2;756.1;2
31.01.2017 15:00;-8,3;755.1;3
31.01.2017 18:00;-8,3;754.6;1
31.01.2017 21:00;-7,9;753.7;2
01.02.2017 0:00;-7,6;752.8;2
01.02.2017 3:00;-6,6;751.9;2
01.02.2017 6:00;-5,9;750.9;2
01.02.2017 9:00;-4,5;751.0;2
01.02.2017 12:00;-2,2;751.0;3
01.02.2017 15:00;-1,1;750.7;3
01.02.2017 18:00;-2,4;751.1;3
01.02.2017 21:00;-2,7;751.2;4
02.02.2017 0:00;-2,9;751.8;3
02.02.2017 3:00;-6,4;753.7;3
02.02.2017 6:00;-8,5;755.0;4
02.02.2017 9:00;-10;756.3;3
02.02.2017 12:00;-7,6;757.2;4
02.02.2017 15:00;-5,7;757.2;3
02.02.2017 18:00;-8,3;757.8;1
02.02.2017 21:00;-10,4;758.2;2
03.02.2017 0:00;-14;758.2;1
03.02.2017 3:00;-14,5;757.9;0
03.02.2017 6:00;-16,9;757.6;0
03.02.2017 9:00;-14,2;757.0;1
03.02.2017 12:00;-8,4;756.5;1
03.02.2017 15:00;-6,9;755.2;2
03.02.2017 18:00;-11,2;754.6;0
03.02.2017 21:00;-13;754.4;1
04.02.2017 0:00;-14,7;754.0;1
04.02.2017 3:00;-15,8;753.1;1
04.02.2017 6:00;-16,5;752.6;1
04.02.2017 9:00;-17,6;752.2;2
04.02.2017 12:00;-14;751.6;2
04.02.2017 15:00;-11,3;750.5;3
04.02.2017 18:00;-10,6;749.9;2
04.02.2017 21:00;-9,9;749.5;2
05.02.2017 0:00;-10;748.9;3
05.02.2017 3:00;-10,2;748.4;2
05.02.2017 6:00;-10,3;748.3;2
05.02.2017 9:00;-10,3;748.9;2
05.02.2017 12:00;-10,3;749.3;2
05.02.2017 15:00;-6,5;749.8;3
05.02.2017 18:00;-9;751.2;3
05.02.2017 21:00;-12;752.7;2
06.02.2017 0:00;-14,9;754.0;2
06.02.2017 3:00;-17;756.0;2
06.02.2017 6:00;-14,6;757.6;2
06.02.2017 9:00;-15,7;759.1;3
06.02.2017 12:00;-14,4;760.1;3
06.02.2017 15:00;-12,9;760.7;3
06.02.2017 18:00;-15,2;761.5;2
06.02.2017 21:00;-18,2;762.6;2
07.02.2017 0:00;-20,4;763.9;2
07.02.2017 3:00;-22,3;765.1;2
07.02.2017 6:00;-23,6;766.1;2
07.02.2017 9:00;-23,9;766.9;2
07.02.2017 12:00;-19,7;767.8;2
07.02.2017 15:00;-15,8;768.3;3
07.02.2017 18:00;-16,9;768.7;2
07.02.2017 21:00;-19,6;769.1;2
08.02.2017 0:00;-20,2;769.0;2
08.02.2017 3:00;-20,9;768.6;1
08.02.2017 6:00;-22;767.9;1
08.02.2017 9:00;-16,6;767.1;2
08.02.2017 12:00;-14,2;766.9;3
08.02.2017 15:00;-11,9;766.9;3
08.02.2017 18:00;-12,7;767.2;2
08.02.2017 21:00;-14,1;767.1;3
09.02.2017 0:00;-12,9;766.6;3
09.02.2017 3:00;-11,8;766.6;2
09.02.2017 6:00;-11,7;766.2;2
09.02.2017 9:00;-10,3;765.8;2
09.02.2017 12:00;-7,3;765.8;2
09.02.2017 15:00;-4,6;765.5;2
09.02.2017 18:00;-5;765.5;2
09.02.2017 21:00;-4,9;765.4;2
10.02.2017 0:00;-4;765.5;2
10.02.2017 3:00;-3,4;765.6;2
10.02.2017 6:00;-3;765.3;2
10.02.2017 9:00;-3,4;765.2;3
10.02.2017 12:00;-2,1;764.4;3
10.02.2017 15:00;-1,2;763.9;4
10.02.2017 18:00;-2,9;764.4;4
10.02.2017 21:00;-2,7;764.3;3
11.02.2017 0:00;-2,2;764.2;3
11.02.2017 3:00;-1,6;764.3;3
11.02.2017 6:00;-2;764.2;2
11.02.2017 9:00;-1,9;764.6;2
11.02.2017 12:00;0;764.6;3
11.02.2017 15:00;1,9;763.6;3
11.02.2017 18:00;-0,4;763.6;3
11.02.2017 21:00;-1;763.1;2
12.02.2017 0:00;-2,8;763.0;4
12.02.2017 3:00;-3,9;762.8;2
12.02.2017 6:00;-3,6;762.2;2
12.02.2017 9:00;-3,8;762.1;1
12.02.2017 12:00;-2,7;761.9;3
12.02.2017 15:00;-3;761.8;2
12.02.2017 18:00;-4,4;762.2;3
12.02.2017 21:00;-5,5;762.7;2
13.02.2017 0:00;-5,7;762.4;2
13.02.2017 3:00;-5,9;762.1;2
13.02.2017 6:00;-6,7;761.2;1
13.02.2017 9:00;-7,8;760.1;1
13.02.2017 12:00;-6,5;758.8;3
13.02.2017 15:00;-7,9;756.6;3
13.02.2017 18:00;-8,4;754.6;3
13.02.2017 21:00;-7,4;752.5;3
14.02.2017 0:00;-6,3;750.0;2
14.02.2017 3:00;-5,1;746.6;3
14.02.2017 6:00;-4,5;742.4;4
14.02.2017 9:00;-2,8;738.7;3
14.02.2017 12:00;1,6;737.7;5
14.02.2017 15:00;2,7;739.0;6
14.02.2017 18:00;2,3;742.2;7
14.02.2017 21:00;1,2;744.7;5
15.02.2017 0:00;0;747.0;5
15.02.2017 3:00;-1,1;748.5;3
15.02.2017 6:00;-1,6;750.2;4
15.02.2017 9:00;-1,8;752.3;4
15.02.2017 12:00;-1,4;754.4;5
15.02.2017 15:00;-1,1;755.2;4
15.02.2017 18:00;-3,3;757.5;4
15.02.2017 21:00;-4,6;758.8;3
16.02.2017 0:00;-6,8;759.4;2
16.02.2017 3:00;-8,9;760.3;2
16.02.2017 6:00;-10,2;760.7;2
16.02.2017 9:00;-9,9;760.6;2
16.02.2017 12:00;-4,1;760.3;0
16.02.2017 15:00;-2,9;758.8;1
16.02.2017 18:00;-4,7;757.7;2
16.02.2017 21:00;-7,9;756.8;2
17.02.2017 0:00;-8,8;755.3;2
17.02.2017 3:00;-9,7;753.2;2
17.02.2017 6:00;-9,3;750.9;2
17.02.2017 9:00;-7,4;748.9;4
17.02.2017 12:00;-4,5;747.7;3
17.02.2017 15:00;-4;746.3;4
17.02.2017 18:00;-3,5;745.4;2
17.02.2017 21:00;-3,2;744.7;3
18.02.2017 0:00;-2,3;743.9;2
18.02.2017 3:00;-1,6;743.3;2
18.02.2017 6:00;-0,2;742.9;2
18.02.2017 9:00;0,9;743.2;3
18.02.2017 12:00;2,2;743.3;3
18.02.2017 15:00;3;743.1;4
18.02.2017 18:00;2,1;743.4;2
18.02.2017 21:00;1,7;743.6;2
19.02.2017 0:00;1,2;743.5;3
19.02.2017 3:00;1,1;744.8;3
19.02.2017 6:00;0,4;745.9;2
19.02.2017 9:00;0,6;746.8;3
19.02.2017 12:00;1,9;746.5;3
19.02.2017 15:00;2,5;745.1;4
19.02.2017 18:00;2,1;743.5;3
19.02.2017 21:00;0,8;742.3;4
20.02.2017 0:00;0,9;741.5;4
20.02.2017 3:00;1,6;740.8;4
20.02.2017 6:00;1,3;739.9;4
20.02.2017 9:00;2,1;739.1;4
20.02.2017 12:00;2,6;738.7;4
20.02.2017 15:00;3,1;738.1;3
20.02.2017 18:00;2,7;737.1;5
20.02.2017 21:00;2,3;736.1;5
21.02.2017 0:00;2,3;734.5;4
21.02.2017 3:00;1,2;732.9;2
21.02.2017 6:00;0,6;730.6;3
21.02.2017 9:00;0,9;729.1;4
21.02.2017 12:00;1,1;728.3;3
21.02.2017 15:00;0,8;727.5;3
21.02.2017 18:00;0,5;727.2;3
21.02.2017 21:00;0,7;727.4;3
22.02.2017 0:00;0,9;728.4;2
22.02.2017 3:00;1;729.8;1
22.02.2017 6:00;1;731.0;1
22.02.2017 9:00;-0,7;733.0;3
22.02.2017 12:00;-3,3;735.0;4
22.02.2017 15:00;-3,9;736.0;3
22.02.2017 18:00;-5,4;737.0;2
22.02.2017 21:00;-6,5;736.9;2
23.02.2017 0:00;-6,6;736.6;2
23.02.2017 3:00;-6,5;735.5;2
23.02.2017 6:00;-6,1;734.0;2
23.02.2017 9:00;-4,5;732.4;3
23.02.2017 12:00;-2,3;730.6;4
23.02.2017 15:00;-1,1;728.9;3
23.02.2017 18:00;-0,8;728.3;1
23.02.2017 21:00;-0,7;728.8;0
24.02.2017 0:00;-2,1;729.8;1
24.02.2017 3:00;-1,8;730.8;2
24.02.2017 6:00;-0,2;731.5;2
24.02.2017 9:00;0,6;732.4;2
24.02.2017 12:00;1,9;731.5;2
24.02.2017 15:00;0,9;729.5;3
24.02.2017 18:00;0,7;727.1;3
24.02.2017 21:00;2,4;726.4;4
25.02.2017 0:00;2,8;726.8;3
25.02.2017 3:00;1,1;729.7;4
25.02.2017 6:00;-1;732.7;4
25.02.2017 9:00;-2;734.5;3
25.02.2017 12:00;-0,9;735.2;3
25.02.2017 15:00;1;735.5;4
25.02.2017 18:00;-1,3;736.0;3
25.02.2017 21:00;-1,7;737.0;3
26.02.2017 0:00;-2;737.5;2
26.02.2017 3:00;-3;738.6;4
26.02.2017 6:00;-5,7;741.1;3
26.02.2017 9:00;-4,8;742.0;2
26.02.2017 12:00;-3,3;742.7;4
26.02.2017 15:00;-0,7;742.0;3
26.02.2017 18:00;-1,4;741.5;3
26.02.2017 21:00;-1,9;740.9;2
27.02.2017 0:00;-2,8;739.3;4
27.02.2017 3:00;-2,2;737.7;3
27.02.2017 6:00;-1,2;737.2;2
27.02.2017 9:00;-0,3;737.6;2
27.02.2017 12:00;1;738.3;2
27.02.2017 15:00;2,3;739.6;1
27.02.2017 18:00;1,2;741.7;2
27.02.2017 21:00;0,6;744.5;2
28.02.2017 0:00;-0,2;746.5;1
28.02.2017 3:00;-0,8;748.5;2
28.02.2017 6:00;-1,4;750.0;1
28.02.2017 9:00;-1,2;751.3;1
28.02.2017 12:00;1,6;751.8;2
28.02.2017 15:00;2,3;751.4;3
28.02.2017 18:00;1,5;750.8;2
28.02.2017 21:00;1;750.2;2
01.03.2017 0:00;1,5;749.6;3
01.03.2017 3:00;2,1;748.6;3
01.03.2017 6:00;2,3;747.2;3
01.03.2017 9:00;2,6;747.1;5
01.03.2017 12:00;3,3;747.1;3
01.03.2017 15:00;5;746.4;3
01.03.2017 18:00;3,4;745.9;4
01.03.2017 21:00;2,7;745.8;2
02.03.2017 0:00;3,4;745.6;2
02.03.2017 3:00;2,9;745.3;3
02.03.2017 6:00;2,9;744.6;2
02.03.2017 9:00;2,6;743.9;3
02.03.2017 12:00;2,6;743.3;3
02.03.2017 15:00;2,9;742.4;3
02.03.2017 18:00;1,9;742.5;3
02.03.2017 21:00;1,3;742.6;3
03.03.2017 0:00;0,5;743.2;2
03.03.2017 3:00;0,9;743.7;1
03.03.2017 6:00;0,7;743.5;1
03.03.2017 9:00;0,9;743.0;2
03.03.2017 12:00;2,2;742.4;2
03.03.2017 15:00;4;741.0;4
03.03.2017 18:00;3,3;741.0;3
03.03.2017 21:00;3,1;741.5;4
04.03.2017 0:00;2,4;742.6;3
04.03.2017 3:00;1,5;744.6;2
04.03.2017 6:00;1,2;746.4;2
04.03.2017 9:00;1,5;747.6;2
04.03.2017 12:00;3,7;748.3;3
04.03.2017 15:00;4,8;748.7;3
04.03.2017 18:00;3,9;749.2;3
04.03.2017 21:00;2,7;749.8;2
05.03.2017 0:00;1,6;750.0;3
05.03.2017 3:00;0,7;749.4;2
05.03.2017 6:00;0,7;747.8;3
05.03.2017 9:00;2,2;746.8;3
05.03.2017 12:00;4;745.9;4
05.03.2017 15:00;4;745.0;3
05.03.2017 18:00;3,2;745.0;3
05.03.2017 21:00;2,6;745.3;1
06.03.2017 0:00;1,7;745.2;0
06.03.2017 3:00;1,4;745.0;1
06.03.2017 6:00;1,2;745.2;1
06.03.2017 9:00;0,5;745.9;2
06.03.2017 12:00;-0,2;747.0;3
06.03.2017 15:00;-0,9;748.3;3
06.03.2017 18:00;-1,6;749.5;3
06.03.2017 21:00;-1,6;750.2;2
07.03.2017 0:00;-1,6;750.3;2
07.03.2017 3:00;-1,4;750.9;2
07.03.2017 6:00;-1,2;751.8;2
07.03.2017 9:00;-0,5;752.8;2
07.03.2017 12:00;0,4;753.8;3
07.03.2017 15:00;1,3;754.6;2
07.03.2017 18:00;1,6;755.3;3
07.03.2017 21:00;0,9;756.4;2
08.03.2017 0:00;-0,3;757.2;2
08.03.2017 3:00;-1,2;757.9;3
08.03.2017 6:00;-1,8;758.7;2
08.03.2017 9:00;-0,7;759.6;1
08.03.2017 12:00;1,7;760.2;2
08.03.2017 15:00;5,2;760.2;2
08.03.2017 18:00;5,1;760.0;1
08.03.2017 21:00;1,7;760.2;1
09.03.2017 0:00;1,6;760.2;1
09.03.2017 3:00;1,2;760.2;1
09.03.2017 6:00;-0,3;760.0;1
09.03.2017 9:00;0;760.0;2
09.03.2017 12:00;5,9;759.4;2
09.03.2017 15:00;9,6;758.9;3
09.03.2017 18:00;6,8;758.0;2
09.03.2017 21:00;2,9;758.0;2
10.03.2017 0:00;1,4;757.8;2
10.03.2017 3:00;-0,3;757.4;1
10.03.2017 6:00;-1,5;756.4;2
10.03.2017 9:00;0,6;755.9;2
10.03.2017 12:00;6,3;754.9;4
10.03.2017 15:00;8,6;754.0;5
10.03.2017 18:00;5,4;753.5;3
10.03.2017 21:00;2,3;754.0;3
11.03.2017 0:00;0,4;754.2;2
11.03.2017 3:00;0;753.9;2
11.03.2017 6:00;-0,7;754.0;2
11.03.2017 9:00;1,3;754.8;3
11.03.2017 12:00;5,7;754.7;1
11.03.2017 15:00;6;754.4;1
11.03.2017 18:00;5,8;754.1;1
11.03.2017 21:00;3,4;755.0;0
12.03.2017 0:00;1,2;755.3;2
12.03.2017 3:00;-2,1;755.8;1
12.03.2017 6:00;-3,3;756.3;1
12.03.2017 9:00;-0,7;757.0;1
12.03.2017 12:00;4,8;757.4;2
12.03.2017 15:00;8,1;757.0;2
12.03.2017 18:00;6;756.8;2
12.03.2017 21:00;-0,4;757.2;1
13.03.2017 0:00;-2,8;757.3;0
13.03.2017 3:00;-4,2;757.3;1
13.03.2017 6:00;-4,8;757.1;1
13.03.2017 9:00;-2;757.6;0
13.03.2017 12:00;3,4;757.3;1
13.03.2017 15:00;5,9;756.8;1
13.03.2017 18:00;4,6;756.4;1
13.03.2017 21:00;0,1;756.7;0
14.03.2017 0:00;-2;756.7;0
14.03.2017 3:00;-4;756.9;0
14.03.2017 6:00;-4,7;756.9;0
14.03.2017 9:00;-0,4;757.5;1
14.03.2017 12:00;6,7;757.5;1
14.03.2017 15:00;8,8;757.0;1
14.03.2017 18:00;6,9;756.4;1
14.03.2017 21:00;-0,4;756.3;0
15.03.2017 0:00;-2,4;755.7;1
15.03.2017 3:00;-2,7;754.6;1
15.03.2017 6:00;-2,3;753.2;2
15.03.2017 9:00;0,7;751.8;2
15.03.2017 12:00;6,9;750.0;4
15.03.2017 15:00;9,3;748.1;5
15.03.2017 18:00;7,8;747.0;4
15.03.2017 21:00;5;746.2;3
16.03.2017 0:00;3,9;745.6;2
16.03.2017 3:00;1,9;744.7;2
16.03.2017 6:00;1,4;743.8;1
16.03.2017 9:00;1,1;744.0;1
16.03.2017 12:00;2;744.2;1
16.03.2017 15:00;2;744.6;1
16.03.2017 18:00;1,7;745.5;1
16.03.2017 21:00;0,8;746.7;1
17.03.2017 0:00;0,4;747.3;1
17.03.2017 3:00;0,4;747.8;1
17.03.2017 6:00;0,5;748.0;1
17.03.2017 9:00;0,8;748.6;1
17.03.2017 12:00;2;748.5;1
17.03.2017 15:00;2,9;748.0;1
17.03.2017 18:00;2,4;747.3;1
17.03.2017 21:00;2;746.7;2
18.03.2017 0:00;1,5;745.9;1
18.03.2017 3:00;1,1;745.5;2
18.03.2017 6:00;-0,1;744.8;3
18.03.2017 9:00;1,3;744.4;2
18.03.2017 12:00;3,1;743.9;4
18.03.2017 15:00;4,8;742.9;3
18.03.2017 18:00;4,4;742.1;4
18.03.2017 21:00;2;742.6;3
19.03.2017 0:00;1,4;741.9;4
19.03.2017 3:00;2,2;741.5;4
19.03.2017 6:00;1,4;740.8;3
19.03.2017 9:00;1,8;740.5;3
19.03.2017 12:00;2,2;740.5;3
19.03.2017 15:00;2,8;740.8;2
19.03.2017 18:00;2,6;741.0;2
19.03.2017 21:00;2,1;741.4;2
20.03.2017 0:00;1,7;741.3;1
20.03.2017 3:00;1,8;741.0;2
20.03.2017 6:00;1,4;740.9;2
20.03.2017 9:00;1,6;741.7;2
20.03.2017 12:00;3,2;742.3;1
20.03.2017 15:00;4,2;742.7;2
20.03.2017 18:00;4,1;743.6;1
20.03.2017 21:00;3;744.4;2
21.03.2017 0:00;2,9;744.4;1
21.03.2017 3:00;3;744.9;1
21.03.2017 6:00;2,9;745.4;1
21.03.2017 9:00;3,5;746.0;1
21.03.2017 12:00;4;746.8;1
21.03.2017 15:00;4,5;747.3;2
21.03.2017 18:00;4,9;747.9;2
21.03.2017 21:00;3,8;749.1;2
22.03.2017 0:00;0,5;749.5;1
22.03.2017 3:00;1,8;750.1;2
22.03.2017 6:00;0,8;750.5;1
22.03.2017 9:00;2,3;751.1;2
22.03.2017 12:00;6,1;751.1;3
22.03.2017 15:00;9,2;750.5;5
22.03.2017 18:00;8,5;750.3;3
22.03.2017 21:00;6,7;750.1;2
23.03.2017 0:00;5,8;749.6;1
23.03.2017 3:00;5,6;749.2;2
23.03.2017 6:00;0,5;750.7;2
23.03.2017 9:00;2,3;751.9;2
23.03.2017 12:00;8,2;752.8;3
23.03.2017 15:00;9,9;752.7;3
23.03.2017 18:00;8,4;753.1;2
23.03.2017 21:00;3,6;754.1;1
24.03.2017 0:00;0,4;754.9;1
24.03.2017 3:00;-1,8;754.9;1
24.03.2017 6:00;-1,4;754.6;2
24.03.2017 9:00;1,8;753.5;2
24.03.2017 12:00;6,6;752.0;3
24.03.2017 15:00;8,5;749.4;2
24.03.2017 18:00;6,5;747.7;3
24.03.2017 21:00;0,3;748.0;3
25.03.2017 0:00;0,7;747.1;2
25.03.2017 3:00;-1,2;747.1;3
25.03.2017 6:00;-2,7;747.3;3
25.03.2017 9:00;-1;747.4;3
25.03.2017 12:00;-0,2;747.5;3
25.03.2017 15:00;2,2;746.9;2
25.03.2017 18:00;3,3;746.5;2
25.03.2017 21:00;0,9;747.3;1
26.03.2017 0:00;-0,1;747.7;2
26.03.2017 3:00;-1,3;748.3;2
26.03.2017 6:00;-3,3;749.0;1
26.03.2017 9:00;1,6;749.9;1
26.03.2017 12:00;5,4;749.3;2
26.03.2017 15:00;6,8;747.7;3
26.03.2017 18:00;4,6;745.2;2
26.03.2017 21:00;3;742.4;3
27.03.2017 0:00;-0,5;738.5;4
27.03.2017 3:00;-0,5;732.9;4
27.03.2017 6:00;-0,1;729.7;3
27.03.2017 9:00;0,6;730.6;4
27.03.2017 12:00;2,4;733.3;6
27.03.2017 15:00;2,6;735.5;5
27.03.2017 18:00;0,8;737.4;4
27.03.2017 21:00;0,8;737.8;3
28.03.2017 0:00;0,8;736.2;2
28.03.2017 3:00;-0,6;733.3;2
28.03.2017 6:00;-0,4;729.7;3
28.03.2017 9:00;1,5;728.6;3
28.03.2017 12:00;1,1;731.4;5
28.03.2017 15:00;1,1;735.3;6
28.03.2017 18:00;2,1;737.8;5
28.03.2017 21:00;-1;740.5;3
29.03.2017 0:00;-2,1;741.0;2
29.03.2017 3:00;-2,4;740.8;2
29.03.2017 6:00;-3,3;742.5;5
29.03.2017 9:00;-2,3;744.8;4
29.03.2017 12:00;0,6;745.6;5
29.03.2017 15:00;0,1;745.6;3
29.03.2017 18:00;0,3;745.4;3
29.03.2017 21:00;-2,7;745.6;1
30.03.2017 0:00;-3,3;745.4;1
30.03.2017 3:00;-3,1;745.6;
30.03.2017 6:00;-4,8;746.5;2
30.03.2017 9:00;-2,2;747.7;
30.03.2017 12:00;-0,4;748.9;4
30.03.2017 15:00;-0,1;750.3;6
30.03.2017 18:00;-1,4;752.5;4
30.03.2017 21:00;-3,9;754.2;1
31.03.2017 0:00;-3,3;755.0;3
31.03.2017 3:00;-4,7;755.8;2
31.03.2017 6:00;-7,2;756.2;1
31.03.2017 9:00;-0,7;755.8;2
31.03.2017 12:00;2,2;754.4;2
31.03.2017 15:00;0,3;752.8;3
31.03.2017 18:00;-0,6;750.7;2
31.03.2017 21:00;-0,6;750.1;3
01.04.2017 0:00;-0,7;750.1;1
01.04.2017 3:00;-0,2;750.8;2
01.04.2017 6:00;-3,1;752.9;2
01.04.2017 9:00;-2,1;755.2;2
01.04.2017 12:00;0,8;756.5;1
01.04.2017 15:00;4,1;756.4;1
01.04.2017 18:00;3,4;755.3;3
01.04.2017 21:00;-0,2;754.8;2
02.04.2017 0:00;0,9;753.6;5
02.04.2017 3:00;0,8;751.4;5
02.04.2017 6:00;0,3;748.8;5
02.04.2017 9:00;1,6;747.8;3
02.04.2017 12:00;3,5;747.5;3
02.04.2017 15:00;5,6;747.4;2
02.04.2017 18:00;7,1;747.8;2
02.04.2017 21:00;6,3;748.9;0
03.04.2017 0:00;1,7;749.0;0
03.04.2017 3:00;1,8;749.2;0
03.04.2017 6:00;2,3;749.8;1
03.04.2017 9:00;4,2;749.8;2
03.04.2017 12:00;3,9;750.2;2
03.04.2017 15:00;3,5;750.8;2
03.04.2017 18:00;1;752.0;2
03.04.2017 21:00;0,3;754.1;
04.04.2017 0:00;0,4;755.5;2
04.04.2017 3:00;0,3;756.6;1
04.04.2017 6:00;-0,2;757.6;2
04.04.2017 9:00;1,8;759.1;2
04.04.2017 12:00;5,7;759.7;1
04.04.2017 15:00;7,5;759.6;3
04.04.2017 18:00;5,8;759.1;2
04.04.2017 21:00;4,6;758.8;2
05.04.2017 0:00;4,1;758.5;1
05.04.2017 3:00;3,7;757.7;
05.04.2017 6:00;3,4;756.4;3
05.04.2017 9:00;4,8;755.5;
05.04.2017 12:00;6;754.3;3
05.04.2017 15:00;9,2;752.2;4
05.04.2017 18:00;10,8;749.7;4
05.04.2017 21:00;8,5;748.6;3
06.04.2017 0:00;7,7;747.8;4
06.04.2017 3:00;5,9;746.6;2
06.04.2017 6:00;7,3;745.9;2
06.04.2017 9:00;8,3;745.5;3
06.04.2017 12:00;12,7;745.0;4
06.04.2017 15:00;17,2;743.4;6
06.04.2017 18:00;16,1;742.3;3
06.04.2017 21:00;12,3;743.0;
07.04.2017 0:00;11,1;743.0;4
07.04.2017 3:00;9,8;743.2;3
07.04.2017 6:00;7,2;742.8;2
07.04.2017 9:00;8,9;743.0;1
07.04.2017 12:00;10,4;743.2;2
07.04.2017 15:00;11,6;742.6;2
07.04.2017 18:00;11,4;742.3;2
07.04.2017 21:00;7,5;742.3;1
08.04.2017 0:00;3,5;741.3;0
08.04.2017 3:00;1,6;740.5;0
08.04.2017 6:00;-0,4;740.5;0
08.04.2017 9:00;7,3;740.4;1
08.04.2017 12:00;9,7;741.4;4
08.04.2017 15:00;6,2;742.6;2
08.04.2017 18:00;4,7;743.8;4
08.04.2017 21:00;4,5;745.4;1
09.04.2017 0:00;4,4;746.6;3
09.04.2017 3:00;1,3;748.6;3
09.04.2017 6:00;-0,6;750.6;3
09.04.2017 9:00;1;752.4;4
09.04.2017 12:00;5,3;753.1;3
09.04.2017 15:00;7,6;753.0;
09.04.2017 18:00;7,8;752.8;2
09.04.2017 21:00;2,9;752.8;
10.04.2017 0:00;2,2;752.2;2
10.04.2017 3:00;1,7;751.6;2
10.04.2017 6:00;0,8;751.1;2
10.04.2017 9:00;5,7;750.7;2
10.04.2017 12:00;9,2;749.8;3
10.04.2017 15:00;8,7;749.2;2
10.04.2017 18:00;9,3;748.2;2
10.04.2017 21:00;7,6;747.3;2
11.04.2017 0:00;4,7;746.2;1
11.04.2017 3:00;4,7;745.3;
11.04.2017 6:00;4,5;744.1;3
11.04.2017 9:00;10,4;743.1;4
11.04.2017 12:00;15,9;742.0;5
11.04.2017 15:00;18,5;740.5;5
11.04.2017 18:00;17,6;739.3;5
11.04.2017 21:00;14,2;739.3;3
12.04.2017 0:00;9,1;740.2;3
12.04.2017 3:00;6,7;739.9;2
12.04.2017 6:00;5,6;739.9;2
12.04.2017 9:00;7,9;739.6;3
12.04.2017 12:00;2,5;739.8;4
12.04.2017 15:00;6;740.0;6
12.04.2017 18:00;6;739.9;2
12.04.2017 21:00;2,4;741.1;
13.04.2017 0:00;1;742.2;2
13.04.2017 3:00;0;741.8;2
13.04.2017 6:00;1,5;741.1;2
13.04.2017 9:00;3,5;740.0;3
13.04.2017 12:00;5,2;739.5;3
13.04.2017 15:00;5,5;738.9;4
13.04.2017 18:00;5,5;738.3;4
13.04.2017 21:00;5,4;737.6;3
14.04.2017 0:00;5,9;736.8;3
14.04.2017 3:00;6;736.3;2
14.04.2017 6:00;6;735.7;3
14.04.2017 9:00;7,7;736.0;3
14.04.2017 12:00;7,5;737.2;3
14.04.2017 15:00;6,5;737.4;4
14.04.2017 18:00;2,4;738.4;3
14.04.2017 21:00;1,2;739.1;4
15.04.2017 0:00;0,6;738.7;3
15.04.2017 3:00;-1,4;738.8;2
15.04.2017 6:00;-2,3;739.1;3
15.04.2017 9:00;-0,3;739.1;3
15.04.2017 12:00;1;739.6;4
15.04.2017 15:00;2,3;740.2;4
15.04.2017 18:00;2,3;740.5;3
15.04.2017 21:00;-0,6;741.0;1
16.04.2017 0:00;-1,7;741.5;1
16.04.2017 3:00;-3;741.9;0
16.04.2017 6:00;-3,8;742.3;0
16.04.2017 9:00;2;742.2;1
16.04.2017 12:00;5,6;741.1;2
16.04.2017 15:00;4,4;739.9;4
16.04.2017 18:00;1,6;738.1;3
16.04.2017 21:00;2;737.6;2
17.04.2017 0:00;2,3;737.4;1
17.04.2017 3:00;2,2;736.3;
17.04.2017 6:00;1;737.3;3
17.04.2017 9:00;-1,6;740.6;
17.04.2017 12:00;-1,2;743.8;4
17.04.2017 15:00;0,2;746.2;2
17.04.2017 18:00;0,2;747.7;3
17.04.2017 21:00;-1,5;749.2;1
18.04.2017 0:00;-3,9;750.3;1
18.04.2017 3:00;-4,5;751.1;1
18.04.2017 6:00;-5;752.3;1
18.04.2017 9:00;0,6;753.6;2
18.04.2017 12:00;2,1;754.4;2
18.04.2017 15:00;2,5;755.0;2
18.04.2017 18:00;1,9;755.7;3
18.04.2017 21:00;-0,5;757.0;
19.04.2017 0:00;-0,9;757.0;2
19.04.2017 3:00;-2,6;757.1;1
19.04.2017 6:00;-3,1;757.3;2
19.04.2017 9:00;-0,1;757.3;2
19.04.2017 12:00;2,8;757.0;5
19.04.2017 15:00;2,7;756.7;5
19.04.2017 18:00;2,6;756.6;5
19.04.2017 21:00;0,7;756.6;
20.04.2017 0:00;-0,7;756.3;2
20.04.2017 3:00;-1,3;756.0;3
20.04.2017 6:00;-1,8;755.6;3
20.04.2017 9:00;1,3;755.3;5
20.04.2017 12:00;4,1;754.6;5
20.04.2017 15:00;4,8;753.9;5
20.04.2017 18:00;4,8;753.4;4
20.04.2017 21:00;1,6;753.7;1
21.04.2017 0:00;-2,3;753.1;1
21.04.2017 3:00;-3,8;752.5;1
21.04.2017 6:00;-2,9;751.6;2
21.04.2017 9:00;3,5;750.4;3
21.04.2017 12:00;5,9;748.1;4
21.04.2017 15:00;7,7;745.6;6
21.04.2017 18:00;7,4;743.0;3
21.04.2017 21:00;6,4;741.7;3
22.04.2017 0:00;4,6;739.5;1
22.04.2017 3:00;4,2;738.0;2
22.04.2017 6:00;3,7;737.1;2
22.04.2017 9:00;6,3;736.2;2
22.04.2017 12:00;8,1;735.3;3
22.04.2017 15:00;9,9;733.4;4
22.04.2017 18:00;6,4;732.0;3
22.04.2017 21:00;5,1;732.6;3
23.04.2017 0:00;4,2;733.9;4
23.04.2017 3:00;2,3;734.7;2
23.04.2017 6:00;2,3;735.4;3
23.04.2017 9:00;4,8;736.6;4
23.04.2017 12:00;5,4;738.1;5
23.04.2017 15:00;8,6;739.2;4
23.04.2017 18:00;8,1;740.7;3
23.04.2017 21:00;4,9;742.3;1
24.04.2017 0:00;0,6;743.2;1
24.04.2017 3:00;-2,2;743.2;0
24.04.2017 6:00;-1,1;743.0;0
24.04.2017 9:00;6;743.3;1
24.04.2017 12:00;7,8;743.2;3
24.04.2017 15:00;8;742.6;1
24.04.2017 18:00;5,3;743.2;3
24.04.2017 21:00;4,3;744.4;2
25.04.2017 0:00;2,3;745.0;2
25.04.2017 3:00;-0,5;745.8;1
25.04.2017 6:00;0,1;747.1;1
25.04.2017 9:00;7,7;748.5;2
25.04.2017 12:00;9,6;749.1;2
25.04.2017 15:00;10,2;749.3;4
25.04.2017 18:00;10,3;749.7;2
25.04.2017 21:00;5,1;750.5;1
26.04.2017 0:00;3,1;750.7;1
26.04.2017 3:00;1,5;750.5;1
26.04.2017 6:00;3,5;749.5;2
26.04.2017 9:00;9,9;748.3;5
26.04.2017 12:00;13,4;747.1;7
26.04.2017 15:00;17,7;745.3;8
26.04.2017 18:00;18,5;744.3;7
26.04.2017 21:00;10,9;746.5;1
27.04.2017 0:00;8,5;747.4;0
27.04.2017 3:00;7,7;747.8;2
27.04.2017 6:00;3,9;748.7;2
27.04.2017 9:00;4,2;749.2;1
27.04.2017 12:00;6,1;749.5;1
27.04.2017 15:00;8;748.9;0
27.04.2017 18:00;7,5;748.3;2
27.04.2017 21:00;5,6;749.8;1
28.04.2017 0:00;5,1;750.7;2
28.04.2017 3:00;4,2;751.0;2
28.04.2017 6:00;3,6;751.8;2
28.04.2017 9:00;3,8;753.7;2
28.04.2017 12:00;5,9;754.4;2
28.04.2017 15:00;6,3;754.9;2
28.04.2017 18:00;6;754.8;2
28.04.2017 21:00;6;754.3;4
29.04.2017 0:00;5,8;753.7;2
29.04.2017 3:00;5,8;752.8;3
29.04.2017 6:00;5,5;752.5;2
29.04.2017 9:00;11,2;752.2;2
29.04.2017 12:00;21;751.6;4
29.04.2017 15:00;22,8;751.0;3
29.04.2017 18:00;22,1;751.3;5
29.04.2017 21:00;16;752.4;2
30.04.2017 0:00;12,6;752.8;1
30.04.2017 3:00;9,8;753.2;1
30.04.2017 6:00;9,7;753.7;1
30.04.2017 9:00;18,7;753.9;2
30.04.2017 12:00;22,6;753.7;4
30.04.2017 15:00;23,7;753.4;4
30.04.2017 18:00;23,2;753.0;5
30.04.2017 21:00;18,1;753.7;1
01.05.2017 0:00;14,9;754.1;1
01.05.2017 3:00;12,6;755.0;1
01.05.2017 6:00;12,8;755.7;1
01.05.2017 9:00;18,6;756.4;3
01.05.2017 12:00;23,1;756.1;4
01.05.2017 15:00;23,8;755.1;4
01.05.2017 18:00;23,2;754.0;3
01.05.2017 21:00;15,5;753.7;0
02.05.2017 0:00;15;753.1;2
02.05.2017 3:00;15,7;752.5;2
02.05.2017 6:00;13,8;751.8;1
02.05.2017 9:00;20,4;751.3;3
02.05.2017 12:00;24;750.4;4
02.05.2017 15:00;24,8;749.2;3
02.05.2017 18:00;23,6;748.3;1
02.05.2017 21:00;16,1;750.1;3
03.05.2017 0:00;10,9;751.2;3
03.05.2017 3:00;7,2;751.9;4
03.05.2017 6:00;6,2;752.5;4
03.05.2017 9:00;11,8;753.3;4
03.05.2017 12:00;14,4;753.7;5
03.05.2017 15:00;15,9;754.0;5
03.05.2017 18:00;14,6;754.4;3
03.05.2017 21:00;10,4;755.7;2
04.05.2017 0:00;6,5;756.6;1
04.05.2017 3:00;3,9;757.0;2
04.05.2017 6:00;3,6;757.6;3
04.05.2017 9:00;9;758.2;3
04.05.2017 12:00;9,8;758.1;4
04.05.2017 15:00;10,8;758.0;4
04.05.2017 18:00;11;757.4;4
04.05.2017 21:00;6,8;758.5;2
05.05.2017 0:00;3,3;758.8;1
05.05.2017 3:00;-0,2;758.7;0
05.05.2017 6:00;0,4;758.5;1
05.05.2017 9:00;8,9;757.6;2
05.05.2017 12:00;12,4;755.2;4
05.05.2017 15:00;14,6;752.8;4
05.05.2017 18:00;15,1;750.1;2
05.05.2017 21:00;12,3;748.6;1
06.05.2017 0:00;11,3;747.2;1
06.05.2017 3:00;9,8;745.7;1
06.05.2017 6:00;9,1;745.0;2
06.05.2017 9:00;10,9;744.2;2
06.05.2017 12:00;16,2;742.8;4
06.05.2017 15:00;20,1;740.8;4
06.05.2017 18:00;17,9;740.3;4
06.05.2017 21:00;10,4;742.6;4
07.05.2017 0:00;5,9;744.5;3
07.05.2017 3:00;2,5;745.4;1
07.05.2017 6:00;2;746.5;1
07.05.2017 9:00;6,1;746.9;1
07.05.2017 12:00;8,7;746.2;3
07.05.2017 15:00;10,1;745.3;2
07.05.2017 18:00;9,7;744.4;3
07.05.2017 21:00;7,8;743.8;0
08.05.2017 0:00;6,6;743.1;1
08.05.2017 3:00;4,4;742.5;2
08.05.2017 6:00;1,8;741.4;3
08.05.2017 9:00;3,2;740.4;3
08.05.2017 12:00;2,4;739.8;3
08.05.2017 15:00;2,3;739.7;3
08.05.2017 18:00;1,4;739.0;3
08.05.2017 21:00;1,7;738.6;3
09.05.2017 0:00;1,7;737.2;3
09.05.2017 3:00;1,5;735.7;3
09.05.2017 6:00;0,4;735.1;2
09.05.2017 9:00;2,5;735.3;4
09.05.2017 12:00;3,1;736.6;3
09.05.2017 15:00;4,1;737.8;3
09.05.2017 18:00;3,8;739.2;3
09.05.2017 21:00;2,4;740.3;1
10.05.2017 0:00;-0,2;740.5;0
10.05.2017 3:00;-1,3;740.3;0
10.05.2017 6:00;0;740.1;1
10.05.2017 9:00;0,8;740.3;1
10.05.2017 12:00;6,2;740.4;1
10.05.2017 15:00;9,1;740.4;3
10.05.2017 18:00;8,4;740.2;3
10.05.2017 21:00;4,1;740.9;1
11.05.2017 0:00;2,7;741.2;3
11.05.2017 3:00;2,2;742.0;3
11.05.2017 6:00;1,1;742.8;1
11.05.2017 9:00;6,8;743.1;2
11.05.2017 12:00;7,3;743.4;3
11.05.2017 15:00;5;744.1;1
11.05.2017 18:00;4,4;744.3;1
11.05.2017 21:00;2,3;743.2;2
12.05.2017 0:00;0,9;743.1;2
12.05.2017 3:00;1;744.1;2
12.05.2017 6:00;1,2;745.8;2
12.05.2017 9:00;5,8;747.6;4
12.05.2017 12:00;6,9;748.7;3
12.05.2017 15:00;8,4;749.2;4
12.05.2017 18:00;6,5;750.1;2
12.05.2017 21:00;2,9;750.7;1
13.05.2017 0:00;0,6;751.3;1
13.05.2017 3:00;0,1;751.9;2
13.05.2017 6:00;3,1;752.5;1
13.05.2017 9:00;8,6;753.2;2
13.05.2017 12:00;11,4;753.4;3
13.05.2017 15:00;11,9;753.3;3
13.05.2017 18:00;12,1;752.9;1
13.05.2017 21:00;7,1;753.2;1
14.05.2017 0:00;2,7;753.7;0
14.05.2017 3:00;0,9;754.2;1
14.05.2017 6:00;2;754.9;1
14.05.2017 9:00;10,8;755.8;3
14.05.2017 12:00;13,3;755.7;2
14.05.2017 15:00;14,2;755.9;3
14.05.2017 18:00;13,9;755.9;3
14.05.2017 21:00;9,3;757.0;1
15.05.2017 0:00;4,9;758.2;1
15.05.2017 3:00;1,7;758.7;1
15.05.2017 6:00;3,5;759.4;0
15.05.2017 9:00;10,8;759.7;1
15.05.2017 12:00;14;759.0;1
15.05.2017 15:00;15,5;757.3;2
15.05.2017 18:00;15,4;755.6;3
15.05.2017 21:00;12,5;755.0;2
16.05.2017 0:00;11,8;754.2;2
16.05.2017 3:00;10,4;752.7;3
16.05.2017 6:00;10,1;751.1;3
16.05.2017 9:00;11,3;750.1;2
16.05.2017 12:00;8,8;750.6;2
16.05.2017 15:00;8,6;751.4;3
16.05.2017 18:00;7,1;751.8;3
16.05.2017 21:00;5,6;752.4;3
17.05.2017 0:00;5,6;752.1;3
17.05.2017 3:00;4,9;752.2;4
17.05.2017 6:00;4,1;752.8;4
17.05.2017 9:00;4,6;753.1;4
17.05.2017 12:00;5,9;753.4;4
17.05.2017 15:00;6,4;754.0;3
17.05.2017 18:00;7;754.0;3
17.05.2017 21:00;6,8;754.3;1
18.05.2017 0:00;6;753.4;2
18.05.2017 3:00;5,1;752.8;3
18.05.2017 6:00;5;753.0;2
18.05.2017 9:00;7,1;753.5;2
18.05.2017 12:00;11,7;753.5;2
18.05.2017 15:00;16,5;752.8;2
18.05.2017 18:00;17,4;752.2;3
18.05.2017 21:00;12,2;752.5;1
19.05.2017 0:00;6,8;752.5;1
19.05.2017 3:00;6,5;752.2;1
19.05.2017 6:00;9,2;751.9;1
19.05.2017 9:00;16,4;752.0;2
19.05.2017 12:00;18,4;751.9;2
19.05.2017 15:00;19,5;751.2;2
19.05.2017 18:00;19,9;750.6;2
19.05.2017 21:00;14,2;750.7;1
20.05.2017 0:00;9,2;750.7;0
20.05.2017 3:00;7;750.2;0
20.05.2017 6:00;8,8;749.5;1
20.05.2017 9:00;17,5;749.3;1
20.05.2017 12:00;22,3;748.5;3
20.05.2017 15:00;22,2;747.2;3
20.05.2017 18:00;22;745.8;2
20.05.2017 21:00;17,6;745.0;1
21.05.2017 0:00;16,8;744.2;1
21.05.2017 3:00;14,7;743.5;1
21.05.2017 6:00;13,5;743.5;4
21.05.2017 9:00;10;744.1;4
21.05.2017 12:00;10,6;744.8;4
21.05.2017 15:00;11,2;745.1;4
21.05.2017 18:00;11,3;745.0;3
21.05.2017 21:00;8,3;745.9;2
22.05.2017 0:00;6,3;746.5;2
22.05.2017 3:00;4,5;746.5;2
22.05.2017 6:00;5,1;747.1;2
22.05.2017 9:00;10,4;747.8;2
22.05.2017 12:00;12,4;747.7;3
22.05.2017 15:00;14,2;747.2;4
22.05.2017 18:00;14,1;746.9;3
22.05.2017 21:00;9,9;747.4;1
23.05.2017 0:00;3,6;747.6;0
23.05.2017 3:00;2,3;747.6;0
23.05.2017 6:00;5,4;747.6;0
23.05.2017 9:00;14,4;747.2;2
23.05.2017 12:00;16,2;746.8;3
23.05.2017 15:00;17,2;746.3;2
23.05.2017 18:00;18,8;745.7;2
23.05.2017 21:00;15,6;746.1;1
24.05.2017 0:00;11,5;746.0;2
24.05.2017 3:00;9,5;746.2;1
24.05.2017 6:00;10,8;746.7;1
24.05.2017 9:00;18,9;747.1;1
24.05.2017 12:00;22,1;747.1;2
24.05.2017 15:00;23,5;746.9;3
24.05.2017 18:00;22,5;746.5;1
24.05.2017 21:00;16,6;747.3;1
25.05.2017 0:00;13,7;747.2;1
25.05.2017 3:00;12,1;746.8;1
25.05.2017 6:00;12,8;747.0;1
25.05.2017 9:00;19;746.9;4
25.05.2017 12:00;22,4;746.1;4
25.05.2017 15:00;18,5;745.9;3
25.05.2017 18:00;17,9;746.3;4
25.05.2017 21:00;14,7;746.2;1
26.05.2017 0:00;12,1;746.5;1
26.05.2017 3:00;12;746.2;0
26.05.2017 6:00;12,6;746.5;1
26.05.2017 9:00;13,9;746.4;2
26.05.2017 12:00;18,5;746.0;2
26.05.2017 15:00;20;744.8;3
26.05.2017 18:00;19,7;744.0;2
26.05.2017 21:00;14,5;744.7;2
27.05.2017 0:00;12,1;745.3;1
27.05.2017 3:00;10,3;745.9;2
27.05.2017 6:00;9,8;746.5;3
27.05.2017 9:00;12,3;747.4;3
27.05.2017 12:00;15,8;748.0;4
27.05.2017 15:00;17,3;748.0;3
27.05.2017 18:00;14,6;748.8;4
27.05.2017 21:00;10,6;749.4;1
28.05.2017 0:00;6,6;749.4;0
28.05.2017 3:00;7,5;749.2;0
28.05.2017 6:00;6,7;748.6;2
28.05.2017 9:00;5,4;749.5;3
28.05.2017 12:00;8,4;750.4;2
28.05.2017 15:00;11,9;750.7;2
28.05.2017 18:00;13;750.7;3
28.05.2017 21:00;7,2;751.0;0
29.05.2017 0:00;6,6;750.4;2
29.05.2017 3:00;6,4;747.7;3
29.05.2017 6:00;7,8;744.8;3
29.05.2017 9:00;14,6;742.4;4
29.05.2017 12:00;22,1;740.5;4
29.05.2017 15:00;20,9;738.4;3
29.05.2017 18:00;14,9;739.9;2
29.05.2017 21:00;14,4;739.6;1
30.05.2017 0:00;12,5;739.6;1
30.05.2017 3:00;11;740.5;1
30.05.2017 6:00;13,1;741.3;2
30.05.2017 9:00;13,4;742.7;3
30.05.2017 12:00;15,5;743.8;2
30.05.2017 15:00;15,8;744.7;4
30.05.2017 18:00;16,3;744.8;3
30.05.2017 21:00;12,2;746.2;1
31.05.2017 0:00;6,9;746.8;1
31.05.2017 3:00;3,4;747.0;0
31.05.2017 6:00;6,4;746.9;1
31.05.2017 9:00;13,6;745.5;3
31.05.2017 12:00;14,4;744.2;3
31.05.2017 15:00;17,8;742.1;3
31.05.2017 18:00;18,4;739.3;3
31.05.2017 21:00;16,4;737.8;2
01.06.2017 0:00;15,3;736.0;2
01.06.2017 3:00;14,8;733.9;2
01.06.2017 6:00;14;734.1;3
01.06.2017 9:00;13,1;735.1;3
01.06.2017 12:00;14,6;736.8;4
01.06.2017 15:00;16,8;737.3;2
01.06.2017 18:00;13,4;738.4;2
01.06.2017 21:00;10,7;739.5;2
02.06.2017 0:00;9,2;739.5;1
02.06.2017 3:00;6,4;738.5;1
02.06.2017 6:00;5,7;737.8;2
02.06.2017 9:00;7,1;738.1;3
02.06.2017 12:00;6,9;738.5;2
02.06.2017 15:00;8,7;739.0;3
02.06.2017 18:00;8,8;739.0;4
02.06.2017 21:00;5,4;739.2;
03.06.2017 0:00;4,3;739.0;1
03.06.2017 3:00;4;739.0;2
03.06.2017 6:00;3,9;739.8;2
03.06.2017 9:00;6,1;741.4;
03.06.2017 12:00;9;742.3;3
03.06.2017 15:00;11;742.9;3
03.06.2017 18:00;10;744.1;3
03.06.2017 21:00;6;745.0;1
04.06.2017 0:00;4,9;745.4;2
04.06.2017 3:00;5;746.1;2
04.06.2017 6:00;5,4;747.1;3
04.06.2017 9:00;6,6;747.9;2
04.06.2017 12:00;8,5;748.3;3
04.06.2017 15:00;11,8;748.3;2
04.06.2017 18:00;13,1;747.5;3
04.06.2017 21:00;10,6;747.7;2
05.06.2017 0:00;9,3;749.0;1
05.06.2017 3:00;4;749.9;0
05.06.2017 6:00;6,6;750.7;1
05.06.2017 9:00;12,9;750.3;3
05.06.2017 12:00;15,1;749.1;3
05.06.2017 15:00;11,2;747.1;3
05.06.2017 18:00;10,6;744.7;4
05.06.2017 21:00;11,1;744.1;1
06.06.2017 0:00;12,3;744.2;1
06.06.2017 3:00;12,7;745.0;2
06.06.2017 6:00;12,1;746.1;2
06.06.2017 9:00;13;747.5;3
06.06.2017 12:00;12,7;749.1;3
06.06.2017 15:00;13,7;750.0;3
06.06.2017 18:00;13,1;750.7;2
06.06.2017 21:00;12;751.0;1
07.06.2017 0:00;9,6;751.3;1
07.06.2017 3:00;8,3;751.3;0
07.06.2017 6:00;11;751.8;2
07.06.2017 9:00;16,3;751.6;2
07.06.2017 12:00;17,8;751.0;2
07.06.2017 15:00;20,9;750.1;2
07.06.2017 18:00;21,2;749.3;2
07.06.2017 21:00;16,9;749.3;1
08.06.2017 0:00;11,1;749.2;2
08.06.2017 3:00;8,6;748.9;1
08.06.2017 6:00;13,4;749.1;1
08.06.2017 9:00;18,7;748.9;1
08.06.2017 12:00;22,2;748.4;1
08.06.2017 15:00;20,4;748.6;2
08.06.2017 18:00;20,1;748.6;3
08.06.2017 21:00;16;749.7;3
09.06.2017 0:00;11,4;750.7;1
09.06.2017 3:00;9;751.2;1
09.06.2017 6:00;10,8;751.5;3
09.06.2017 9:00;15,9;752.0;2
09.06.2017 12:00;18,6;751.8;3
09.06.2017 15:00;19,8;751.5;2
09.06.2017 18:00;19,2;751.0;1
09.06.2017 21:00;15;750.8;0
10.06.2017 0:00;12,4;750.9;1
10.06.2017 3:00;11,2;750.7;1
10.06.2017 6:00;13,2;750.6;1
10.06.2017 9:00;17,9;750.4;1
10.06.2017 12:00;20,4;750.1;2
10.06.2017 15:00;21,2;749.3;1
10.06.2017 18:00;20,1;748.7;2
10.06.2017 21:00;15,4;748.9;1
11.06.2017 0:00;13,6;748.6;1
11.06.2017 3:00;12,2;748.5;2
11.06.2017 6:00;13,9;748.4;1
11.06.2017 9:00;18,1;748.2;1
11.06.2017 12:00;20,6;747.4;2
11.06.2017 15:00;21,1;746.7;2
11.06.2017 18:00;20,3;745.8;1
11.06.2017 21:00;17,8;745.6;1
12.06.2017 0:00;12,9;745.0;0
12.06.2017 3:00;10,9;744.6;1
12.06.2017 6:00;11,7;744.3;1
12.06.2017 9:00;20,5;743.8;2
12.06.2017 12:00;21,7;743.0;2
12.06.2017 15:00;22,6;742.1;4
12.06.2017 18:00;21,8;741.0;2
12.06.2017 21:00;19,3;740.5;2
13.06.2017 0:00;16,1;739.6;2
13.06.2017 3:00;15;738.1;1
13.06.2017 6:00;15,1;736.7;2
13.06.2017 9:00;14,9;735.3;2
13.06.2017 12:00;15,5;733.5;3
13.06.2017 15:00;15,3;732.4;2
13.06.2017 18:00;14;733.0;2
13.06.2017 21:00;13,2;733.1;3
14.06.2017 0:00;12,1;733.2;2
14.06.2017 3:00;11,6;733.0;2
14.06.2017 6:00;11,8;733.0;1
14.06.2017 9:00;13,1;733.2;2
14.06.2017 12:00;15,4;733.3;3
14.06.2017 15:00;14,9;733.6;2
14.06.2017 18:00;15,7;733.9;3
14.06.2017 21:00;11,6;735.4;3
15.06.2017 0:00;9,8;736.3;3
15.06.2017 3:00;8,1;736.4;2
15.06.2017 6:00;8,6;736.9;1
15.06.2017 9:00;9,3;737.5;2
15.06.2017 12:00;10;739.1;2
15.06.2017 15:00;10,7;740.5;3
15.06.2017 18:00;10,6;741.3;2
15.06.2017 21:00;10;741.8;2
16.06.2017 0:00;10;741.7;3
16.06.2017 3:00;9,9;741.6;3
16.06.2017 6:00;9,5;741.6;3
16.06.2017 9:00;10,8;741.7;2
16.06.2017 12:00;11,5;742.2;2
16.06.2017 15:00;13;742.6;3
16.06.2017 18:00;14,4;742.6;2
16.06.2017 21:00;12,7;742.8;2
17.06.2017 0:00;12,3;743.0;2
17.06.2017 3:00;11,2;743.0;2
17.06.2017 6:00;11,2;743.5;2
17.06.2017 9:00;13,7;743.7;3
17.06.2017 12:00;16,6;744.0;2
17.06.2017 15:00;15,5;744.1;1
17.06.2017 18:00;19,6;744.4;3
17.06.2017 21:00;16;745.0;2
18.06.2017 0:00;14,1;745.2;2
18.06.2017 3:00;12,1;745.6;1
18.06.2017 6:00;14,7;745.8;2
18.06.2017 9:00;21;745.9;3
18.06.2017 12:00;24,6;745.9;4
18.06.2017 15:00;24,7;745.6;4
18.06.2017 18:00;24,8;745.3;2
18.06.2017 21:00;20,2;745.6;1
19.06.2017 0:00;12,5;745.3;1
19.06.2017 3:00;14,4;744.9;1
19.06.2017 6:00;14,7;744.8;1
19.06.2017 9:00;15,4;744.1;1
19.06.2017 12:00;16,2;742.6;4
19.06.2017 15:00;19,2;741.8;2
19.06.2017 18:00;20,5;741.1;3
19.06.2017 21:00;15,6;742.2;2
20.06.2017 0:00;11,4;742.0;1
20.06.2017 3:00;11,9;742.0;1
20.06.2017 6:00;13,9;742.2;2
20.06.2017 9:00;18,9;742.6;2
20.06.2017 12:00;21,8;742.3;3
20.06.2017 15:00;22,2;741.4;3
20.06.2017 18:00;22,3;739.8;2
20.06.2017 21:00;18,6;738.5;1
21.06.2017 0:00;15,1;737.0;2
21.06.2017 3:00;14,6;735.1;3
21.06.2017 6:00;14,8;735.1;2
21.06.2017 9:00;15,6;735.9;4
21.06.2017 12:00;16,7;737.0;4
21.06.2017 15:00;16,9;737.7;4
21.06.2017 18:00;17;737.7;4
21.06.2017 21:00;12,1;738.3;2
22.06.2017 0:00;9,3;738.4;1
22.06.2017 3:00;7,8;738.0;2
22.06.2017 6:00;9,3;738.5;2
22.06.2017 9:00;9,7;739.6;1
22.06.2017 12:00;14,5;740.5;3
22.06.2017 15:00;17,1;740.8;3
22.06.2017 18:00;13,4;741.7;2
22.06.2017 21:00;11,7;741.8;1
23.06.2017 0:00;8,7;742.0;1
23.06.2017 3:00;7,1;742.0;2
23.06.2017 6:00;8,9;742.0;2
23.06.2017 9:00;13,2;742.1;2
23.06.2017 12:00;15,1;741.7;2
23.06.2017 15:00;17,1;741.2;3
23.06.2017 18:00;16,1;741.3;2
23.06.2017 21:00;13;741.7;2
24.06.2017 0:00;8,3;741.7;1
24.06.2017 3:00;5,6;741.8;0
24.06.2017 6:00;10,5;742.2;1
24.06.2017 9:00;16;742.3;1
24.06.2017 12:00;16,8;742.4;2
24.06.2017 15:00;18,1;742.4;3
24.06.2017 18:00;18,5;742.8;2
24.06.2017 21:00;13,3;743.0;1
25.06.2017 0:00;11,9;743.3;1
25.06.2017 3:00;7,4;743.4;0
25.06.2017 6:00;9,4;743.2;1
25.06.2017 9:00;15,9;742.7;2
25.06.2017 12:00;17,3;742.6;2
25.06.2017 15:00;17,2;742.7;3
25.06.2017 18:00;20;742.2;3
25.06.2017 21:00;17,8;742.6;1
26.06.2017 0:00;16,7;742.3;3
26.06.2017 3:00;15,5;742.1;2
26.06.2017 6:00;16,1;742.5;2
26.06.2017 9:00;19,7;742.8;4
26.06.2017 12:00;22,3;742.3;4
26.06.2017 15:00;20,9;742.0;3
26.06.2017 18:00;22,3;740.9;2
26.06.2017 21:00;17,5;740.2;2
27.06.2017 0:00;16,7;739.8;2
27.06.2017 3:00;15,6;740.8;2
27.06.2017 6:00;14,4;741.7;1
27.06.2017 9:00;16,1;742.0;3
27.06.2017 12:00;19,4;742.7;4
27.06.2017 15:00;20,3;743.5;3
27.06.2017 18:00;20,9;743.5;3
27.06.2017 21:00;16,6;744.2;1
28.06.2017 0:00;12,5;745.2;0
28.06.2017 3:00;9,9;745.6;1
28.06.2017 6:00;11,5;746.5;1
28.06.2017 9:00;17,9;746.9;2
28.06.2017 12:00;20,1;747.2;3
28.06.2017 15:00;20,9;747.3;3
28.06.2017 18:00;20,7;747.1;2
28.06.2017 21:00;17,5;747.1;1
29.06.2017 0:00;10,7;747.9;0
29.06.2017 3:00;8,5;748.5;1
29.06.2017 6:00;12;748.7;1
29.06.2017 9:00;20,2;748.9;1
29.06.2017 12:00;21,6;748.8;1
29.06.2017 15:00;23,3;748.6;1
29.06.2017 18:00;22,5;748.0;1
29.06.2017 21:00;18,8;747.8;1
30.06.2017 0:00;16,8;748.3;1
30.06.2017 3:00;16,6;748.3;2
30.06.2017 6:00;16,8;747.5;2
30.06.2017 9:00;22,2;746.9;4
30.06.2017 12:00;25,4;745.1;4
30.06.2017 15:00;27,3;743.1;5
30.06.2017 18:00;16,8;742.3;3
30.06.2017 21:00;18,1;742.2;4
01.07.2017 0:00;15,3;739.9;1
01.07.2017 3:00;14,5;739.9;2
01.07.2017 6:00;15,1;739.5;2
01.07.2017 9:00;20,6;739.4;3
01.07.2017 12:00;21,7;739.7;3
01.07.2017 15:00;23,5;739.4;3
01.07.2017 18:00;19,8;740.4;3
01.07.2017 21:00;18,5;739.7;1
02.07.2017 0:00;16,2;739.5;0
02.07.2017 3:00;15,9;737.9;1
02.07.2017 6:00;15,7;737.1;1
02.07.2017 9:00;17;737.3;2
02.07.2017 12:00;18,3;737.8;3
02.07.2017 15:00;15,5;738.1;3
02.07.2017 18:00;16,4;738.7;2
02.07.2017 21:00;15,3;739.2;1
03.07.2017 0:00;14,6;739.1;1
03.07.2017 3:00;14,3;738.9;0
03.07.2017 6:00;14,3;738.7;1
03.07.2017 9:00;16,3;738.4;1
03.07.2017 12:00;16,5;738.1;2
03.07.2017 15:00;15,2;739.2;3
03.07.2017 18:00;17,2;740.5;2
03.07.2017 21:00;15;741.6;1
04.07.2017 0:00;12,5;742.4;1
04.07.2017 3:00;10,5;742.3;1
04.07.2017 6:00;12,9;742.9;1
04.07.2017 9:00;19,3;742.9;1
04.07.2017 12:00;22;742.9;2
04.07.2017 15:00;18,2;743.4;1
04.07.2017 18:00;19,9;743.2;1
04.07.2017 21:00;16,3;743.7;1
05.07.2017 0:00;11,9;743.2;0
05.07.2017 3:00;9,3;743.0;0
05.07.2017 6:00;11,7;742.6;0
05.07.2017 9:00;16,6;741.7;1
05.07.2017 12:00;19,3;740.9;2
05.07.2017 15:00;19,9;740.2;2
05.07.2017 18:00;19,2;740.2;2
05.07.2017 21:00;16,2;741.1;4
06.07.2017 0:00;13,9;741.2;2
06.07.2017 3:00;13,7;741.5;2
06.07.2017 6:00;13,9;741.9;4
06.07.2017 9:00;16;742.5;2
06.07.2017 12:00;17,4;743.4;4
06.07.2017 15:00;19,7;743.2;2
06.07.2017 18:00;16,9;743.8;3
06.07.2017 21:00;14,8;744.0;1
07.07.2017 0:00;11,5;744.2;1
07.07.2017 3:00;10,7;744.1;2
07.07.2017 6:00;11,3;743.8;2
07.07.2017 9:00;14,7;743.6;3
07.07.2017 12:00;15,9;743.3;3
07.07.2017 15:00;13,7;743.5;3
07.07.2017 18:00;13,5;743.1;3
07.07.2017 21:00;9,7;742.9;1
08.07.2017 0:00;9,6;741.8;2
08.07.2017 3:00;9,9;740.2;2
08.07.2017 6:00;10,2;739.4;2
08.07.2017 9:00;11;739.0;3
08.07.2017 12:00;12;739.2;3
08.07.2017 15:00;12,7;739.9;4
08.07.2017 18:00;12,4;740.7;3
08.07.2017 21:00;12,1;741.5;3
09.07.2017 0:00;11,7;741.7;2
09.07.2017 3:00;11,6;741.5;2
09.07.2017 6:00;11,3;741.2;2
09.07.2017 9:00;11,4;741.3;2
09.07.2017 12:00;12,2;741.8;2
09.07.2017 15:00;14,7;742.2;3
09.07.2017 18:00;16,7;742.5;3
09.07.2017 21:00;13,8;743.4;1
10.07.2017 0:00;12,3;743.8;1
10.07.2017 3:00;11,9;743.5;1
10.07.2017 6:00;12,8;743.2;2
10.07.2017 9:00;14;743.5;3
10.07.2017 12:00;16,3;744.9;4
10.07.2017 15:00;18;745.9;2
10.07.2017 18:00;17,1;746.5;3
10.07.2017 21:00;15,4;747.5;1
11.07.2017 0:00;13,3;748.2;1
11.07.2017 3:00;12,2;748.9;1
11.07.2017 6:00;15,3;749.8;1
11.07.2017 9:00;20,3;750.2;1
11.07.2017 12:00;23,2;750.4;1
11.07.2017 15:00;24;750.4;1
11.07.2017 18:00;24,7;750.1;1
11.07.2017 21:00;18,8;750.4;1
12.07.2017 0:00;14,1;750.7;1
12.07.2017 3:00;12,6;750.4;1
12.07.2017 6:00;14,8;750.0;1
12.07.2017 9:00;22;749.4;3
12.07.2017 12:00;25;748.6;4
12.07.2017 15:00;22,6;748.0;4
12.07.2017 18:00;17,7;747.9;2
12.07.2017 21:00;16,9;747.1;2
13.07.2017 0:00;16,2;746.3;2
13.07.2017 3:00;16,3;745.4;2
13.07.2017 6:00;16,3;745.0;3
13.07.2017 9:00;17,9;744.7;3
13.07.2017 12:00;19,2;744.6;3
13.07.2017 15:00;19,2;744.4;3
13.07.2017 18:00;18,1;744.1;2
13.07.2017 21:00;18,1;743.8;2
14.07.2017 0:00;17,7;743.5;1
14.07.2017 3:00;17,3;743.3;2
14.07.2017 6:00;16,8;743.5;3
14.07.2017 9:00;17,3;743.7;2
14.07.2017 12:00;21,5;743.7;3
14.07.2017 15:00;22,6;743.7;2
14.07.2017 18:00;18,2;744.4;2
14.07.2017 21:00;19;744.9;1
15.07.2017 0:00;17,5;745.5;2
15.07.2017 3:00;16,7;745.6;2
15.07.2017 6:00;16,5;746.3;2
15.07.2017 9:00;20;747.0;2
15.07.2017 12:00;25,5;747.1;2
15.07.2017 15:00;26,5;747.3;4
15.07.2017 18:00;25,5;746.9;2
15.07.2017 21:00;21,7;747.4;1
16.07.2017 0:00;20,2;747.5;2
16.07.2017 3:00;18,3;747.7;2
16.07.2017 6:00;17,5;748.0;2
16.07.2017 9:00;19,9;748.4;2
16.07.2017 12:00;25,8;748.4;3
16.07.2017 15:00;25,7;748.5;4
16.07.2017 18:00;24,2;748.7;3
16.07.2017 21:00;19,8;749.2;2
17.07.2017 0:00;15,5;749.4;1
17.07.2017 3:00;13,4;749.2;1
17.07.2017 6:00;14,3;749.9;2
17.07.2017 9:00;16,8;750.1;3
17.07.2017 12:00;18,4;750.3;2
17.07.2017 15:00;17,1;750.7;3
17.07.2017 18:00;19,3;750.3;2
17.07.2017 21:00;15,9;750.3;1
18.07.2017 0:00;12,7;750.6;1
18.07.2017 3:00;11,4;750.6;1
18.07.2017 6:00;12,9;750.4;2
18.07.2017 9:00;19,9;750.1;2
18.07.2017 12:00;22,3;749.8;3
18.07.2017 15:00;22,5;749.0;1
18.07.2017 18:00;18,9;749.2;2
18.07.2017 21:00;17,2;749.4;1
19.07.2017 0:00;14,7;749.7;1
19.07.2017 3:00;12,8;750.0;1
19.07.2017 6:00;13,8;750.1;1
19.07.2017 9:00;19,9;750.6;1
19.07.2017 12:00;21,6;750.4;3
19.07.2017 15:00;21,6;750.4;2
19.07.2017 18:00;20,4;750.1;2
19.07.2017 21:00;17,1;750.4;1
20.07.2017 0:00;13,3;750.4;0
20.07.2017 3:00;10,6;750.3;0
20.07.2017 6:00;12,1;750.3;1
20.07.2017 9:00;17,9;750.4;1
20.07.2017 12:00;19,4;749.8;2
20.07.2017 15:00;20,5;749.0;1
20.07.2017 18:00;21,5;748.2;2
20.07.2017 21:00;18,1;748.2;1
21.07.2017 0:00;12,7;748.0;0
21.07.2017 3:00;11,5;747.8;0
21.07.2017 6:00;13,2;747.6;1
21.07.2017 9:00;17,3;748.0;1
21.07.2017 12:00;20,9;747.4;1
21.07.2017 15:00;15,9;747.6;3
21.07.2017 18:00;20,6;747.4;2
21.07.2017 21:00;17,3;748.5;1
22.07.2017 0:00;11,5;749.0;1
22.07.2017 3:00;9,3;749.4;0
22.07.2017 6:00;10,9;749.5;1
22.07.2017 9:00;18;749.8;1
22.07.2017 12:00;18,8;749.9;1
22.07.2017 15:00;19,2;749.3;1
22.07.2017 18:00;18,6;749.1;2
22.07.2017 21:00;14,9;748.9;1
23.07.2017 0:00;11,6;748.5;1
23.07.2017 3:00;9,5;747.7;1
23.07.2017 6:00;12,4;747.8;1
23.07.2017 9:00;17;747.8;2
23.07.2017 12:00;20,1;747.9;3
23.07.2017 15:00;22,2;747.7;4
23.07.2017 18:00;21;747.8;4
23.07.2017 21:00;15,6;748.1;1
24.07.2017 0:00;11,8;748.2;1
24.07.2017 3:00;9,7;747.9;1
24.07.2017 6:00;12;747.8;1
24.07.2017 9:00;19,6;747.4;2
24.07.2017 12:00;22,4;747.0;2
24.07.2017 15:00;23,6;746.6;3
24.07.2017 18:00;22,5;746.2;2
24.07.2017 21:00;16,3;746.3;1
25.07.2017 0:00;13,1;746.3;1
25.07.2017 3:00;10,7;746.4;0
25.07.2017 6:00;13,3;746.2;1
25.07.2017 9:00;21,1;746.0;1
25.07.2017 12:00;23,8;745.8;2
25.07.2017 15:00;25,1;745.5;1
25.07.2017 18:00;21;745.6;0
25.07.2017 21:00;18,1;745.6;0
26.07.2017 0:00;14,6;745.4;1
26.07.2017 3:00;12,7;745.9;1
26.07.2017 6:00;13,5;745.3;1
26.07.2017 9:00;23,1;745.0;2
26.07.2017 12:00;25,7;744.7;2
26.07.2017 15:00;26,7;744.3;3
26.07.2017 18:00;26,6;743.8;2
26.07.2017 21:00;20,6;743.6;1
27.07.2017 0:00;17,2;743.8;1
27.07.2017 3:00;16,8;743.5;1
27.07.2017 6:00;16,2;743.2;1
27.07.2017 9:00;22;742.9;3
27.07.2017 12:00;27,2;743.1;2
27.07.2017 15:00;29;742.8;3
27.07.2017 18:00;27,7;743.2;3
27.07.2017 21:00;23,3;744.2;1
28.07.2017 0:00;18,5;745.2;1
28.07.2017 3:00;15;745.9;0
28.07.2017 6:00;17,2;746.2;0
28.07.2017 9:00;23,5;746.9;1
28.07.2017 12:00;24,3;746.0;2
28.07.2017 15:00;24,8;745.9;2
28.07.2017 18:00;26,3;745.6;2
28.07.2017 21:00;22,4;745.7;1
29.07.2017 0:00;20,3;745.6;1
29.07.2017 3:00;18,3;745.2;1
29.07.2017 6:00;19,1;744.4;2
29.07.2017 9:00;25,2;743.6;2
29.07.2017 12:00;30,2;743.5;2
29.07.2017 15:00;31,7;743.0;3
29.07.2017 18:00;30;743.2;2
29.07.2017 21:00;24,7;743.1;2
30.07.2017 0:00;22,9;742.5;1
30.07.2017 3:00;20,6;741.7;1
30.07.2017 6:00;20,7;741.4;1
30.07.2017 9:00;21,5;742.0;2
30.07.2017 12:00;22,4;742.1;2
30.07.2017 15:00;25,2;740.8;2
30.07.2017 18:00;25,5;740.1;2
30.07.2017 21:00;19,7;740.5;0
31.07.2017 0:00;18,4;741.0;1
31.07.2017 3:00;18,4;740.9;1
31.07.2017 6:00;17,9;741.9;3
31.07.2017 9:00;17,5;743.5;3
31.07.2017 12:00;17,7;744.9;3
31.07.2017 15:00;20,5;745.9;2
31.07.2017 18:00;22,7;746.5;2
31.07.2017 21:00;20,4;747.8;2
01.08.2017 0:00;17,5;748.8;1
01.08.2017 3:00;14,2;749.3;1
01.08.2017 6:00;15,8;749.8;1
01.08.2017 9:00;20,8;749.9;2
01.08.2017 12:00;26,1;750.3;3
01.08.2017 15:00;26,4;750.7;4
01.08.2017 18:00;26,3;751.4;3
01.08.2017 21:00;21,7;752.5;1
02.08.2017 0:00;16,7;753.2;1
02.08.2017 3:00;17;753.7;1
02.08.2017 6:00;16,8;754.0;1
02.08.2017 9:00;20,9;754.3;1
02.08.2017 12:00;24,7;753.9;2
02.08.2017 15:00;26;752.8;2
02.08.2017 18:00;26,2;750.9;2
02.08.2017 21:00;21,5;749.8;2
03.08.2017 0:00;21,8;748.6;2
03.08.2017 3:00;20,1;747.4;1
03.08.2017 6:00;20,3;747.1;1
03.08.2017 9:00;20,3;747.4;1
03.08.2017 12:00;23,4;747.5;3
03.08.2017 15:00;24,8;747.2;3
03.08.2017 18:00;24,5;746.4;2
03.08.2017 21:00;20,3;746.9;1
04.08.2017 0:00;16,1;747.1;1
04.08.2017 3:00;16,1;747.1;1
04.08.2017 6:00;14,5;746.8;0
04.08.2017 9:00;20,8;746.8;1
04.08.2017 12:00;21,9;745.9;2
04.08.2017 15:00;21,6;744.9;2
04.08.2017 18:00;22,7;743.4;2
04.08.2017 21:00;19,9;742.9;1
05.08.2017 0:00;18,9;741.7;1
05.08.2017 3:00;17,8;741.5;2
05.08.2017 6:00;18,3;741.9;2
05.08.2017 9:00;21,6;742.7;2
05.08.2017 12:00;23,8;743.2;4
05.08.2017 15:00;24,4;743.1;3
05.08.2017 18:00;21,7;743.3;3
05.08.2017 21:00;19;744.2;1
06.08.2017 0:00;15,6;745.2;1
06.08.2017 3:00;13,8;746.4;1
06.08.2017 6:00;14,7;747.2;1
06.08.2017 9:00;20,6;748.3;2
06.08.2017 12:00;23,7;748.7;3
06.08.2017 15:00;24,5;749.2;4
06.08.2017 18:00;23,8;749.5;3
06.08.2017 21:00;17;750.1;1
07.08.2017 0:00;14,3;750.1;0
07.08.2017 3:00;17,2;749.8;2
07.08.2017 6:00;16,5;749.6;1
07.08.2017 9:00;17,2;749.7;2
07.08.2017 12:00;23,1;749.9;2
07.08.2017 15:00;24,1;750.0;3
07.08.2017 18:00;22,7;750.4;1
07.08.2017 21:00;19,5;750.9;1
08.08.2017 0:00;17,3;751.9;2
08.08.2017 3:00;15,8;752.4;1
08.08.2017 6:00;14,7;752.8;2
08.08.2017 9:00;19,5;753.2;1
08.08.2017 12:00;22,2;753.5;3
08.08.2017 15:00;22,6;753.9;3
08.08.2017 18:00;21,4;754.4;4
08.08.2017 21:00;17,1;755.3;1
09.08.2017 0:00;14,6;756.3;1
09.08.2017 3:00;13,2;757.1;2
09.08.2017 6:00;12,8;758.1;2
09.08.2017 9:00;18,8;758.5;1
09.08.2017 12:00;21,5;758.8;2
09.08.2017 15:00;22,3;758.3;2
09.08.2017 18:00;21,7;758.2;2
09.08.2017 21:00;14,6;758.1;1
10.08.2017 0:00;11,2;758.7;0
10.08.2017 3:00;9,6;759.1;0
10.08.2017 6:00;10,5;759.2;0
10.08.2017 9:00;19,6;758.7;1
10.08.2017 12:00;22,1;757.5;1
10.08.2017 15:00;24,1;756.5;2
10.08.2017 18:00;23,4;755.0;2
10.08.2017 21:00;16,3;753.5;0
11.08.2017 0:00;16;753.3;2
11.08.2017 3:00;14,4;752.9;2
11.08.2017 6:00;15,6;751.5;2
11.08.2017 9:00;17,6;750.7;2
11.08.2017 12:00;18,1;750.3;2
11.08.2017 15:00;19,6;749.8;1
11.08.2017 18:00;22;749.0;1
11.08.2017 21:00;18,7;749.5;1
12.08.2017 0:00;17,8;749.9;1
12.08.2017 3:00;16,2;750.2;2
12.08.2017 6:00;15,1;750.7;2
12.08.2017 9:00;20,7;751.5;1
12.08.2017 12:00;23,8;751.5;2
12.08.2017 15:00;25;751.0;2
12.08.2017 18:00;24,9;750.7;1
12.08.2017 21:00;16,4;750.7;0
13.08.2017 0:00;14,1;750.4;1
13.08.2017 3:00;11,9;751.1;0
13.08.2017 6:00;12,3;751.0;0
13.08.2017 9:00;22,1;751.1;1
13.08.2017 12:00;24,8;750.7;2
13.08.2017 15:00;26,1;750.1;3
13.08.2017 18:00;25,6;749.2;2
13.08.2017 21:00;20,2;749.5;1
14.08.2017 0:00;17,8;749.5;1
14.08.2017 3:00;16,7;749.2;1
14.08.2017 6:00;16,7;749.2;2
14.08.2017 9:00;23,3;749.3;1
14.08.2017 12:00;23,3;750.4;0
14.08.2017 15:00;23,9;750.9;2
14.08.2017 18:00;24;751.0;1
14.08.2017 21:00;20,8;751.9;1
15.08.2017 0:00;18,8;752.9;2
15.08.2017 3:00;17;753.7;2
15.08.2017 6:00;15,7;754.6;2
15.08.2017 9:00;19,6;755.5;2
15.08.2017 12:00;22,4;756.1;4
15.08.2017 15:00;23,1;756.5;4
15.08.2017 18:00;21,9;757.0;3
15.08.2017 21:00;15,8;758.0;1
16.08.2017 0:00;12,4;758.6;1
16.08.2017 3:00;10,3;758.8;1
16.08.2017 6:00;10,8;759.3;1
16.08.2017 9:00;18,3;759.5;1
16.08.2017 12:00;22,9;759.3;2
16.08.2017 15:00;23,9;758.6;2
16.08.2017 18:00;23,5;758.1;1
16.08.2017 21:00;17,7;758.2;1
17.08.2017 0:00;13,7;758.4;1
17.08.2017 3:00;12,7;758.6;
17.08.2017 6:00;14;758.8;1
17.08.2017 9:00;20,5;758.8;
17.08.2017 12:00;23,3;758.5;3
17.08.2017 15:00;24,5;757.9;3
17.08.2017 18:00;23,8;757.2;2
17.08.2017 21:00;18,3;757.3;2
18.08.2017 0:00;14,3;757.4;1
18.08.2017 3:00;13,5;757.5;1
18.08.2017 6:00;13;757.4;1
18.08.2017 9:00;20,5;757.5;2
18.08.2017 12:00;23,9;757.6;3
18.08.2017 15:00;25,6;756.7;
18.08.2017 18:00;25,5;755.6;2
18.08.2017 21:00;18,9;755.7;
19.08.2017 0:00;16,1;755.6;1
19.08.2017 3:00;13,5;755.3;0
19.08.2017 6:00;14,3;755.5;1
19.08.2017 9:00;21,5;755.5;1
19.08.2017 12:00;26,7;755.2;2
19.08.2017 15:00;29,1;754.6;3
19.08.2017 18:00;28,4;754.0;1
19.08.2017 21:00;19,7;754.1;1
20.08.2017 0:00;16,7;754.8;1
20.08.2017 3:00;15,3;754.9;
20.08.2017 6:00;15,3;754.8;1
20.08.2017 9:00;22,7;755.2;
20.08.2017 12:00;27,8;755.1;2
20.08.2017 15:00;30,9;755.0;2
20.08.2017 18:00;29,8;754.5;1
20.08.2017 21:00;19,2;754.6;0
21.08.2017 0:00;16,2;754.4;0
21.08.2017 3:00;14,8;754.3;0
21.08.2017 6:00;14,4;754.5;1
21.08.2017 9:00;22,1;754.1;2
21.08.2017 12:00;27,3;753.3;4
21.08.2017 15:00;28,8;752.5;3
21.08.2017 18:00;27,4;751.6;2
21.08.2017 21:00;21,6;751.6;1
22.08.2017 0:00;18,6;751.6;1
22.08.2017 3:00;16,9;751.3;1
22.08.2017 6:00;17,1;751.1;2
22.08.2017 9:00;23,1;751.1;2
22.08.2017 12:00;28;750.4;2
22.08.2017 15:00;28,2;749.5;4
22.08.2017 18:00;26,4;748.4;2
22.08.2017 21:00;21;747.7;2
23.08.2017 0:00;20,7;746.6;2
23.08.2017 3:00;19,6;745.3;2
23.08.2017 6:00;19;744.4;2
23.08.2017 9:00;17;743.8;
23.08.2017 12:00;22;743.2;4
23.08.2017 15:00;23,8;742.9;4
23.08.2017 18:00;22,8;742.1;3
23.08.2017 21:00;19,9;742.3;2
24.08.2017 0:00;17,2;742.0;3
24.08.2017 3:00;15,7;742.1;3
24.08.2017 6:00;15,1;742.5;2
24.08.2017 9:00;15,9;743.8;4
24.08.2017 12:00;18,6;744.7;5
24.08.2017 15:00;19,8;744.5;5
24.08.2017 18:00;17,8;744.9;4
24.08.2017 21:00;14,7;745.0;2
25.08.2017 0:00;12,2;744.7;2
25.08.2017 3:00;10,3;744.7;1
25.08.2017 6:00;9,9;744.7;2
25.08.2017 9:00;11,5;745.0;2
25.08.2017 12:00;14,6;746.0;2
25.08.2017 15:00;14,7;747.4;2
25.08.2017 18:00;16,2;747.9;2
25.08.2017 21:00;13,6;749.2;1
26.08.2017 0:00;12,6;749.5;2
26.08.2017 3:00;10,7;749.0;2
26.08.2017 6:00;10,2;748.7;2
26.08.2017 9:00;14,5;748.0;3
26.08.2017 12:00;18,2;746.6;3
26.08.2017 15:00;20,6;745.8;3
26.08.2017 18:00;18,4;745.9;1
26.08.2017 21:00;14,4;746.7;2
27.08.2017 0:00;11,9;747.4;1
27.08.2017 3:00;10,7;747.8;1
27.08.2017 6:00;9,2;747.7;2
27.08.2017 9:00;13,5;747.7;3
27.08.2017 12:00;17,1;747.2;3
27.08.2017 15:00;17,8;747.0;3
27.08.2017 18:00;16,4;747.1;3
27.08.2017 21:00;9,9;747.1;0
28.08.2017 0:00;10,2;747.0;0
28.08.2017 3:00;10,4;746.5;0
28.08.2017 6:00;10,1;746.0;1
28.08.2017 9:00;10,4;745.5;2
28.08.2017 12:00;10,5;745.0;2
28.08.2017 15:00;10,5;744.6;2
28.08.2017 18:00;10,6;744.7;2
28.08.2017 21:00;10,7;745.0;2
29.08.2017 0:00;10,5;745.2;2
29.08.2017 3:00;10,7;745.3;2
29.08.2017 6:00;9,7;746.3;4
29.08.2017 9:00;10,7;747.3;3
29.08.2017 12:00;13,2;748.2;4
29.08.2017 15:00;14,2;748.7;3
29.08.2017 18:00;13,6;749.6;2
29.08.2017 21:00;12;750.4;2
30.08.2017 0:00;11,1;751.3;2
30.08.2017 3:00;11;751.8;1
30.08.2017 6:00;10,7;752.6;1
30.08.2017 9:00;12,1;753.6;2
30.08.2017 12:00;14;754.0;3
30.08.2017 15:00;14,4;753.7;2
30.08.2017 18:00;13,7;753.7;1
30.08.2017 21:00;10,6;754.1;0
31.08.2017 0:00;5,9;754.4;0
31.08.2017 3:00;5;754.5;1
31.08.2017 6:00;4,1;754.7;1
31.08.2017 9:00;13,8;755.1;0
31.08.2017 12:00;16,8;754.9;1
31.08.2017 15:00;18,6;754.1;1
31.08.2017 18:00;17,9;753.7;1
31.08.2017 21:00;10;754.0;0
01.09.2017 0:00;7,6;754.0;0
01.09.2017 3:00;5,6;754.0;0
01.09.2017 6:00;5,1;754.0;0
01.09.2017 9:00;14,6;753.9;1
01.09.2017 12:00;19,6;752.8;1
01.09.2017 15:00;20,5;751.4;1
01.09.2017 18:00;17,9;750.1;0
01.09.2017 21:00;12,6;749.9;1
02.09.2017 0:00;11,1;749.4;0
02.09.2017 3:00;11,8;748.9;1
02.09.2017 6:00;10,4;748.3;1
02.09.2017 9:00;16,9;747.7;2
02.09.2017 12:00;21,4;746.9;3
02.09.2017 15:00;21,5;746.5;2
02.09.2017 18:00;20,1;746.1;2
02.09.2017 21:00;17,5;746.3;2
03.09.2017 0:00;16;746.2;2
03.09.2017 3:00;14,3;746.4;2
03.09.2017 6:00;13,9;746.8;2
03.09.2017 9:00;14,4;747.7;3
03.09.2017 12:00;14,9;748.2;3
03.09.2017 15:00;19,3;748.2;2
03.09.2017 18:00;17;749.4;2
03.09.2017 21:00;15,3;750.4;2
04.09.2017 0:00;14,1;750.7;2
04.09.2017 3:00;12,8;751.2;1
04.09.2017 6:00;10,9;751.7;1
04.09.2017 9:00;12;752.2;2
04.09.2017 12:00;15,7;752.0;2
04.09.2017 15:00;16,9;751.9;2
04.09.2017 18:00;13,2;752.5;2
04.09.2017 21:00;10,8;752.8;2
05.09.2017 0:00;9,9;752.7;2
05.09.2017 3:00;9,6;752.4;1
05.09.2017 6:00;9;751.7;2
05.09.2017 9:00;9,7;751.6;2
05.09.2017 12:00;11,3;751.3;3
05.09.2017 15:00;11,3;750.7;3
05.09.2017 18:00;10,4;749.9;3
05.09.2017 21:00;10,2;749.7;3
06.09.2017 0:00;10,1;748.7;3
06.09.2017 3:00;9,9;747.5;3
06.09.2017 6:00;9,8;747.0;3
06.09.2017 9:00;10,1;746.3;3
06.09.2017 12:00;11;745.9;3
06.09.2017 15:00;11,2;745.0;3
06.09.2017 18:00;11,4;744.4;2
06.09.2017 21:00;11,6;743.8;2
07.09.2017 0:00;11,9;742.9;1
07.09.2017 3:00;11,9;742.1;1
07.09.2017 6:00;12,1;741.2;0
07.09.2017 9:00;12,4;741.3;1
07.09.2017 12:00;16,8;741.3;1
07.09.2017 15:00;17,7;740.6;1
07.09.2017 18:00;14,1;741.0;0
07.09.2017 21:00;11,3;741.8;1
08.09.2017 0:00;11,1;742.0;1
08.09.2017 3:00;11,8;741.8;2
08.09.2017 6:00;11,1;742.0;1
08.09.2017 9:00;12;741.8;2
08.09.2017 12:00;13,3;741.7;3
08.09.2017 15:00;14,2;742.3;2
08.09.2017 18:00;13,2;742.8;1
08.09.2017 21:00;11,7;743.2;1
09.09.2017 0:00;11;743.5;1
09.09.2017 3:00;12,1;744.5;2
09.09.2017 6:00;11,8;745.4;2
09.09.2017 9:00;13,2;746.7;2
09.09.2017 12:00;16;747.6;2
09.09.2017 15:00;16,3;748.3;2
09.09.2017 18:00;16;748.9;1
09.09.2017 21:00;10,3;749.3;1
10.09.2017 0:00;9,3;749.7;1
10.09.2017 3:00;10;750.3;1
10.09.2017 6:00;10;750.4;1
10.09.2017 9:00;14,7;750.6;1
10.09.2017 12:00;19,8;750.5;2
10.09.2017 15:00;20,7;750.1;3
10.09.2017 18:00;19;750.0;2
10.09.2017 21:00;13,8;749.6;1
11.09.2017 0:00;12,6;749.5;1
11.09.2017 3:00;13,3;749.5;1
11.09.2017 6:00;14,3;749.2;3
11.09.2017 9:00;16,4;749.2;2
11.09.2017 12:00;21,4;749.2;4
11.09.2017 15:00;22,7;748.5;4
11.09.2017 18:00;21;748.0;3
11.09.2017 21:00;17,6;748.4;2
12.09.2017 0:00;16,3;748.1;2
12.09.2017 3:00;14,8;748.3;2
12.09.2017 6:00;14,1;748.2;2
12.09.2017 9:00;18,2;748.2;1
12.09.2017 12:00;24,3;748.2;2
12.09.2017 15:00;25,7;748.0;3
12.09.2017 18:00;22,7;747.4;2
12.09.2017 21:00;16,1;747.1;1
13.09.2017 0:00;13,9;746.4;1
13.09.2017 3:00;12,6;745.9;1
13.09.2017 6:00;12,3;744.7;1
13.09.2017 9:00;16,8;742.7;2
13.09.2017 12:00;21,9;741.1;3
13.09.2017 15:00;22,8;739.3;3
13.09.2017 18:00;22,2;737.8;2
13.09.2017 21:00;17,1;737.8;2
14.09.2017 0:00;17,6;738.2;3
14.09.2017 3:00;16;739.2;1
14.09.2017 6:00;14,6;740.0;2
14.09.2017 9:00;14,6;740.7;3
14.09.2017 12:00;17,6;740.3;5
14.09.2017 15:00;19,1;740.2;6
14.09.2017 18:00;17,4;740.6;3
14.09.2017 21:00;13,1;742.0;2
15.09.2017 0:00;13,8;742.6;2
15.09.2017 3:00;15,5;742.2;2
15.09.2017 6:00;15,7;742.3;3
15.09.2017 9:00;17,8;740.9;4
15.09.2017 12:00;23,2;739.8;6
15.09.2017 15:00;24,1;738.4;6
15.09.2017 18:00;13,2;740.7;3
15.09.2017 21:00;11,5;742.9;3
16.09.2017 0:00;11;744.1;3
16.09.2017 3:00;10,5;745.6;3
16.09.2017 6:00;9,3;747.0;2
16.09.2017 9:00;13;749.2;2
16.09.2017 12:00;15,2;750.3;3
16.09.2017 15:00;15,3;751.3;3
16.09.2017 18:00;14,7;751.7;1
16.09.2017 21:00;10,7;752.7;2
17.09.2017 0:00;9,9;753.4;1
17.09.2017 3:00;8,4;754.1;1
17.09.2017 6:00;7,4;754.3;1
17.09.2017 9:00;12,2;755.1;2
17.09.2017 12:00;17,5;754.8;2
17.09.2017 15:00;16,8;754.3;1
17.09.2017 18:00;14,3;753.7;1
17.09.2017 21:00;12,5;752.5;1
18.09.2017 0:00;12;750.8;2
18.09.2017 3:00;12,5;749.5;2
18.09.2017 6:00;11,5;748.0;1
18.09.2017 9:00;14,5;746.8;2
18.09.2017 12:00;19,1;744.7;3
18.09.2017 15:00;24,2;742.4;4
18.09.2017 18:00;22,2;741.3;2
18.09.2017 21:00;19,7;741.4;3
19.09.2017 0:00;16,4;742.3;2
19.09.2017 3:00;13,5;742.1;2
19.09.2017 6:00;12,1;741.7;5
19.09.2017 9:00;13,4;742.8;5
19.09.2017 12:00;14;744.9;5
19.09.2017 15:00;13,5;747.2;5
19.09.2017 18:00;12,8;749.5;3
19.09.2017 21:00;9;751.0;2
20.09.2017 0:00;8,6;751.9;2
20.09.2017 3:00;6,6;753.1;1
20.09.2017 6:00;5,9;753.9;1
20.09.2017 9:00;11,4;755.2;1
20.09.2017 12:00;16,1;755.7;2
20.09.2017 15:00;17,8;755.8;1
20.09.2017 18:00;14,3;756.2;0
20.09.2017 21:00;8,8;756.4;0
21.09.2017 0:00;7,8;757.2;1
21.09.2017 3:00;6,7;757.7;0
21.09.2017 6:00;7,9;758.3;1
21.09.2017 9:00;9,6;758.8;1
21.09.2017 12:00;10,9;758.9;1
21.09.2017 15:00;14;759.4;3
21.09.2017 18:00;12,7;759.5;2
21.09.2017 21:00;9,5;760.3;1
22.09.2017 0:00;9,2;761.2;2
22.09.2017 3:00;7,8;762.0;2
22.09.2017 6:00;6,3;762.7;2
22.09.2017 9:00;8,6;763.1;4
22.09.2017 12:00;12,4;763.0;4
22.09.2017 15:00;14,3;762.8;3
22.09.2017 18:00;12;762.6;2
22.09.2017 21:00;7,6;763.3;2
23.09.2017 0:00;5,5;763.9;1
23.09.2017 3:00;4,4;764.0;2
23.09.2017 6:00;2,8;764.4;1
23.09.2017 9:00;7,5;764.8;2
23.09.2017 12:00;13,8;765.0;2
23.09.2017 15:00;16,1;764.3;3
23.09.2017 18:00;13,4;763.9;1
23.09.2017 21:00;6,7;764.2;1
24.09.2017 0:00;5,4;764.7;1
24.09.2017 3:00;3,5;765.1;1
24.09.2017 6:00;1,9;765.3;1
24.09.2017 9:00;8,6;765.8;2
24.09.2017 12:00;14,3;766.0;3
24.09.2017 15:00;16;766.2;2
24.09.2017 18:00;12,9;766.2;2
24.09.2017 21:00;7,9;766.9;1
25.09.2017 0:00;3,7;767.6;0
25.09.2017 3:00;2,1;767.8;0
25.09.2017 6:00;0,6;768.0;0
25.09.2017 9:00;6,9;768.2;1
25.09.2017 12:00;13,9;767.5;2
25.09.2017 15:00;15,3;766.4;2
25.09.2017 18:00;13,2;765.6;1
25.09.2017 21:00;10,7;765.4;1
26.09.2017 0:00;10,2;765.6;1
26.09.2017 3:00;10,6;766.2;2
26.09.2017 6:00;10;766.6;1
26.09.2017 9:00;10,5;767.2;2
26.09.2017 12:00;11,6;767.5;2
26.09.2017 15:00;12,5;767.2;1
26.09.2017 18:00;10,2;766.9;2
26.09.2017 21:00;8,3;767.5;2
27.09.2017 0:00;7,9;767.6;2
27.09.2017 3:00;7;767.8;1
27.09.2017 6:00;6,3;768.3;1
27.09.2017 9:00;8,9;768.6;1
27.09.2017 12:00;9,7;768.5;2
27.09.2017 15:00;10,9;768.1;1
27.09.2017 18:00;9,5;768.1;1
27.09.2017 21:00;7,4;768.8;2
28.09.2017 0:00;6,4;769.4;1
28.09.2017 3:00;5,2;769.9;1
28.09.2017 6:00;5,3;769.9;1
28.09.2017 9:00;6,5;770.1;1
28.09.2017 12:00;7,9;769.7;2
28.09.2017 15:00;8,7;769.0;1
28.09.2017 18:00;8;768.0;1
28.09.2017 21:00;7,6;767.5;1
29.09.2017 0:00;7,3;767.1;2
29.09.2017 3:00;7,1;766.3;2
29.09.2017 6:00;7,1;765.3;2
29.09.2017 9:00;6,9;764.5;3
29.09.2017 12:00;7,4;763.2;3
29.09.2017 15:00;7,3;761.7;2
29.09.2017 18:00;7;760.6;3
29.09.2017 21:00;6,8;759.9;2
30.09.2017 0:00;7,1;759.5;3
30.09.2017 3:00;7,4;759.3;2
30.09.2017 6:00;7,4;759.5;2
30.09.2017 9:00;8,2;759.8;3
30.09.2017 12:00;9,1;759.7;3
30.09.2017 15:00;8,4;759.3;3
30.09.2017 18:00;8;758.8;1
30.09.2017 21:00;7,3;759.0;2
01.10.2017 0:00;5,5;759.5;3
01.10.2017 3:00;4;759.8;2
01.10.2017 6:00;3,6;760.4;2
01.10.2017 9:00;4,6;761.2;2
01.10.2017 12:00;4,6;761.9;3
01.10.2017 15:00;5,1;762.0;2
01.10.2017 18:00;4,7;762.4;1
01.10.2017 21:00;4,3;762.6;1
02.10.2017 0:00;4,1;762.8;1
02.10.2017 3:00;3,6;763.0;0
02.10.2017 6:00;3,3;762.8;0
02.10.2017 9:00;3,2;763.0;2
02.10.2017 12:00;4,4;762.7;1
02.10.2017 15:00;4,5;762.4;0
02.10.2017 18:00;4,3;762.1;0
02.10.2017 21:00;3,8;761.9;1
03.10.2017 0:00;3,4;761.9;1
03.10.2017 3:00;3,2;761.8;1
03.10.2017 6:00;2,7;761.5;1
03.10.2017 9:00;3,3;761.2;2
03.10.2017 12:00;4,4;761.2;2
03.10.2017 15:00;4,9;760.4;3
03.10.2017 18:00;4,4;759.4;2
03.10.2017 21:00;4,1;759.1;2
04.10.2017 0:00;1,2;758.7;1
04.10.2017 3:00;-0,1;757.6;2
04.10.2017 6:00;-0,1;751.6;2
04.10.2017 9:00;3,6;754.7;3
04.10.2017 12:00;9,5;752.8;4
04.10.2017 15:00;10,3;751.1;4
04.10.2017 18:00;7,8;749.7;2
04.10.2017 21:00;6,4;748.1;5
05.10.2017 0:00;6,8;746.5;4
05.10.2017 3:00;7,3;745.5;3
05.10.2017 6:00;7,5;743.9;3
05.10.2017 9:00;7,9;742.4;4
05.10.2017 12:00;8,6;740.8;3
05.10.2017 15:00;9,3;738.6;3
05.10.2017 18:00;8,9;737.0;3
05.10.2017 21:00;8,4;735.8;3
06.10.2017 0:00;7,8;735.9;2
06.10.2017 3:00;6,8;736.3;2
06.10.2017 6:00;5,9;736.6;3
06.10.2017 9:00;5,9;736.3;2
06.10.2017 12:00;6,7;735.1;3
06.10.2017 15:00;7,5;733.0;1
06.10.2017 18:00;8;732.5;0
06.10.2017 21:00;7,7;734.2;3
07.10.2017 0:00;7,2;736.8;1
07.10.2017 3:00;5,4;738.5;2
07.10.2017 6:00;6,5;739.9;2
07.10.2017 9:00;7,6;741.5;3
07.10.2017 12:00;10,5;742.9;3
07.10.2017 15:00;10,6;744.1;4
07.10.2017 18:00;9,3;745.8;2
07.10.2017 21:00;8;747.3;2
08.10.2017 0:00;7,7;748.2;2
08.10.2017 3:00;6,3;749.0;2
08.10.2017 6:00;4;750.0;2
08.10.2017 9:00;6,5;751.0;1
08.10.2017 12:00;11,2;751.6;3
08.10.2017 15:00;12,6;751.5;2
08.10.2017 18:00;9,9;751.1;1
08.10.2017 21:00;7,1;750.9;1
09.10.2017 0:00;8,1;750.5;2
09.10.2017 3:00;8,2;749.1;2
09.10.2017 6:00;9,4;747.6;3
09.10.2017 9:00;10,3;746.2;3
09.10.2017 12:00;13,9;744.7;4
09.10.2017 15:00;15,8;743.2;5
09.10.2017 18:00;13,4;743.6;3
09.10.2017 21:00;11,6;743.8;3
10.10.2017 0:00;11,2;743.8;2
10.10.2017 3:00;10,7;744.1;2
10.10.2017 6:00;9,3;744.7;2
10.10.2017 9:00;8,6;746.1;2
10.10.2017 12:00;9,3;747.0;3
10.10.2017 15:00;10,1;747.4;
10.10.2017 18:00;8,1;747.7;1
10.10.2017 21:00;6,9;747.9;2
11.10.2017 0:00;5,3;747.8;2
11.10.2017 3:00;4,5;747.7;1
11.10.2017 6:00;3,4;747.8;2
11.10.2017 9:00;4,5;748.0;3
11.10.2017 12:00;7;748.2;3
11.10.2017 15:00;8;748.3;2
11.10.2017 18:00;7,6;748.2;2
11.10.2017 21:00;7,9;748.0;1
12.10.2017 0:00;7,1;747.3;2
12.10.2017 3:00;5,3;746.2;
12.10.2017 6:00;5,3;744.6;2
12.10.2017 9:00;6;743.9;2
12.10.2017 12:00;7,1;743.8;2
12.10.2017 15:00;8,5;744.4;1
12.10.2017 18:00;7,7;745.0;1
12.10.2017 21:00;6,8;745.0;2
13.10.2017 0:00;6,3;744.4;1
13.10.2017 3:00;6,6;743.0;1
13.10.2017 6:00;7;741.5;2
13.10.2017 9:00;8,1;740.6;3
13.10.2017 12:00;9,3;739.8;2
13.10.2017 15:00;10,6;739.0;2
13.10.2017 18:00;9,5;739.4;2
13.10.2017 21:00;8,8;739.3;2
14.10.2017 0:00;7,7;739.0;2
14.10.2017 3:00;7,2;738.3;2
14.10.2017 6:00;6,8;737.8;0
14.10.2017 9:00;7,2;738.1;1
14.10.2017 12:00;9,9;739.0;1
14.10.2017 15:00;7,8;740.2;
14.10.2017 18:00;6,3;741.7;3
14.10.2017 21:00;5,8;742.2;2
15.10.2017 0:00;5,2;742.2;4
15.10.2017 3:00;4,8;742.1;3
15.10.2017 6:00;4,8;741.1;3
15.10.2017 9:00;5,2;739.6;2
15.10.2017 12:00;5,8;738.1;1
15.10.2017 15:00;4,6;737.5;
15.10.2017 18:00;4,7;739.1;3
15.10.2017 21:00;5,1;740.3;3
16.10.2017 0:00;5,1;741.6;4
16.10.2017 3:00;5,1;742.9;4
16.10.2017 6:00;4,9;744.4;4
16.10.2017 9:00;4,7;745.7;4
16.10.2017 12:00;5,8;747.0;4
16.10.2017 15:00;5,8;748.2;4
16.10.2017 18:00;4,8;748.9;2
16.10.2017 21:00;3,6;748.3;1
17.10.2017 0:00;3,9;747.4;2
17.10.2017 3:00;3,9;745.3;3
17.10.2017 6:00;4,8;744.3;2
17.10.2017 9:00;8,1;744.5;2
17.10.2017 12:00;11,8;745.9;4
17.10.2017 15:00;11,3;747.1;2
17.10.2017 18:00;8;748.0;2
17.10.2017 21:00;4,5;748.1;1
18.10.2017 0:00;5,8;747.7;2
18.10.2017 3:00;7,4;744.7;3
18.10.2017 6:00;8,2;743.0;3
18.10.2017 9:00;10,1;742.3;4
18.10.2017 12:00;12,3;741.3;3
18.10.2017 15:00;13,7;739.9;4
18.10.2017 18:00;13,3;740.5;3
18.10.2017 21:00;12,2;740.9;
19.10.2017 0:00;11,5;741.0;3
19.10.2017 3:00;7,6;743.2;4
19.10.2017 6:00;6,1;745.3;3
19.10.2017 9:00;6,7;746.5;4
19.10.2017 12:00;7,9;747.4;4
19.10.2017 15:00;7,7;748.6;1
19.10.2017 18:00;5,4;749.3;1
19.10.2017 21:00;3,2;749.9;1
20.10.2017 0:00;4,9;750.6;3
20.10.2017 3:00;2,5;751.1;2
20.10.2017 6:00;1,7;751.8;1
20.10.2017 9:00;3,3;752.7;
20.10.2017 12:00;4,9;753.4;2
20.10.2017 15:00;6,2;753.2;3
20.10.2017 18:00;4;753.2;1
20.10.2017 21:00;4;753.2;1
21.10.2017 0:00;2,4;753.0;1
21.10.2017 3:00;2,3;752.3;1
21.10.2017 6:00;1,1;752.0;1
21.10.2017 9:00;2,2;752.0;2
21.10.2017 12:00;2,9;752.2;3
21.10.2017 15:00;2,1;751.6;3
21.10.2017 18:00;1,8;751.6;1
21.10.2017 21:00;-0,1;751.6;2
22.10.2017 0:00;-0,4;751.7;1
22.10.2017 3:00;-1,1;751.6;2
22.10.2017 6:00;-1,6;751.7;2
22.10.2017 9:00;-2,1;751.8;2
22.10.2017 12:00;0,8;751.6;2
22.10.2017 15:00;2,4;750.9;2
22.10.2017 18:00;1,1;750.7;1
22.10.2017 21:00;-1,3;750.4;2
23.10.2017 0:00;-0,5;750.2;2
23.10.2017 3:00;-0,8;749.9;1
23.10.2017 6:00;-0,9;749.8;1
23.10.2017 9:00;0,7;750.7;2
23.10.2017 12:00;1,5;751.9;3
23.10.2017 15:00;1;753.4;3
23.10.2017 18:00;0,6;754.9;2
23.10.2017 21:00;-1;756.1;2
24.10.2017 0:00;-1,9;757.5;2
24.10.2017 3:00;-1,4;758.8;1
24.10.2017 6:00;-1,6;759.7;1
24.10.2017 9:00;-1,1;761.0;1
24.10.2017 12:00;0,4;761.8;2
24.10.2017 15:00;1,1;761.8;1
24.10.2017 18:00;0,3;762.3;2
24.10.2017 21:00;-0,6;762.7;2
25.10.2017 0:00;-1,2;763.0;1
25.10.2017 3:00;-1,4;762.9;1
25.10.2017 6:00;-1,5;762.9;1
25.10.2017 9:00;-0,8;763.0;1
25.10.2017 12:00;0,6;763.0;1
25.10.2017 15:00;1;762.4;1
25.10.2017 18:00;0,5;761.6;1
25.10.2017 21:00;-0,4;761.0;1
26.10.2017 0:00;-1,8;759.7;0
26.10.2017 3:00;-1,9;758.7;1
26.10.2017 6:00;-2,5;757.0;0
26.10.2017 9:00;-1,6;755.5;2
26.10.2017 12:00;0,6;753.4;3
26.10.2017 15:00;-0,3;751.5;3
26.10.2017 18:00;-1,7;749.6;3
26.10.2017 21:00;-1,3;747.7;2
27.10.2017 0:00;-0,6;745.9;2
27.10.2017 3:00;-0,3;744.7;2
27.10.2017 6:00;-0,6;743.6;3
27.10.2017 9:00;-0,7;743.1;3
27.10.2017 12:00;-0,4;742.9;2
27.10.2017 15:00;-0,3;742.9;2
27.10.2017 18:00;-0,6;743.0;2
27.10.2017 21:00;-0,9;743.3;1
28.10.2017 0:00;-0,8;743.2;1
28.10.2017 3:00;-0,8;742.6;2
28.10.2017 6:00;-0,6;742.0;2
28.10.2017 9:00;-0,4;741.3;1
28.10.2017 12:00;0,5;740.8;2
28.10.2017 15:00;3;739.9;2
28.10.2017 18:00;1,2;739.3;2
28.10.2017 21:00;0,8;738.1;2
29.10.2017 0:00;0,3;736.2;2
29.10.2017 3:00;0,7;733.9;2
29.10.2017 6:00;1,4;731.5;2
29.10.2017 9:00;1,9;729.6;2
29.10.2017 12:00;3,6;728.5;2
29.10.2017 15:00;4,9;727.9;3
29.10.2017 18:00;5;728.5;3
29.10.2017 21:00;5;729.1;2
30.10.2017 0:00;5,2;729.3;2
30.10.2017 3:00;5,5;729.1;2
30.10.2017 6:00;5,3;728.7;2
30.10.2017 9:00;4,9;728.5;3
30.10.2017 12:00;4,9;727.1;4
30.10.2017 15:00;4,8;726.3;3
30.10.2017 18:00;5;725.6;3
30.10.2017 21:00;5;724.3;2
31.10.2017 0:00;5;723.2;2
31.10.2017 3:00;4,4;721.6;1
31.10.2017 6:00;3;720.0;1
31.10.2017 9:00;3,3;719.0;2
31.10.2017 12:00;1;718.8;2
31.10.2017 15:00;1,2;719.4;3
31.10.2017 18:00;0,9;720.9;4
31.10.2017 21:00;0,5;722.6;4
01.11.2017 0:00;0,4;725.3;5
01.11.2017 3:00;0,4;727.6;4
01.11.2017 6:00;0,5;730.0;5
01.11.2017 9:00;0,2;732.4;4
01.11.2017 12:00;0,2;734.3;6
01.11.2017 15:00;-0,5;735.6;3
01.11.2017 18:00;-0,7;736.8;3
01.11.2017 21:00;-1;737.2;3
02.11.2017 0:00;-2,3;737.3;3
02.11.2017 3:00;-3,1;737.5;2
02.11.2017 6:00;-3,5;737.7;2
02.11.2017 9:00;-2,4;738.3;2
02.11.2017 12:00;-0,7;739.0;2
02.11.2017 15:00;0,8;739.3;3
02.11.2017 18:00;-1,8;740.3;1
02.11.2017 21:00;-4,5;741.3;1
03.11.2017 0:00;-7,1;741.7;0
03.11.2017 3:00;-7,7;742.2;1
03.11.2017 6:00;-8,6;742.5;0
03.11.2017 9:00;-6;743.2;0
03.11.2017 12:00;1;743.3;0
03.11.2017 15:00;1,6;743.0;2
03.11.2017 18:00;0,8;743.5;1
03.11.2017 21:00;0,2;744.1;1
04.11.2017 0:00;-0,4;745.2;1
04.11.2017 3:00;0;745.9;1
04.11.2017 6:00;0,3;747.2;2
04.11.2017 9:00;-0,3;749.1;2
04.11.2017 12:00;2,2;750.2;2
04.11.2017 15:00;1,9;751.1;2
04.11.2017 18:00;0,5;752.0;2
04.11.2017 21:00;0,5;752.5;2
05.11.2017 0:00;0,7;753.0;2
05.11.2017 3:00;0,4;753.2;2
05.11.2017 6:00;0,9;753.5;2
05.11.2017 9:00;1,6;753.8;2
05.11.2017 12:00;3,7;754.2;3
05.11.2017 15:00;4,9;754.3;3
05.11.2017 18:00;3,9;754.7;2
05.11.2017 21:00;3,6;755.2;3
06.11.2017 0:00;3,2;755.8;2
06.11.2017 3:00;3,1;756.3;2
06.11.2017 6:00;2,9;756.7;2
06.11.2017 9:00;3,5;757.2;2
06.11.2017 12:00;4,6;757.9;2
06.11.2017 15:00;5,8;757.9;3
06.11.2017 18:00;5,6;757.9;3
06.11.2017 21:00;5;757.9;3
07.11.2017 0:00;4,6;758.2;3
07.11.2017 3:00;3,9;758.2;4
07.11.2017 6:00;1,2;757.5;2
07.11.2017 9:00;1,7;757.3;3
07.11.2017 12:00;3,5;757.4;3
07.11.2017 15:00;4,5;757.6;
07.11.2017 18:00;4,7;757.9;2
07.11.2017 21:00;4,1;758.7;1
08.11.2017 0:00;2;759.4;1
08.11.2017 3:00;1,2;759.8;2
08.11.2017 6:00;-1,7;760.5;1
08.11.2017 9:00;0,6;761.0;1
08.11.2017 12:00;5,1;761.3;3
08.11.2017 15:00;6,4;761.2;
08.11.2017 18:00;1,4;761.5;1
08.11.2017 21:00;-0,8;761.8;1
09.11.2017 0:00;-3,6;761.9;1
09.11.2017 3:00;-4,5;761.6;0
09.11.2017 6:00;-3,8;761.2;1
09.11.2017 9:00;-2,5;761.0;1
09.11.2017 12:00;-0,6;760.6;1
09.11.2017 15:00;0,5;759.4;1
09.11.2017 18:00;-0,6;758.5;1
09.11.2017 21:00;-1;757.6;1
10.11.2017 0:00;-1,2;756.6;2
10.11.2017 3:00;-1,3;755.6;3
10.11.2017 6:00;-1,4;754.4;3
10.11.2017 9:00;-0,5;753.2;3
10.11.2017 12:00;0,7;752.3;3
10.11.2017 15:00;1,9;751.3;3
10.11.2017 18:00;2,1;751.0;3
10.11.2017 21:00;1,6;750.6;3
11.11.2017 0:00;1,7;750.0;3
11.11.2017 3:00;1,7;749.2;3
11.11.2017 6:00;2;748.6;2
11.11.2017 9:00;2,3;748.1;3
11.11.2017 12:00;3,1;747.5;3
11.11.2017 15:00;3,8;746.7;3
11.11.2017 18:00;4,1;746.2;3
11.11.2017 21:00;4,2;745.5;3
12.11.2017 0:00;3,7;744.5;3
12.11.2017 3:00;3,4;743.2;3
12.11.2017 6:00;3,1;742.2;3
12.11.2017 9:00;2;741.6;2
12.11.2017 12:00;2;741.1;2
12.11.2017 15:00;2,6;741.2;1
12.11.2017 18:00;2,6;742.4;2
12.11.2017 21:00;0,7;743.3;1
13.11.2017 0:00;1;743.5;1
13.11.2017 3:00;-0,3;744.2;1
13.11.2017 6:00;-2,1;744.9;1
13.11.2017 9:00;-2,4;746.7;1
13.11.2017 12:00;-0,7;747.8;0
13.11.2017 15:00;0,4;749.2;1
13.11.2017 18:00;-0,5;749.7;1
13.11.2017 21:00;-0,2;749.9;3
14.11.2017 0:00;0;749.2;2
14.11.2017 3:00;0,2;747.1;3
14.11.2017 6:00;0,6;744.7;2
14.11.2017 9:00;1,1;742.3;3
14.11.2017 12:00;2,7;740.6;2
14.11.2017 15:00;2,3;740.9;4
14.11.2017 18:00;0,9;743.9;2
14.11.2017 21:00;1,5;747.0;3
15.11.2017 0:00;1;749.2;2
15.11.2017 3:00;0,8;750.6;1
15.11.2017 6:00;0,1;751.1;2
15.11.2017 9:00;0,5;751.8;2
15.11.2017 12:00;1,4;752.2;3
15.11.2017 15:00;2,2;752.1;2
15.11.2017 18:00;0,9;751.6;2
15.11.2017 21:00;0,6;751.2;2
16.11.2017 0:00;0,4;750.5;2
16.11.2017 3:00;0,7;749.8;2
16.11.2017 6:00;1,6;748.9;2
16.11.2017 9:00;1,8;747.9;2
16.11.2017 12:00;2,2;746.9;3
16.11.2017 15:00;3,1;747.1;3
16.11.2017 18:00;2,9;748.2;2
16.11.2017 21:00;2,7;749.3;4
17.11.2017 0:00;2,2;750.7;2
17.11.2017 3:00;2,2;751.9;3
17.11.2017 6:00;1,1;753.1;1
17.11.2017 9:00;0,3;753.7;1
17.11.2017 12:00;1,8;753.8;3
17.11.2017 15:00;1,5;753.5;3
17.11.2017 18:00;0,2;753.0;2
17.11.2017 21:00;0,2;751.6;4
18.11.2017 0:00;1,2;750.7;4
18.11.2017 3:00;1,5;750.2;3
18.11.2017 6:00;1,4;750.0;2
18.11.2017 9:00;1,8;750.4;2
18.11.2017 12:00;3,2;750.7;2
18.11.2017 15:00;2,8;750.3;2
18.11.2017 18:00;2,2;750.1;3
18.11.2017 21:00;1,9;749.6;2
19.11.2017 0:00;1,5;749.2;2
19.11.2017 3:00;1,2;748.4;2
19.11.2017 6:00;0,2;;2
19.11.2017 9:00;0,3;746.6;2
19.11.2017 12:00;0,7;746.2;3
19.11.2017 15:00;1,1;745.3;2
19.11.2017 18:00;1;744.8;2
19.11.2017 21:00;0,2;743.9;1
20.11.2017 0:00;0,1;743.6;1
20.11.2017 3:00;0,4;743.5;2
20.11.2017 6:00;0,6;744.4;2
20.11.2017 9:00;0,6;745.6;1
20.11.2017 12:00;1,1;746.8;2
20.11.2017 15:00;1,1;747.1;1
20.11.2017 18:00;0,6;747.1;1
20.11.2017 21:00;0,1;746.8;1
21.11.2017 0:00;-0,3;745.6;1
21.11.2017 3:00;-0,6;744.3;2
21.11.2017 6:00;-0,7;742.5;3
21.11.2017 9:00;-0,5;741.7;3
21.11.2017 12:00;0,2;741.4;3
21.11.2017 15:00;0;741.9;2
21.11.2017 18:00;-0,1;741.8;3
21.11.2017 21:00;-0,1;741.8;2
22.11.2017 0:00;-0,2;742.1;2
22.11.2017 3:00;-0,3;742.3;2
22.11.2017 6:00;-0,4;742.0;2
22.11.2017 9:00;-0,4;741.5;4
22.11.2017 12:00;-0,4;742.0;4
22.11.2017 15:00;-0,8;742.6;4
22.11.2017 18:00;-1,8;743.5;3
22.11.2017 21:00;-2,1;744.6;4
23.11.2017 0:00;-2,5;745.3;4
23.11.2017 3:00;-2,9;746.0;4
23.11.2017 6:00;-3,2;747.1;4
23.11.2017 9:00;-4,6;748.7;5
23.11.2017 12:00;-3,8;749.6;4
23.11.2017 15:00;-3,8;750.4;3
23.11.2017 18:00;-4,5;752.2;3
23.11.2017 21:00;-4,5;753.0;3
24.11.2017 0:00;-4,5;753.7;2
24.11.2017 3:00;-5,2;754.7;2
24.11.2017 6:00;-6;755.5;1
24.11.2017 9:00;-6,2;756.1;1
24.11.2017 12:00;-6;756.1;1
24.11.2017 15:00;-5,4;755.9;1
24.11.2017 18:00;-5,1;756.0;1
24.11.2017 21:00;-5;755.5;1
25.11.2017 0:00;-4,8;754.9;1
25.11.2017 3:00;-4,9;754.7;1
25.11.2017 6:00;-5,8;754.6;1
25.11.2017 9:00;-6,3;754.4;0
25.11.2017 12:00;-6,2;754.3;2
25.11.2017 15:00;-6,3;754.2;2
25.11.2017 18:00;-6,6;754.7;3
25.11.2017 21:00;-6,8;755.2;2
26.11.2017 0:00;-7,2;755.7;2
26.11.2017 3:00;-7,3;756.1;2
26.11.2017 6:00;-6,8;756.4;2
26.11.2017 9:00;-6;756.6;3
26.11.2017 12:00;-5,2;756.7;3
26.11.2017 15:00;-5,1;757.2;3
26.11.2017 18:00;-5;757.3;3
26.11.2017 21:00;-5;757.1;3
27.11.2017 0:00;-5,3;757.4;3
27.11.2017 3:00;-5,5;757.6;3
27.11.2017 6:00;-5,7;757.5;2
27.11.2017 9:00;-5,3;757.9;3
27.11.2017 12:00;-4,7;758.2;2
27.11.2017 15:00;-4,5;757.9;2
27.11.2017 18:00;-4,7;757.8;3
27.11.2017 21:00;-6,3;757.6;4
28.11.2017 0:00;-5,8;757.6;2
28.11.2017 3:00;-4,5;756.9;2
28.11.2017 6:00;-4,2;757.0;3
28.11.2017 9:00;-3,9;757.1;2
28.11.2017 12:00;-3,7;757.3;3
28.11.2017 15:00;-4;757.0;3
28.11.2017 18:00;-4,5;757.2;3
28.11.2017 21:00;-5,8;757.2;2
29.11.2017 0:00;-7,2;757.1;2
29.11.2017 3:00;-7;757.0;2
29.11.2017 6:00;-7,8;756.8;3
29.11.2017 9:00;-8,8;757.3;2
29.11.2017 12:00;-6,6;757.3;3
29.11.2017 15:00;-4,8;756.7;3
29.11.2017 18:00;-4;756.7;3
29.11.2017 21:00;-3,5;756.6;2
30.11.2017 0:00;-3,7;756.9;4
30.11.2017 3:00;-3,8;756.8;2
30.11.2017 6:00;-3,6;756.9;4
30.11.2017 9:00;-3,5;757.4;2
30.11.2017 12:00;-2,8;757.6;3
30.11.2017 15:00;-2,4;757.8;2
30.11.2017 18:00;-2,2;758.4;3
30.11.2017 21:00;-2,3;758.3;3
01.12.2017 0:00;-2,4;758.9;2
01.12.2017 3:00;-2,1;758.2;3
01.12.2017 6:00;-2;757.5;3
01.12.2017 9:00;-1,8;756.9;4
01.12.2017 12:00;-1,2;756.3;4
01.12.2017 15:00;-0,4;755.0;6
01.12.2017 18:00;-0,2;754.0;5
01.12.2017 21:00;0,1;752.2;5
02.12.2017 0:00;0,1;752.2;4
02.12.2017 3:00;0,1;751.8;4
02.12.2017 6:00;0,4;752.0;3
02.12.2017 9:00;0,7;752.7;2
02.12.2017 12:00;1,1;753.1;3
02.12.2017 15:00;1,5;753.6;2
02.12.2017 18:00;1,2;754.4;2
02.12.2017 21:00;0,4;755.4;2
03.12.2017 0:00;0;755.5;1
03.12.2017 3:00;-0,4;755.1;2
03.12.2017 6:00;-0,7;754.6;0
03.12.2017 9:00;-1,8;754.1;0
03.12.2017 12:00;0,5;753.7;0
03.12.2017 15:00;0,6;753.1;1
03.12.2017 18:00;-1,7;753.1;1
03.12.2017 21:00;-3,2;753.0;1
04.12.2017 0:00;-4,1;752.4;2
04.12.2017 3:00;-3,5;751.2;2
04.12.2017 6:00;-2,6;748.6;1
04.12.2017 9:00;-0,5;744.6;2
04.12.2017 12:00;0,5;742.2;2
04.12.2017 15:00;1,3;740.3;2
04.12.2017 18:00;2,2;739.3;4
04.12.2017 21:00;0,5;739.3;3
05.12.2017 0:00;-1,3;740.6;3
05.12.2017 3:00;-1,5;742.0;2
05.12.2017 6:00;-2;743.0;2
05.12.2017 9:00;-2,4;744.0;3
05.12.2017 12:00;-2,3;744.8;3
05.12.2017 15:00;-2,2;744.4;2
05.12.2017 18:00;-2,8;745.0;2
05.12.2017 21:00;-3,4;744.8;
06.12.2017 0:00;-3,2;744.4;1
06.12.2017 3:00;-3,2;743.9;1
06.12.2017 6:00;-3,3;743.2;2
06.12.2017 9:00;-3,8;742.6;1
06.12.2017 12:00;-2,9;741.9;3
06.12.2017 15:00;-2,6;740.5;2
06.12.2017 18:00;-3,1;740.1;2
06.12.2017 21:00;-3,2;739.4;2
07.12.2017 0:00;-3,6;739.0;2
07.12.2017 3:00;-4,2;739.3;1
07.12.2017 6:00;-4,8;739.7;1
07.12.2017 9:00;-6,3;740.9;2
07.12.2017 12:00;-4,4;742.0;2
07.12.2017 15:00;-5;743.1;4
07.12.2017 18:00;-4,8;744.7;3
07.12.2017 21:00;-4,8;745.6;2
08.12.2017 0:00;-5,2;746.5;1
08.12.2017 3:00;-5;747.6;2
08.12.2017 6:00;-5,3;747.8;0
08.12.2017 9:00;-5,9;748.1;2
08.12.2017 12:00;-4,9;748.4;2
08.12.2017 15:00;-4,8;748.0;
08.12.2017 18:00;-5,5;747.6;3
08.12.2017 21:00;-5,7;747.4;3
09.12.2017 0:00;-5,6;747.0;3
09.12.2017 3:00;-4,9;746.7;3
09.12.2017 6:00;-4,4;746.5;2
09.12.2017 9:00;-3,6;746.7;2
09.12.2017 12:00;-2,5;746.9;2
09.12.2017 15:00;-1,5;747.1;2
09.12.2017 18:00;-0,9;747.8;1
09.12.2017 21:00;-0,6;747.9;1
10.12.2017 0:00;-0,2;748.0;2
10.12.2017 3:00;0;748.2;2
10.12.2017 6:00;-0,2;747.8;1
10.12.2017 9:00;-0,3;747.2;3
10.12.2017 12:00;-0,6;747.0;4
10.12.2017 15:00;-0,6;745.9;3
10.12.2017 18:00;-0,2;745.0;3
10.12.2017 21:00;0,2;744.4;4
11.12.2017 0:00;0,7;744.1;4
11.12.2017 3:00;1,5;743.6;3
11.12.2017 6:00;1,6;743.1;2
11.12.2017 9:00;-0,6;747.9;1
11.12.2017 12:00;1,6;743.0;3
11.12.2017 15:00;0,8;742.7;3
11.12.2017 18:00;0,9;743.0;2
11.12.2017 21:00;0,5;743.1;2
12.12.2017 0:00;0,1;744.4;3
12.12.2017 3:00;-0,7;745.6;2
12.12.2017 6:00;-1,2;747.3;2
12.12.2017 9:00;-1,5;748.5;2
12.12.2017 12:00;-1;749.0;2
12.12.2017 15:00;-0,6;748.6;3
12.12.2017 18:00;-0,3;748.4;2
12.12.2017 21:00;0,1;747.7;3
13.12.2017 0:00;0,7;746.2;3
13.12.2017 3:00;1,3;745.3;3
13.12.2017 6:00;1,9;744.9;3
13.12.2017 9:00;2,2;744.7;3
13.12.2017 12:00;2,7;744.9;2
13.12.2017 15:00;2,5;745.3;2
13.12.2017 18:00;2,3;746.5;2
13.12.2017 21:00;1,4;747.1;1
14.12.2017 0:00;1;747.8;1
14.12.2017 3:00;0,8;748.0;1
14.12.2017 6:00;0,2;747.5;1
14.12.2017 9:00;0;746.7;1
14.12.2017 12:00;0,4;745.5;2
14.12.2017 15:00;0,4;744.3;1
14.12.2017 18:00;0,2;743.5;1
14.12.2017 21:00;0,2;742.9;1
15.12.2017 0:00;1,5;742.1;2
15.12.2017 3:00;2,5;742.0;2
15.12.2017 6:00;2,8;742.3;2
15.12.2017 9:00;2,5;743.4;3
15.12.2017 12:00;2,5;745.1;4
15.12.2017 15:00;2,3;746.4;2
15.12.2017 18:00;1,7;747.7;2
15.12.2017 21:00;1,6;748.5;1
16.12.2017 0:00;1,3;748.4;1
16.12.2017 3:00;1,5;748.1;2
16.12.2017 6:00;0,7;747.1;3
16.12.2017 9:00;0,6;746.9;3
16.12.2017 12:00;1,7;746.5;2
16.12.2017 15:00;2,5;745.9;3
16.12.2017 18:00;3;745.1;4
16.12.2017 21:00;3,6;743.4;4
17.12.2017 0:00;5;741.9;4
17.12.2017 3:00;6,9;741.5;5
17.12.2017 6:00;6,8;741.4;5
17.12.2017 9:00;6,5;742.2;6
17.12.2017 12:00;6,6;743.6;5
17.12.2017 15:00;4,3;746.1;3
17.12.2017 18:00;2,3;748.5;1
17.12.2017 21:00;2;750.4;2
18.12.2017 0:00;1,4;752.7;1
18.12.2017 3:00;0,4;754.0;1
18.12.2017 6:00;-0,1;754.7;1
18.12.2017 9:00;-0,2;755.4;2
18.12.2017 12:00;0,1;755.5;2
18.12.2017 15:00;-0,5;754.8;3
18.12.2017 18:00;-0,8;754.0;3
18.12.2017 21:00;-0,7;753.0;3
19.12.2017 0:00;-0,5;751.6;3
19.12.2017 3:00;-0,9;750.9;3
19.12.2017 6:00;-1,1;750.6;2
19.12.2017 9:00;-0,6;751.0;2
19.12.2017 12:00;-0,1;751.9;2
19.12.2017 15:00;0;752.0;2
19.12.2017 18:00;0,1;753.1;2
19.12.2017 21:00;-0,1;754.1;2
20.12.2017 0:00;-0,3;755.1;2
20.12.2017 3:00;-0,6;756.1;1
20.12.2017 6:00;-0,7;756.8;1
20.12.2017 9:00;-0,7;758.3;1
20.12.2017 12:00;-0,1;759.4;1
20.12.2017 15:00;0,3;759.7;1
20.12.2017 18:00;0,2;760.3;1
20.12.2017 21:00;0,1;760.7;1
21.12.2017 0:00;-0,1;761.2;1
21.12.2017 3:00;-0,4;760.8;1
21.12.2017 6:00;-0,5;760.3;0
21.12.2017 9:00;-2,7;759.7;0
21.12.2017 12:00;-0,8;758.8;1
21.12.2017 15:00;-0,4;756.8;1
21.12.2017 18:00;-0,6;755.5;1
21.12.2017 21:00;-1,3;754.3;1
22.12.2017 0:00;-1,8;753.1;1
22.12.2017 3:00;-2,3;752.0;1
22.12.2017 6:00;-3,3;751.1;1
22.12.2017 9:00;-3,8;750.7;1
22.12.2017 12:00;-3;750.0;2
22.12.2017 15:00;-3,2;749.1;3
22.12.2017 18:00;-3,6;748.5;2
22.12.2017 21:00;-4,9;747.5;1
23.12.2017 0:00;-5,8;746.8;1
23.12.2017 3:00;-6,1;745.9;1
23.12.2017 6:00;-5,3;744.8;2
23.12.2017 9:00;-4,9;744.4;1
23.12.2017 12:00;-3,8;744.2;2
23.12.2017 15:00;-3,2;743.1;2
23.12.2017 18:00;-3,5;742.0;2
23.12.2017 21:00;-3,3;740.6;3
24.12.2017 0:00;-3,1;737.6;4
24.12.2017 3:00;-3;733.5;5
24.12.2017 6:00;-3,2;728.8;5
24.12.2017 9:00;-3;725.1;5
24.12.2017 12:00;-2,4;723.7;3
24.12.2017 15:00;-1,4;722.8;2
24.12.2017 18:00;-0,5;724.0;3
24.12.2017 21:00;-2,4;725.4;3
25.12.2017 0:00;-2,5;726.7;3
25.12.2017 3:00;-2,6;727.7;3
25.12.2017 6:00;-2,9;729.4;3
25.12.2017 9:00;-3,2;731.2;4
25.12.2017 12:00;-3,1;733.3;4
25.12.2017 15:00;-3,4;735.5;3
25.12.2017 18:00;-3,8;738.5;4
25.12.2017 21:00;-4,2;741.6;3
26.12.2017 0:00;-5,9;743.6;3
26.12.2017 3:00;-7,7;745.0;1
26.12.2017 6:00;-6,8;744.3;3
26.12.2017 9:00;-5,3;741.4;3
26.12.2017 12:00;-2,9;738.7;3
26.12.2017 15:00;0,8;738.2;2
26.12.2017 18:00;2,3;739.3;2
26.12.2017 21:00;3;740.2;2
27.12.2017 0:00;2,7;740.8;3
27.12.2017 3:00;2,3;741.2;2
27.12.2017 6:00;2;741.0;2
27.12.2017 9:00;1,9;740.5;3
27.12.2017 12:00;2,1;740.3;4
27.12.2017 15:00;2,3;740.5;3
27.12.2017 18:00;1,7;741.2;2
27.12.2017 21:00;1,3;741.6;2
28.12.2017 0:00;1,1;742.7;2
28.12.2017 3:00;0,8;743.5;2
28.12.2017 6:00;0,7;744.4;1
28.12.2017 9:00;0,9;745.4;1
28.12.2017 12:00;1;746.5;2
28.12.2017 15:00;0,8;747.4;1
28.12.2017 18:00;0,7;748.6;2
28.12.2017 21:00;0,3;749.3;2
29.12.2017 0:00;0;750.2;2
29.12.2017 3:00;-0,1;751.2;2
29.12.2017 6:00;0,6;751.6;3
29.12.2017 9:00;0,9;751.9;2
29.12.2017 12:00;2,1;752.2;2
29.12.2017 15:00;2,4;752.1;2
29.12.2017 18:00;2,2;752.5;2
29.12.2017 21:00;2,2;752.5;3
30.12.2017 0:00;2,9;752.2;3
30.12.2017 3:00;3,3;751.6;3
30.12.2017 6:00;1,3;751.2;4
30.12.2017 9:00;0,4;751.1;4
30.12.2017 12:00;0,5;750.7;4
30.12.2017 15:00;0,6;750.0;3
30.12.2017 18:00;1,2;748.9;3
30.12.2017 21:00;2,1;748.3;3
31.12.2017 0:00;1,3;748.0;2
31.12.2017 3:00;0,3;747.6;2
31.12.2017 6:00;0,2;747.4;3
31.12.2017 9:00;0,2;747.1;2
31.12.2017 12:00;0,3;747.1;2
31.12.2017 15:00;0,4;747.0;1
31.12.2017 18:00;0,5;747.3;1
31.12.2017 21:00;0,6;747.4;1
