01.01.2017 0:00;0;13,5
01.01.2017 3:00;0;16,7
01.01.2017 6:00;0;17,1
01.01.2017 9:00;0;18,8
01.01.2017 12:00;0,9;11,7
01.01.2017 15:00;0;16,5
01.01.2017 18:00;0;26,1
01.01.2017 21:00;0;24,9
02.01.2017 0:00;0;22,3
02.01.2017 3:00;0;31,6
02.01.2017 6:00;0;33,6
02.01.2017 9:00;0,4;29,7
02.01.2017 12:00;4,2;26,1
02.01.2017 15:00;0;28,8
02.01.2017 18:00;0;31,8
02.01.2017 21:00;0;51,4
03.01.2017 0:00;0;47,9
03.01.2017 3:00;0;33,6
03.01.2017 6:00;0;29,5
03.01.2017 9:00;0;25,3
03.01.2017 12:00;9,2;13,7
03.01.2017 15:00;0;18,6
03.01.2017 18:00;0;20,1
03.01.2017 21:00;0;15,9
04.01.2017 0:00;0;9,8
04.01.2017 3:00;0;5,4
04.01.2017 6:00;0;6,8
04.01.2017 9:00;0;4,9
04.01.2017 12:00;5,6;0
04.01.2017 15:00;0,8;0
04.01.2017 18:00;0;0
04.01.2017 21:00;0;0,5
05.01.2017 0:00;0;14,2
05.01.2017 3:00;0;19,5
05.01.2017 6:00;0;22,5
05.01.2017 9:00;0;16,4
05.01.2017 12:00;3,3;14,8
05.01.2017 15:00;1,8;14
05.01.2017 18:00;0;15,4
05.01.2017 21:00;0;15,6
06.01.2017 0:00;0;15,3
06.01.2017 3:00;0;15
06.01.2017 6:00;0;29,7
06.01.2017 9:00;0;23,2
06.01.2017 12:00;2,1;13
06.01.2017 15:00;0;27,9
06.01.2017 18:00;0;42,7
06.01.2017 21:00;0;30,6
07.01.2017 0:00;0;28
07.01.2017 3:00;0;32,4
07.01.2017 6:00;0;33,1
07.01.2017 9:00;0;28
07.01.2017 12:00;8;27,1
07.01.2017 15:00;0;45,7
07.01.2017 18:00;0;57,4
07.01.2017 21:00;0;53,3
08.01.2017 0:00;0;38,9
08.01.2017 3:00;0;33
08.01.2017 6:00;0;28,7
08.01.2017 9:00;0;19,5
08.01.2017 12:00;0;13,2
08.01.2017 15:00;2;12,7
08.01.2017 18:00;0;17,9
08.01.2017 21:00;0;16
09.01.2017 0:00;0;15,7
09.01.2017 3:00;0;20,6
09.01.2017 6:00;0;18,8
09.01.2017 9:00;0;28,1
09.01.2017 12:00;0;31,7
09.01.2017 15:00;2,4;49,4
09.01.2017 18:00;0;38,2
09.01.2017 21:00;0;32,2
10.01.2017 0:00;0;31,3
10.01.2017 3:00;0;41,8
10.01.2017 6:00;0;53,4
10.01.2017 9:00;0;63,3
10.01.2017 12:00;1,5;53,7
10.01.2017 15:00;1,8;56,7
10.01.2017 18:00;0;49
10.01.2017 21:00;0;43,6
11.01.2017 0:00;0;26,9
11.01.2017 3:00;0;21,2
11.01.2017 6:00;0;15,8
11.01.2017 9:00;0,2;32,2
11.01.2017 12:00;4,8;14,4
11.01.2017 15:00;0;21,1
11.01.2017 18:00;0;50,7
11.01.2017 21:00;0;22,3
12.01.2017 0:00;0;9
12.01.2017 3:00;0;7,6
12.01.2017 6:00;0;11
12.01.2017 9:00;1,1;16,3
12.01.2017 12:00;5,6;19,9
12.01.2017 15:00;3,7;23,9
12.01.2017 18:00;0;31,3
12.01.2017 21:00;0;43,6
13.01.2017 0:00;0;43,2
13.01.2017 3:00;0;52,2
13.01.2017 6:00;0;48,2
13.01.2017 9:00;0;45,1
13.01.2017 12:00;1,3;29,7
13.01.2017 15:00;0,9;24,9
13.01.2017 18:00;0;37,8
13.01.2017 21:00;0;41,8
14.01.2017 0:00;0;40
14.01.2017 3:00;0;42,5
14.01.2017 6:00;0;42,8
14.01.2017 9:00;0;29,7
14.01.2017 12:00;2,2;15,1
14.01.2017 15:00;0;15,1
14.01.2017 18:00;0;24,8
14.01.2017 21:00;0;26,4
15.01.2017 0:00;0;18,9
15.01.2017 3:00;0;18,2
15.01.2017 6:00;0;15,6
15.01.2017 9:00;2,9;17
15.01.2017 12:00;10,5;6,2
15.01.2017 15:00;3,3;3,9
15.01.2017 18:00;0;2,6
15.01.2017 21:00;0;0,9
16.01.2017 0:00;0;0
16.01.2017 3:00;0;0
16.01.2017 6:00;0;2,4
16.01.2017 9:00;0;9,4
16.01.2017 12:00;0,9;8,1
16.01.2017 15:00;3,4;10
16.01.2017 18:00;0;14
16.01.2017 21:00;0;12,9
17.01.2017 0:00;0;12,2
17.01.2017 3:00;0;12,2
17.01.2017 6:00;0;11,3
17.01.2017 9:00;0;6,6
17.01.2017 12:00;0,5;0
17.01.2017 15:00;3,2;0
17.01.2017 18:00;0;0
17.01.2017 21:00;0;0
18.01.2017 0:00;0;1,4
18.01.2017 3:00;0;0
18.01.2017 6:00;0;3,2
18.01.2017 9:00;0,3;5,2
18.01.2017 12:00;3,4;0
18.01.2017 15:00;2,8;1,5
18.01.2017 18:00;0;11,1
18.01.2017 21:00;0;9,3
19.01.2017 0:00;0;4,7
19.01.2017 3:00;0;6,6
19.01.2017 6:00;0;8,6
19.01.2017 9:00;0,7;8,1
19.01.2017 12:00;5,4;6,3
19.01.2017 15:00;0,7;14,2
19.01.2017 18:00;0;22,4
19.01.2017 21:00;0;17,1
20.01.2017 0:00;0;15,6
20.01.2017 3:00;0;12,6
20.01.2017 6:00;0;10,9
20.01.2017 9:00;3,7;10,1
20.01.2017 12:00;13,1;6
20.01.2017 15:00;4,4;5
20.01.2017 18:00;0;6,1
20.01.2017 21:00;0;2,8
21.01.2017 0:00;0;1,1
21.01.2017 3:00;0;0
21.01.2017 6:00;0;0,4
21.01.2017 9:00;3,9;0
21.01.2017 12:00;13,7;0
21.01.2017 15:00;4,4;0
21.01.2017 18:00;0;9
21.01.2017 21:00;0;7,9
22.01.2017 0:00;0;9,5
22.01.2017 3:00;0;13
22.01.2017 6:00;0;13,7
22.01.2017 9:00;3,1;15,7
22.01.2017 12:00;0,3;11,7
22.01.2017 15:00;4,5;6,7
22.01.2017 18:00;0;0,1
22.01.2017 21:00;0;0
23.01.2017 0:00;0;0
23.01.2017 3:00;0;2,4
23.01.2017 6:00;0;3,7
23.01.2017 9:00;3,4;2
23.01.2017 12:00;12,4;0
23.01.2017 15:00;4;1,5
23.01.2017 18:00;0;10,4
23.01.2017 21:00;0;10,8
24.01.2017 0:00;0;10,4
24.01.2017 3:00;0;6,4
24.01.2017 6:00;0;0
24.01.2017 9:00;1,1;0
24.01.2017 12:00;7;0
24.01.2017 15:00;3;0
24.01.2017 18:00;0;0
24.01.2017 21:00;0;2,2
25.01.2017 0:00;0;4,8
25.01.2017 3:00;0;12,9
25.01.2017 6:00;0;32,3
25.01.2017 9:00;4,2;35,6
25.01.2017 12:00;14,8;17,9
25.01.2017 15:00;5;25,4
25.01.2017 18:00;0;39,6
25.01.2017 21:00;0;37,2
26.01.2017 0:00;0;24,9
26.01.2017 3:00;0;15,3
26.01.2017 6:00;0;11
26.01.2017 9:00;3,2;10,4
26.01.2017 12:00;11,5;0
26.01.2017 15:00;2,9;0
26.01.2017 18:00;0;6,7
26.01.2017 21:00;0;11,7
27.01.2017 0:00;0;8
27.01.2017 3:00;0;6,3
27.01.2017 6:00;0;4
27.01.2017 9:00;0,8;1,8
27.01.2017 12:00;1;0
27.01.2017 15:00;2,7;0
27.01.2017 18:00;0;1,1
27.01.2017 21:00;0;7,7
28.01.2017 0:00;0;8,7
28.01.2017 3:00;0;11,2
28.01.2017 6:00;0;17,1
28.01.2017 9:00;1,3;15,2
28.01.2017 12:00;4;11,1
28.01.2017 15:00;1,2;26,3
28.01.2017 18:00;0;42,2
28.01.2017 21:00;0;27,9
29.01.2017 0:00;0;42
29.01.2017 3:00;0;37,5
29.01.2017 6:00;0;35,8
29.01.2017 9:00;0;34
29.01.2017 12:00;0,5;30,8
29.01.2017 15:00;1,7;32,5
29.01.2017 18:00;0;43,3
29.01.2017 21:00;0;47,9
30.01.2017 0:00;0;47,2
30.01.2017 3:00;0;53,1
30.01.2017 6:00;0;74
30.01.2017 9:00;0;86,5
30.01.2017 12:00;1;89,8
30.01.2017 15:00;0,3;90
30.01.2017 18:00;0;80,7
30.01.2017 21:00;0;57,1
31.01.2017 0:00;0;76,2
31.01.2017 3:00;0;88,4
31.01.2017 6:00;0;65,4
31.01.2017 9:00;0;45,5
31.01.2017 12:00;2,3;7,7
31.01.2017 15:00;1,3;9,5
31.01.2017 18:00;0;9,2
31.01.2017 21:00;0;0
01.02.2017 0:00;0;15,6
01.02.2017 3:00;0;17,9
01.02.2017 6:00;0;22,5
01.02.2017 9:00;1;18,1
01.02.2017 12:00;5,9;17
01.02.2017 15:00;1,9;23
01.02.2017 18:00;0;24,1
01.02.2017 21:00;0;15,8
02.02.2017 0:00;0;10,2
02.02.2017 3:00;0;2,5
02.02.2017 6:00;0;0,3
02.02.2017 9:00;1,6;3,5
02.02.2017 12:00;4,5;0
02.02.2017 15:00;1,3;3,7
02.02.2017 18:00;0;23,3
02.02.2017 21:00;0;28,9
03.02.2017 0:00;0;34,6
03.02.2017 3:00;0;29,1
03.02.2017 6:00;0;27,9
03.02.2017 9:00;5,6;33,6
03.02.2017 12:00;19,1;21,3
03.02.2017 15:00;5,1;29,2
03.02.2017 18:00;0;42
03.02.2017 21:00;0;38,1
04.02.2017 0:00;0;33,5
04.02.2017 3:00;0;31,8
04.02.2017 6:00;0;33,5
04.02.2017 9:00;5,7;21,4
04.02.2017 12:00;17,4;15,9
04.02.2017 15:00;6,3;26,3
04.02.2017 18:00;0;49,7
04.02.2017 21:00;0;52,9
05.02.2017 0:00;0;33,5
05.02.2017 3:00;0;30,7
05.02.2017 6:00;0;26,4
05.02.2017 9:00;6,4;13,6
05.02.2017 12:00;22,9;7,8
05.02.2017 15:00;5,1;20,6
05.02.2017 18:00;0;41
05.02.2017 21:00;0;31,3
06.02.2017 0:00;0;13,8
06.02.2017 3:00;0;8,7
06.02.2017 6:00;0;12,6
06.02.2017 9:00;6,5;18,3
06.02.2017 12:00;21,8;21
06.02.2017 15:00;4,1;51,7
06.02.2017 18:00;0;68,5
06.02.2017 21:00;0;77,1
07.02.2017 0:00;0;63,6
07.02.2017 3:00;0;51,1
07.02.2017 6:00;0;25
07.02.2017 9:00;4;9,7
07.02.2017 12:00;10,4;8,3
07.02.2017 15:00;7;18,2
07.02.2017 18:00;0;33
07.02.2017 21:00;0;27
08.02.2017 0:00;0;22,1
08.02.2017 3:00;0;10,2
08.02.2017 6:00;0;0
08.02.2017 9:00;0;0
08.02.2017 12:00;0,5;10,1
08.02.2017 15:00;4,4;35
08.02.2017 18:00;0;72,6
08.02.2017 21:00;0;46
09.02.2017 0:00;0;17,9
09.02.2017 3:00;0;12
09.02.2017 6:00;0;0
09.02.2017 9:00;4,4;0
09.02.2017 12:00;26,8;1,6
09.02.2017 15:00;2,2;15,1
09.02.2017 18:00;0;14,6
09.02.2017 21:00;0;17
10.02.2017 0:00;0;21,6
10.02.2017 3:00;0;24,9
10.02.2017 6:00;0;22,7
10.02.2017 9:00;0,5;15,8
10.02.2017 12:00;2,3;14
10.02.2017 15:00;1;17,6
10.02.2017 18:00;0;39,1
10.02.2017 21:00;0;36,5
11.02.2017 0:00;0;28,9
11.02.2017 3:00;0;20,6
11.02.2017 6:00;0;10,6
11.02.2017 9:00;2,5;1,1
11.02.2017 12:00;3;0
11.02.2017 15:00;9,1;0
11.02.2017 18:00;0;0
11.02.2017 21:00;0;0
12.02.2017 0:00;0;2,8
12.02.2017 3:00;0;5,1
12.02.2017 6:00;0;7,3
12.02.2017 9:00;3,5;8,6
12.02.2017 12:00;24,5;20,9
12.02.2017 15:00;5,9;24,1
12.02.2017 18:00;0;35,9
12.02.2017 21:00;0;18,5
13.02.2017 0:00;0;18,7
13.02.2017 3:00;0;26,3
13.02.2017 6:00;0;31,5
13.02.2017 9:00;5;51,2
13.02.2017 12:00;18,4;66,1
13.02.2017 15:00;7,4;74,6
13.02.2017 18:00;0;66,4
13.02.2017 21:00;0;59,7
14.02.2017 0:00;0;59,4
14.02.2017 3:00;0;63,5
14.02.2017 6:00;0;54,1
14.02.2017 9:00;6,9;47,9
14.02.2017 12:00;23,8;65,2
14.02.2017 15:00;7,6;68,9
14.02.2017 18:00;0;78,7
14.02.2017 21:00;0;65
15.02.2017 0:00;0;47,7
15.02.2017 3:00;0;51
15.02.2017 6:00;0;51
15.02.2017 9:00;2,7;35,6
15.02.2017 12:00;7,4;30,7
15.02.2017 15:00;3,1;27,6
15.02.2017 18:00;0;47,7
15.02.2017 21:00;0;32,5
16.02.2017 0:00;0;24,2
16.02.2017 3:00;0;16,5
16.02.2017 6:00;0;15,5
16.02.2017 9:00;7,2;8
16.02.2017 12:00;18,4;3,5
16.02.2017 15:00;8;5,1
16.02.2017 18:00;0;21,1
16.02.2017 21:00;0;25,8
17.02.2017 0:00;0;20,8
17.02.2017 3:00;0;22,9
17.02.2017 6:00;0;15,3
17.02.2017 9:00;5,7;10,6
17.02.2017 12:00;20,4;9,5
17.02.2017 15:00;9,8;9,7
17.02.2017 18:00;0;18,1
17.02.2017 21:00;0;17,1
18.02.2017 0:00;0;11,5
18.02.2017 3:00;0;9
18.02.2017 6:00;0;10,3
18.02.2017 9:00;3,7;8,7
18.02.2017 12:00;8,1;0,9
18.02.2017 15:00;3;0
18.02.2017 18:00;0;11,1
18.02.2017 21:00;0;15,5
19.02.2017 0:00;0;11
19.02.2017 3:00;0;11,8
19.02.2017 6:00;0;14,3
19.02.2017 9:00;7,7;5
19.02.2017 12:00;18,4;2,7
19.02.2017 15:00;8,5;5,5
19.02.2017 18:00;0;19,9
19.02.2017 21:00;0;17,9
20.02.2017 0:00;0;14,6
20.02.2017 3:00;0;8,5
20.02.2017 6:00;0;7,8
20.02.2017 9:00;9,2;0,3
20.02.2017 12:00;23,8;0
20.02.2017 15:00;10,9;0
20.02.2017 18:00;0;0,4
20.02.2017 21:00;0;3,8
21.02.2017 0:00;0;0
21.02.2017 3:00;0;0
21.02.2017 6:00;0;0
21.02.2017 9:00;1,9;3,3
21.02.2017 12:00;5,4;4,9
21.02.2017 15:00;2,5;3
21.02.2017 18:00;0;7,8
21.02.2017 21:00;0;14,2
22.02.2017 0:00;0;11,8
22.02.2017 3:00;0;2,3
22.02.2017 6:00;0;4,1
22.02.2017 9:00;2,9;2,2
22.02.2017 12:00;5,7;6,9
22.02.2017 15:00;2,5;8,9
22.02.2017 18:00;0;16,1
22.02.2017 21:00;0;16,3
23.02.2017 0:00;0;9,9
23.02.2017 3:00;0;10,6
23.02.2017 6:00;0;14,3
23.02.2017 9:00;5,8;13,5
23.02.2017 12:00;11,6;15,6
23.02.2017 15:00;6;16,1
23.02.2017 18:00;0;26
23.02.2017 21:00;0;19,2
24.02.2017 0:00;0;13,3
24.02.2017 3:00;0;18,3
24.02.2017 6:00;0;18,2
24.02.2017 9:00;11,7;16,2
24.02.2017 12:00;19,8;20,4
24.02.2017 15:00;10,6;17
24.02.2017 18:00;0;17,3
24.02.2017 21:00;0;16,2
25.02.2017 0:00;0;13,8
25.02.2017 3:00;0;19
25.02.2017 6:00;0;17,2
25.02.2017 9:00;3,1;12,1
25.02.2017 12:00;6,7;7,2
25.02.2017 15:00;3,9;11,5
25.02.2017 18:00;0;9,9
25.02.2017 21:00;0;10
26.02.2017 0:00;0;7,2
26.02.2017 3:00;0;6,1
26.02.2017 6:00;0;8,4
26.02.2017 9:00;10,9;7,5
26.02.2017 12:00;28;5,9
26.02.2017 15:00;14,9;9,1
26.02.2017 18:00;0;12
26.02.2017 21:00;0;11,9
27.02.2017 0:00;0;10
27.02.2017 3:00;0;10,7
27.02.2017 6:00;0;13,8
27.02.2017 9:00;1,6;14,4
27.02.2017 12:00;3,7;22,3
27.02.2017 15:00;2;18,9
27.02.2017 18:00;0;17,8
27.02.2017 21:00;0;16,3
28.02.2017 0:00;0;11,7
28.02.2017 3:00;0;11,6
28.02.2017 6:00;0;12,3
28.02.2017 9:00;0,3;7,3
28.02.2017 12:00;1,1;5,1
28.02.2017 15:00;5,3;6,3
28.02.2017 18:00;0;10,9
28.02.2017 21:00;0;15,8
01.03.2017 0:00;0;13
01.03.2017 3:00;0;5,4
01.03.2017 6:00;0;3
01.03.2017 9:00;12,6;1
01.03.2017 12:00;20,1;0
01.03.2017 15:00;10,2;0
01.03.2017 18:00;0;0
01.03.2017 21:00;0;0
02.03.2017 0:00;0;0
02.03.2017 3:00;0;0
02.03.2017 6:00;0;0
02.03.2017 9:00;3,8;0
02.03.2017 12:00;12,6;0
02.03.2017 15:00;12,2;0
02.03.2017 18:00;0;7,9
02.03.2017 21:00;0;25,3
03.03.2017 0:00;0;17,1
03.03.2017 3:00;0;13,9
03.03.2017 6:00;0;12
03.03.2017 9:00;4;2,5
03.03.2017 12:00;7,1;0
03.03.2017 15:00;3,7;4,2
03.03.2017 18:00;0;41,1
03.03.2017 21:00;0;40
04.03.2017 0:00;0;32,8
04.03.2017 3:00;0;41
04.03.2017 6:00;0;44,7
04.03.2017 9:00;1,3;42,5
04.03.2017 12:00;2,4;51,6
04.03.2017 15:00;1,7;48,9
04.03.2017 18:00;0;60,5
04.03.2017 21:00;0;53,6
05.03.2017 0:00;0;61,4
05.03.2017 3:00;0;65,7
05.03.2017 6:00;0;67,2
05.03.2017 9:00;3,4;68,9
05.03.2017 12:00;7,1;85
05.03.2017 15:00;6;90
05.03.2017 18:00;0;90
05.03.2017 21:00;0;90
06.03.2017 0:00;0;89,5
06.03.2017 3:00;0;83,8
06.03.2017 6:00;0;65
06.03.2017 9:00;9,3;25,5
06.03.2017 12:00;8,9;20
06.03.2017 15:00;14,1;26,4
06.03.2017 18:00;0;56
06.03.2017 21:00;0;45
07.03.2017 0:00;0;37,2
07.03.2017 3:00;0;39,7
07.03.2017 6:00;0;30,6
07.03.2017 9:00;8,7;17,8
07.03.2017 12:00;2;26,8
07.03.2017 15:00;4,1;22,4
07.03.2017 18:00;0;17,6
07.03.2017 21:00;0;9
08.03.2017 0:00;0;0
08.03.2017 3:00;0;1,1
08.03.2017 6:00;0;3,7
08.03.2017 9:00;17,5;2,2
08.03.2017 12:00;12;7,7
08.03.2017 15:00;12;9
08.03.2017 18:00;0;29,8
08.03.2017 21:00;0;38,9
09.03.2017 0:00;0;29,2
09.03.2017 3:00;0;22,3
09.03.2017 6:00;0;22,2
09.03.2017 9:00;15,3;8,1
09.03.2017 12:00;29,6;13,1
09.03.2017 15:00;17,5;8,9
09.03.2017 18:00;0;16,8
09.03.2017 21:00;0;34,8
10.03.2017 0:00;0;23,6
10.03.2017 3:00;0;20,3
10.03.2017 6:00;0;12,1
10.03.2017 9:00;13,2;6,9
10.03.2017 12:00;24,1;17,1
10.03.2017 15:00;9,4;21,5
10.03.2017 18:00;0;41,7
10.03.2017 21:00;0;43,5
11.03.2017 0:00;0;33,9
11.03.2017 3:00;0;21,6
11.03.2017 6:00;0;30,1
11.03.2017 9:00;15,4;42,8
11.03.2017 12:00;25,4;48,7
11.03.2017 15:00;17;66,2
11.03.2017 18:00;0;75,6
11.03.2017 21:00;0;70,8
12.03.2017 0:00;0;50,7
12.03.2017 3:00;0;26,4
12.03.2017 6:00;0;11,9
12.03.2017 9:00;14,6;0
12.03.2017 12:00;10,2;0
12.03.2017 15:00;13,5;0
12.03.2017 18:00;0;0
12.03.2017 21:00;0;11,3
13.03.2017 0:00;0;20,5
13.03.2017 3:00;0;21,6
13.03.2017 6:00;0;17,4
13.03.2017 9:00;2,4;4,7
13.03.2017 12:00;7,3;9
13.03.2017 15:00;3,4;3,4
13.03.2017 18:00;0;0
13.03.2017 21:00;0;6,8
14.03.2017 0:00;0;8,7
14.03.2017 3:00;0;11,7
14.03.2017 6:00;0;7,1
14.03.2017 9:00;15,9;4,4
14.03.2017 12:00;25;7,5
14.03.2017 15:00;16,3;14,7
14.03.2017 18:00;0;22,8
14.03.2017 21:00;0;18,4
15.03.2017 0:00;0;15,4
15.03.2017 3:00;0;22
15.03.2017 6:00;0;18,9
15.03.2017 9:00;19;21,4
15.03.2017 12:00;30,4;52
15.03.2017 15:00;19,2;56,2
15.03.2017 18:00;0;71,4
15.03.2017 21:00;0;68,8
16.03.2017 0:00;0;73,2
16.03.2017 3:00;0;86,2
16.03.2017 6:00;0;86
16.03.2017 9:00;16;85,9
16.03.2017 12:00;26,7;85,3
16.03.2017 15:00;20;77,8
16.03.2017 18:00;0;75,3
16.03.2017 21:00;0;68,5
17.03.2017 0:00;0;56
17.03.2017 3:00;0;49,5
17.03.2017 6:00;0;55,2
17.03.2017 9:00;6;56,8
17.03.2017 12:00;8,2;55,1
17.03.2017 15:00;6;48,7
17.03.2017 18:00;0;42,3
17.03.2017 21:00;0;32,6
18.03.2017 0:00;0;26,8
18.03.2017 3:00;0;21,3
18.03.2017 6:00;0;16,8
18.03.2017 9:00;18,4;1,7
18.03.2017 12:00;21,6;0
18.03.2017 15:00;13,7;1,8
18.03.2017 18:00;0;9,9
18.03.2017 21:00;0;14,5
19.03.2017 0:00;0;15
19.03.2017 3:00;0;13,6
19.03.2017 6:00;0;14,2
19.03.2017 9:00;1,8;11,8
19.03.2017 12:00;2,8;8,5
19.03.2017 15:00;10,4;6
19.03.2017 18:00;0;2,2
19.03.2017 21:00;0;0
20.03.2017 0:00;0;0
20.03.2017 3:00;0;0
20.03.2017 6:00;0;0
20.03.2017 9:00;7,5;0
20.03.2017 12:00;14,4;0,2
20.03.2017 15:00;8,8;1,7
20.03.2017 18:00;0;4,2
20.03.2017 21:00;0;4,8
21.03.2017 0:00;0;4,7
21.03.2017 3:00;0;2,7
21.03.2017 6:00;0;0
21.03.2017 9:00;9,9;0
21.03.2017 12:00;16;0
21.03.2017 15:00;9,2;0
21.03.2017 18:00;0;0
21.03.2017 21:00;0;0
22.03.2017 0:00;0;1,2
22.03.2017 3:00;0;0,4
22.03.2017 6:00;0;0
22.03.2017 9:00;3,5;3,9
22.03.2017 12:00;5,7;18,4
22.03.2017 15:00;3,5;20,2
22.03.2017 18:00;0;23,8
22.03.2017 21:00;0;28,3
23.03.2017 0:00;0;28,8
23.03.2017 3:00;0;43,6
23.03.2017 6:00;0;30
23.03.2017 9:00;3,4;24,2
23.03.2017 12:00;5,1;28,3
23.03.2017 15:00;3,4;51,9
23.03.2017 18:00;0;43,7
23.03.2017 21:00;0;47,6
24.03.2017 0:00;0;88,4
24.03.2017 3:00;0;51,7
24.03.2017 6:00;0;17
24.03.2017 9:00;12,4;7,1
24.03.2017 12:00;21,4;20,6
24.03.2017 15:00;8,4;90
24.03.2017 18:00;0;90
24.03.2017 21:00;0;90
25.03.2017 0:00;0;72,2
25.03.2017 3:00;0;40,3
25.03.2017 6:00;0;89,1
25.03.2017 9:00;21,2;90
25.03.2017 12:00;32,1;89,1
25.03.2017 15:00;22,5;69,1
25.03.2017 18:00;0;53,6
25.03.2017 21:00;0;50,1
26.03.2017 0:00;0;27,7
26.03.2017 3:00;0;20,8
26.03.2017 6:00;0;38,7
26.03.2017 9:00;21,4;78,9
26.03.2017 12:00;32;69,4
26.03.2017 15:00;20,6;45,5
26.03.2017 18:00;0;43,1
26.03.2017 21:00;0;62
27.03.2017 0:00;0;67,5
27.03.2017 3:00;0;37
27.03.2017 6:00;0;32,8
27.03.2017 9:00;14,1;12,8
27.03.2017 12:00;14,3;35,3
27.03.2017 15:00;13,3;37
27.03.2017 18:00;0;41,3
27.03.2017 21:00;0;57,2
28.03.2017 0:00;0;59,2
28.03.2017 3:00;0;47,2
28.03.2017 6:00;0;51,4
28.03.2017 9:00;18,3;35,1
28.03.2017 12:00;28,7;58,7
28.03.2017 15:00;20,4;73,2
28.03.2017 18:00;0;79,6
28.03.2017 21:00;0;67,3
29.03.2017 0:00;0;56,7
29.03.2017 3:00;0;44,1
29.03.2017 6:00;0;36,1
29.03.2017 9:00;6,9;22,5
29.03.2017 12:00;33,4;46,2
29.03.2017 15:00;0,8;38,2
29.03.2017 18:00;0;35,9
29.03.2017 21:00;0;32,2
30.03.2017 0:00;0;10,5
30.03.2017 3:00;0;12,8
30.03.2017 6:00;0;16,4
30.03.2017 9:00;19,7;17,6
30.03.2017 12:00;28,4;76,3
30.03.2017 15:00;21,2;84,5
30.03.2017 18:00;0,4;82
30.03.2017 21:00;0;89,5
31.03.2017 0:00;0;89,3
31.03.2017 3:00;0;81,9
31.03.2017 6:00;0;56,1
31.03.2017 9:00;4,1;45,5
31.03.2017 12:00;6;31
31.03.2017 15:00;21;20,8
31.03.2017 18:00;0,5;13,6
31.03.2017 21:00;0;9
01.04.2017 0:00;0;2,8
01.04.2017 3:00;0;4,3
01.04.2017 6:00;0;5,9
01.04.2017 9:00;6,3;0
01.04.2017 12:00;27,8;6,6
01.04.2017 15:00;19,3;8,9
01.04.2017 18:00;0,9;16,5
01.04.2017 21:00;0;33,2
02.04.2017 0:00;0;25,3
02.04.2017 3:00;0;23,2
02.04.2017 6:00;0,3;25,8
02.04.2017 9:00;0,9;16,7
02.04.2017 12:00;11,6;12,1
02.04.2017 15:00;21,6;14,9
02.04.2017 18:00;1,1;15,8
02.04.2017 21:00;0;18,5
03.04.2017 0:00;0;13,9
03.04.2017 3:00;0;22,5
03.04.2017 6:00;0;27,7
03.04.2017 9:00;3,9;17,2
03.04.2017 12:00;7,5;28,3
03.04.2017 15:00;7,3;38,1
03.04.2017 18:00;0,5;47,9
03.04.2017 21:00;0;40,4
04.04.2017 0:00;0;35
04.04.2017 3:00;0;29,5
04.04.2017 6:00;0,8;26,5
04.04.2017 9:00;20;4,4
04.04.2017 12:00;30,7;7,6
04.04.2017 15:00;20,3;26,4
04.04.2017 18:00;0,6;35,8
04.04.2017 21:00;0;36,6
05.04.2017 0:00;0;48,7
05.04.2017 3:00;0;25,3
05.04.2017 6:00;0;21,8
05.04.2017 9:00;2;4,9
05.04.2017 12:00;3,8;9,6
05.04.2017 15:00;2,3;15,3
05.04.2017 18:00;0;10,8
05.04.2017 21:00;0;7,7
06.04.2017 0:00;0;7,7
06.04.2017 3:00;0;0
06.04.2017 6:00;0,5;0
06.04.2017 9:00;5,7;0
06.04.2017 12:00;14;0
06.04.2017 15:00;17,6;0
06.04.2017 18:00;0,9;0
06.04.2017 21:00;0;0,8
07.04.2017 0:00;0;0,8
07.04.2017 3:00;0;0
07.04.2017 6:00;0,8;3,5
07.04.2017 9:00;18,8;0
07.04.2017 12:00;31,3;1,9
07.04.2017 15:00;21,3;2,7
07.04.2017 18:00;0,8;2,4
07.04.2017 21:00;0;4,6
08.04.2017 0:00;0;3,9
08.04.2017 3:00;0;5,5
08.04.2017 6:00;0,9;8,4
08.04.2017 9:00;21,2;13,2
08.04.2017 12:00;30,6;7,5
08.04.2017 15:00;21,1;3,4
08.04.2017 18:00;0,8;4,1
08.04.2017 21:00;0;4,6
09.04.2017 0:00;0;2
09.04.2017 3:00;0;0
09.04.2017 6:00;0,9;15,7
09.04.2017 9:00;15,8;56,5
09.04.2017 12:00;35,7;56,8
09.04.2017 15:00;3,7;38
09.04.2017 18:00;0;27,2
09.04.2017 21:00;0;13,7
10.04.2017 0:00;0;13
10.04.2017 3:00;0;15,8
10.04.2017 6:00;0,3;14,3
10.04.2017 9:00;2,5;10,6
10.04.2017 12:00;3,7;15,8
10.04.2017 15:00;3,7;27,1
10.04.2017 18:00;0,4;32,6
10.04.2017 21:00;0;30,5
11.04.2017 0:00;0;27,9
11.04.2017 3:00;0;25,5
11.04.2017 6:00;1,3;24,8
11.04.2017 9:00;24,3;30,8
11.04.2017 12:00;1,5;16,2
11.04.2017 15:00;5,9;14,3
11.04.2017 18:00;1;5
11.04.2017 21:00;0;7,7
12.04.2017 0:00;0;7,3
12.04.2017 3:00;0;1,3
12.04.2017 6:00;1,2;0
12.04.2017 9:00;24,4;0
12.04.2017 12:00;2,5;0
12.04.2017 15:00;8,6;0
12.04.2017 18:00;1,5;0
12.04.2017 21:00;0;0
13.04.2017 0:00;0;0
13.04.2017 3:00;0;0
13.04.2017 6:00;0,5;0
13.04.2017 9:00;4,1;0
13.04.2017 12:00;8,9;0
13.04.2017 15:00;4,9;0
13.04.2017 18:00;1,4;0
13.04.2017 21:00;0;0
14.04.2017 0:00;0;0
14.04.2017 3:00;0;0
14.04.2017 6:00;1,6;0
14.04.2017 9:00;16;0
14.04.2017 12:00;22,2;0
14.04.2017 15:00;14,1;3
14.04.2017 18:00;1,1;9,6
14.04.2017 21:00;0;15,8
15.04.2017 0:00;0;13
15.04.2017 3:00;0;13,5
15.04.2017 6:00;1,6;12,7
15.04.2017 9:00;17,5;10,4
15.04.2017 12:00;23,9;10,7
15.04.2017 15:00;14,2;8,8
15.04.2017 18:00;1,3;3,6
15.04.2017 21:00;0;2
16.04.2017 0:00;0;1,2
16.04.2017 3:00;0;1,3
16.04.2017 6:00;1,6;0
16.04.2017 9:00;23,3;0
16.04.2017 12:00;28,4;0
16.04.2017 15:00;20;0
16.04.2017 18:00;1,2;0
16.04.2017 21:00;0;6,4
17.04.2017 0:00;0;12,2
17.04.2017 3:00;0;7,3
17.04.2017 6:00;1,7;1,5
17.04.2017 9:00;20,2;0
17.04.2017 12:00;26,7;8,4
17.04.2017 15:00;17,7;10
17.04.2017 18:00;1,3;15,8
17.04.2017 21:00;0;35,6
18.04.2017 0:00;0;43,9
18.04.2017 3:00;0;33,8
18.04.2017 6:00;2,4;51,4
18.04.2017 9:00;25,3;65,5
18.04.2017 12:00;34,4;90
18.04.2017 15:00;23,7;90
18.04.2017 18:00;1;71,4
18.04.2017 21:00;0;72,1
19.04.2017 0:00;0;59,4
19.04.2017 3:00;0;47,8
19.04.2017 6:00;2,5;42
19.04.2017 9:00;25,5;76,9
19.04.2017 12:00;34,5;88,6
19.04.2017 15:00;24,2;90
19.04.2017 18:00;1,1;59,9
19.04.2017 21:00;0;50
20.04.2017 0:00;0;33,3
20.04.2017 3:00;0;31
20.04.2017 6:00;2,3;36,3
20.04.2017 9:00;24,1;48
20.04.2017 12:00;32,4;45,9
20.04.2017 15:00;21,6;48,3
20.04.2017 18:00;1,3;17,4
20.04.2017 21:00;0;6,5
21.04.2017 0:00;0;0
21.04.2017 3:00;0;0
21.04.2017 6:00;2,3;0
21.04.2017 9:00;15,7;0
21.04.2017 12:00;29,2;0
21.04.2017 15:00;23,2;7,6
21.04.2017 18:00;1,3;12,7
21.04.2017 21:00;0;23,8
22.04.2017 0:00;0;22,9
22.04.2017 3:00;0;24,2
22.04.2017 6:00;1,2;15
22.04.2017 9:00;6,4;8
22.04.2017 12:00;8,2;24,7
22.04.2017 15:00;5,7;27,9
22.04.2017 18:00;0,8;9,1
22.04.2017 21:00;0;1,7
23.04.2017 0:00;0;4,5
23.04.2017 3:00;0;1,9
23.04.2017 6:00;2;0
23.04.2017 9:00;9,3;0
23.04.2017 12:00;14,1;0
23.04.2017 15:00;10;0
23.04.2017 18:00;1,3;0
23.04.2017 21:00;0;0
24.04.2017 0:00;0;0
24.04.2017 3:00;0;8,7
24.04.2017 6:00;2,2;6,4
24.04.2017 9:00;18,5;1,8
24.04.2017 12:00;21,1;4,4
24.04.2017 15:00;13,7;8,9
24.04.2017 18:00;1,3;7,8
24.04.2017 21:00;0;0
25.04.2017 0:00;0;0
25.04.2017 3:00;0;9
25.04.2017 6:00;2,9;9,9
25.04.2017 9:00;17,6;3,4
25.04.2017 12:00;22,7;16,2
25.04.2017 15:00;7,1;13
25.04.2017 18:00;0;6,2
25.04.2017 21:00;0;15,1
26.04.2017 0:00;0;18,5
26.04.2017 3:00;0;7,2
26.04.2017 6:00;1,8;2,1
26.04.2017 9:00;6,3;0,6
26.04.2017 12:00;11,5;0
26.04.2017 15:00;8;0
26.04.2017 18:00;1,3;3,9
26.04.2017 21:00;0;23,8
27.04.2017 0:00;0;25,6
27.04.2017 3:00;0;15,5
27.04.2017 6:00;2,8;6,3
27.04.2017 9:00;22;1
27.04.2017 12:00;29;1
27.04.2017 15:00;13,2;0
27.04.2017 18:00;1,9;6,7
27.04.2017 21:00;0;19,7
28.04.2017 0:00;0;18,4
28.04.2017 3:00;0;9,7
28.04.2017 6:00;2,2;5,3
28.04.2017 9:00;8,5;0
28.04.2017 12:00;13,5;0
28.04.2017 15:00;9,4;0
28.04.2017 18:00;1,4;1,5
28.04.2017 21:00;0;12,5
29.04.2017 0:00;0;8,6
29.04.2017 3:00;0;6,6
29.04.2017 6:00;2,8;0,3
29.04.2017 9:00;16,4;1
29.04.2017 12:00;19,9;0,6
29.04.2017 15:00;10,4;0,6
29.04.2017 18:00;1,8;6,6
29.04.2017 21:00;0;18,3
30.04.2017 0:00;0;12,2
30.04.2017 3:00;0;5,7
30.04.2017 6:00;3;0,6
30.04.2017 9:00;26,9;2,3
30.04.2017 12:00;35,8;0
30.04.2017 15:00;24,9;0
30.04.2017 18:00;2,5;8,6
30.04.2017 21:00;0;29,3
01.05.2017 0:00;0;25,6
01.05.2017 3:00;0;16,7
01.05.2017 6:00;3,3;8,5
01.05.2017 9:00;14,1;1,2
01.05.2017 12:00;1,7;1,5
01.05.2017 15:00;6,2;4,9
01.05.2017 18:00;2,7;9,7
01.05.2017 21:00;0;16,8
02.05.2017 0:00;0;10
02.05.2017 3:00;0;10,1
02.05.2017 6:00;3,2;0,9
02.05.2017 9:00;25,5;0
02.05.2017 12:00;33,8;0
02.05.2017 15:00;23,1;0
02.05.2017 18:00;2,2;0
02.05.2017 21:00;0;12,3
03.05.2017 0:00;0;17,2
03.05.2017 3:00;0;16,5
03.05.2017 6:00;3,1;13,8
03.05.2017 9:00;22,9;9,9
03.05.2017 12:00;29,7;8,1
03.05.2017 15:00;20,7;1,1
03.05.2017 18:00;2,2;0
03.05.2017 21:00;0;3,5
04.05.2017 0:00;0;3,2
04.05.2017 3:00;0;3,8
04.05.2017 6:00;0,4;4,9
04.05.2017 9:00;7,3;0,4
04.05.2017 12:00;8,9;0
04.05.2017 15:00;4,4;0
04.05.2017 18:00;1,8;0
04.05.2017 21:00;0;33,9
05.05.2017 0:00;0;15,2
05.05.2017 3:00;0;10,2
05.05.2017 6:00;3,4;2,4
05.05.2017 9:00;29,6;6,1
05.05.2017 12:00;17,2;2,6
05.05.2017 15:00;8,3;1,3
05.05.2017 18:00;1,7;8,1
05.05.2017 21:00;0;27,6
06.05.2017 0:00;0;13,1
06.05.2017 3:00;0;12,9
06.05.2017 6:00;3,2;4,5
06.05.2017 9:00;19;9,3
06.05.2017 12:00;10,4;11,9
06.05.2017 15:00;13,5;17
06.05.2017 18:00;2,9;15,4
06.05.2017 21:00;0;20,6
07.05.2017 0:00;0;19
07.05.2017 3:00;0;18,3
07.05.2017 6:00;3,5;15,3
07.05.2017 9:00;26,1;17,6
07.05.2017 12:00;31,9;18,8
07.05.2017 15:00;21,4;14,3
07.05.2017 18:00;2,2;24,7
07.05.2017 21:00;0;18,4
08.05.2017 0:00;0;11,3
08.05.2017 3:00;0;7,8
08.05.2017 6:00;3,5;0
08.05.2017 9:00;18,3;0
08.05.2017 12:00;23,9;0
08.05.2017 15:00;19,6;0
08.05.2017 18:00;2,3;0,4
08.05.2017 21:00;0;0,5
09.05.2017 0:00;0;8,1
09.05.2017 3:00;0;21,1
09.05.2017 6:00;1,4;15,3
09.05.2017 9:00;5;34,4
09.05.2017 12:00;6,9;24,8
09.05.2017 15:00;5,3;22,3
09.05.2017 18:00;1,1;18,9
09.05.2017 21:00;0;30,7
10.05.2017 0:00;0;22
10.05.2017 3:00;0;16,2
10.05.2017 6:00;0,8;3,3
10.05.2017 9:00;3,2;4
10.05.2017 12:00;4,2;5
10.05.2017 15:00;3;4,8
10.05.2017 18:00;0,9;6,6
10.05.2017 21:00;0;13,1
11.05.2017 0:00;0;16,3
11.05.2017 3:00;0;18,4
11.05.2017 6:00;0,4;7,5
11.05.2017 9:00;6,8;15
11.05.2017 12:00;23,7;11,8
11.05.2017 15:00;2,2;12
11.05.2017 18:00;0,3;14,2
11.05.2017 21:00;0;27,7
12.05.2017 0:00;0;13,4
12.05.2017 3:00;0;1,4
12.05.2017 6:00;4;0
12.05.2017 9:00;6;0
12.05.2017 12:00;14;0
12.05.2017 15:00;8,5;0,1
12.05.2017 18:00;2,2;0
12.05.2017 21:00;0;0
13.05.2017 0:00;0;13
13.05.2017 3:00;0;17,9
13.05.2017 6:00;4,2;37,8
13.05.2017 9:00;29,2;24,8
13.05.2017 12:00;18,9;9,7
13.05.2017 15:00;13,8;1,8
13.05.2017 18:00;2,7;2,3
13.05.2017 21:00;0;15,4
14.05.2017 0:00;0;33,5
14.05.2017 3:00;0;30,2
14.05.2017 6:00;4,1;26,4
14.05.2017 9:00;28,2;55,6
14.05.2017 12:00;36,6;46,2
14.05.2017 15:00;26,2;18,6
14.05.2017 18:00;2,2;6,2
14.05.2017 21:00;0;16,6
15.05.2017 0:00;0;19,2
15.05.2017 3:00;0;17,4
15.05.2017 6:00;4,1;10,7
15.05.2017 9:00;27,6;42,9
15.05.2017 12:00;35,8;52,1
15.05.2017 15:00;25,9;35
15.05.2017 18:00;2,2;15,6
15.05.2017 21:00;0;9
16.05.2017 0:00;0;8,2
16.05.2017 3:00;0;18,8
16.05.2017 6:00;4,1;10,9
16.05.2017 9:00;27,9;13,7
16.05.2017 12:00;36,1;4
16.05.2017 15:00;25,8;0
16.05.2017 18:00;2,2;0
16.05.2017 21:00;0;3,7
17.05.2017 0:00;0;9,2
17.05.2017 3:00;0;6,8
17.05.2017 6:00;4,6;2,6
17.05.2017 9:00;19,7;6
17.05.2017 12:00;27,5;5,7
17.05.2017 15:00;10,7;13,2
17.05.2017 18:00;0,4;7
17.05.2017 21:00;0;10,6
18.05.2017 0:00;0;11,7
18.05.2017 3:00;0;11,1
18.05.2017 6:00;4;6,5
18.05.2017 9:00;22,5;59,2
18.05.2017 12:00;26;85,5
18.05.2017 15:00;20,8;74,8
18.05.2017 18:00;2,2;78,5
18.05.2017 21:00;0;51,7
19.05.2017 0:00;0;24,4
19.05.2017 3:00;0;27,7
19.05.2017 6:00;4,6;8,8
19.05.2017 9:00;16,3;11,2
19.05.2017 12:00;19,7;8,1
19.05.2017 15:00;3,9;3,4
19.05.2017 18:00;0,4;0
19.05.2017 21:00;0;0
20.05.2017 0:00;0;1,4
20.05.2017 3:00;0;8,7
20.05.2017 6:00;4;1,7
20.05.2017 9:00;21,6;8,9
20.05.2017 12:00;27,5;10,5
20.05.2017 15:00;20,2;7,8
20.05.2017 18:00;2,5;6,5
20.05.2017 21:00;0;21,3
21.05.2017 0:00;0;17,4
21.05.2017 3:00;0;1,7
21.05.2017 6:00;4,5;0
21.05.2017 9:00;28,2;0
21.05.2017 12:00;19,3;0
21.05.2017 15:00;13,7;0
21.05.2017 18:00;3;0
21.05.2017 21:00;0;0
22.05.2017 0:00;0;0
22.05.2017 3:00;0;0
22.05.2017 6:00;4,2;0
22.05.2017 9:00;21,7;2,9
22.05.2017 12:00;31,4;3
22.05.2017 15:00;21,8;5,8
22.05.2017 18:00;2,9;10,2
22.05.2017 21:00;0;22,9
23.05.2017 0:00;0;5,2
23.05.2017 3:00;0;0,9
23.05.2017 6:00;4,5;0
23.05.2017 9:00;27,6;0
23.05.2017 12:00;14,3;0
23.05.2017 15:00;9,9;0
23.05.2017 18:00;2,8;0
23.05.2017 21:00;0;22,4
24.05.2017 0:00;0;30,7
24.05.2017 3:00;0;11,8
24.05.2017 6:00;4,9;44,2
24.05.2017 9:00;29,6;26,4
24.05.2017 12:00;37,1;17,7
24.05.2017 15:00;26,4;11,1
24.05.2017 18:00;2,6;5,3
24.05.2017 21:00;0;0
25.05.2017 0:00;0;0
25.05.2017 3:00;0;0
25.05.2017 6:00;5,3;0
25.05.2017 9:00;29,1;3,6
25.05.2017 12:00;20,1;10,7
25.05.2017 15:00;12,6;15,4
25.05.2017 18:00;3,1;12,9
25.05.2017 21:00;0;18,4
26.05.2017 0:00;0;75,3
26.05.2017 3:00;0;14,9
26.05.2017 6:00;3,5;31,4
26.05.2017 9:00;10,4;33,8
26.05.2017 12:00;13,4;28,6
26.05.2017 15:00;8,5;20,9
26.05.2017 18:00;2,4;17,7
26.05.2017 21:00;0;25,8
27.05.2017 0:00;0;26,8
27.05.2017 3:00;0;29,6
27.05.2017 6:00;4,3;17,2
27.05.2017 9:00;18,3;59,1
27.05.2017 12:00;19,3;61,9
27.05.2017 15:00;17,8;33,9
27.05.2017 18:00;3,9;7,5
27.05.2017 21:00;0;4
28.05.2017 0:00;0;0
28.05.2017 3:00;0;0
28.05.2017 6:00;2,8;0
28.05.2017 9:00;8,6;0
28.05.2017 12:00;10,3;0
28.05.2017 15:00;6,5;0
28.05.2017 18:00;2,2;0
28.05.2017 21:00;0;6,5
29.05.2017 0:00;0;19,5
29.05.2017 3:00;0;14,5
29.05.2017 6:00;3,2;3,1
29.05.2017 9:00;10,3;4,2
29.05.2017 12:00;13,3;5,6
29.05.2017 15:00;9,4;4,6
29.05.2017 18:00;2,7;0
29.05.2017 21:00;0;0
30.05.2017 0:00;0;10,1
30.05.2017 3:00;0;20,1
30.05.2017 6:00;4,5;12,7
30.05.2017 9:00;27,3;17,8
30.05.2017 12:00;34,8;42,6
30.05.2017 15:00;25;43,9
30.05.2017 18:00;2,9;21,9
30.05.2017 21:00;0;17,2
31.05.2017 0:00;0;14,3
31.05.2017 3:00;0;9,1
31.05.2017 6:00;4,6;0,2
31.05.2017 9:00;27,6;0,2
31.05.2017 12:00;35,4;0,2
31.05.2017 15:00;25,8;0
31.05.2017 18:00;2,9;0,8
31.05.2017 21:00;0;17,4
01.06.2017 0:00;0;15,4
01.06.2017 3:00;0;6,1
01.06.2017 6:00;4,6;0
01.06.2017 9:00;22,7;0
01.06.2017 12:00;29,7;0
01.06.2017 15:00;23,4;0
01.06.2017 18:00;3,4;0
01.06.2017 21:00;0;0,9
02.06.2017 0:00;0;7,8
02.06.2017 3:00;0;2,2
02.06.2017 6:00;0,6;0
02.06.2017 9:00;1,7;0
02.06.2017 12:00;20;0
02.06.2017 15:00;25,2;0
02.06.2017 18:00;3,3;0
02.06.2017 21:00;0;0
03.06.2017 0:00;0;1,6
03.06.2017 3:00;0;6,4
03.06.2017 6:00;4,6;4,9
03.06.2017 9:00;15,5;12
03.06.2017 12:00;19,9;26,2
03.06.2017 15:00;13,6;43,5
03.06.2017 18:00;3,4;44,7
03.06.2017 21:00;0;48
04.06.2017 0:00;0;39,5
04.06.2017 3:00;0;30,4
04.06.2017 6:00;3,4;58
04.06.2017 9:00;9,7;63,3
04.06.2017 12:00;11;83,4
04.06.2017 15:00;8;86,3
04.06.2017 18:00;2,6;60,9
04.06.2017 21:00;0;46,9
05.06.2017 0:00;0;38,1
05.06.2017 3:00;0;34,6
05.06.2017 6:00;3,4;26,8
05.06.2017 9:00;10;61,1
05.06.2017 12:00;14;52,1
05.06.2017 15:00;8,9;55,2
05.06.2017 18:00;2,8;40,3
05.06.2017 21:00;0;41,2
06.06.2017 0:00;0;34,5
06.06.2017 3:00;0;29,3
06.06.2017 6:00;3,9;17,4
06.06.2017 9:00;11;25,7
06.06.2017 12:00;14,3;20,1
06.06.2017 15:00;8,6;19,1
06.06.2017 18:00;3,2;14,7
06.06.2017 21:00;0;17,2
07.06.2017 0:00;0;17,8
07.06.2017 3:00;0;15,6
07.06.2017 6:00;1,9;3,7
07.06.2017 9:00;5,8;18,4
07.06.2017 12:00;20,4;21,2
07.06.2017 15:00;23,2;24,8
07.06.2017 18:00;4;10,4
07.06.2017 21:00;0;2
08.06.2017 0:00;0;0
08.06.2017 3:00;0;6
08.06.2017 6:00;4,9;1,9
08.06.2017 9:00;29;7,1
08.06.2017 12:00;37;7,3
08.06.2017 15:00;27,1;11,2
08.06.2017 18:00;3,4;8,5
08.06.2017 21:00;0;8,7
09.06.2017 0:00;0;8,6
09.06.2017 3:00;0;11,5
09.06.2017 6:00;3,5;5,5
09.06.2017 9:00;10,2;7,8
09.06.2017 12:00;15;5,2
09.06.2017 15:00;10,2;1,3
09.06.2017 18:00;2,5;0
09.06.2017 21:00;0;0
10.06.2017 0:00;0;3
10.06.2017 3:00;0;7,3
10.06.2017 6:00;4,7;0
10.06.2017 9:00;26,1;3,2
10.06.2017 12:00;34,3;0
10.06.2017 15:00;25,3;0
10.06.2017 18:00;3,5;4,4
10.06.2017 21:00;0;10,4
11.06.2017 0:00;0;8
11.06.2017 3:00;0;8
11.06.2017 6:00;0,5;0
11.06.2017 9:00;7,3;2,3
11.06.2017 12:00;6,4;3,7
11.06.2017 15:00;21,8;5,3
11.06.2017 18:00;4,1;16,4
11.06.2017 21:00;0;21,6
12.06.2017 0:00;0;12
12.06.2017 3:00;0;7,4
12.06.2017 6:00;4,6;0
12.06.2017 9:00;23,3;0
12.06.2017 12:00;31,7;0
12.06.2017 15:00;21,8;0,8
12.06.2017 18:00;3,9;6,7
12.06.2017 21:00;0;9,9
13.06.2017 0:00;0;6,5
13.06.2017 3:00;0;0
13.06.2017 6:00;5,3;0
13.06.2017 9:00;29,3;0
13.06.2017 12:00;20,2;0,2
13.06.2017 15:00;7,8;1,1
13.06.2017 18:00;0,6;0
13.06.2017 21:00;0;9,1
14.06.2017 0:00;0;6,7
14.06.2017 3:00;0;3,5
14.06.2017 6:00;1,6;1,7
14.06.2017 9:00;10,6;0,6
14.06.2017 12:00;8,4;0
14.06.2017 15:00;18;0
14.06.2017 18:00;4;0
14.06.2017 21:00;0;0
15.06.2017 0:00;0;5,7
15.06.2017 3:00;0;12,3
15.06.2017 6:00;1,1;9,1
15.06.2017 9:00;6,3;13,3
15.06.2017 12:00;18,9;8,6
15.06.2017 15:00;17,6;4,7
15.06.2017 18:00;4,3;0
15.06.2017 21:00;0;0
16.06.2017 0:00;0;7,1
16.06.2017 3:00;0;15,9
16.06.2017 6:00;3,6;9,1
16.06.2017 9:00;6,3;5,8
16.06.2017 12:00;18,3;13,1
16.06.2017 15:00;10,7;23,5
16.06.2017 18:00;0,5;18,3
16.06.2017 21:00;0;18,6
17.06.2017 0:00;0;15,7
17.06.2017 3:00;0;10,8
17.06.2017 6:00;4,4;10,9
17.06.2017 9:00;23,5;20,5
17.06.2017 12:00;26,8;32,8
17.06.2017 15:00;22,8;37,2
17.06.2017 18:00;4;16,9
17.06.2017 21:00;0;6,7
18.06.2017 0:00;0;0
18.06.2017 3:00;0;0
18.06.2017 6:00;0,8;0
18.06.2017 9:00;11,2;1,9
18.06.2017 12:00;14,2;15,2
18.06.2017 15:00;6,8;11,3
18.06.2017 18:00;2,1;2,1
18.06.2017 21:00;0;1,8
19.06.2017 0:00;0;0
19.06.2017 3:00;0;0
19.06.2017 6:00;4,3;0
19.06.2017 9:00;27,1;4,8
19.06.2017 12:00;35;17,3
19.06.2017 15:00;26,4;14,9
19.06.2017 18:00;3,7;2,2
19.06.2017 21:00;0;4,3
20.06.2017 0:00;0;9,7
20.06.2017 3:00;0;8,6
20.06.2017 6:00;4,4;0,7
20.06.2017 9:00;25,4;10,1
20.06.2017 12:00;33,2;33,1
20.06.2017 15:00;24,8;45,6
20.06.2017 18:00;3,6;45,2
20.06.2017 21:00;0;31,3
21.06.2017 0:00;0;18,9
21.06.2017 3:00;0;7,9
21.06.2017 6:00;4,5;1,2
21.06.2017 9:00;28,7;0
21.06.2017 12:00;20,7;0
21.06.2017 15:00;12,9;0
21.06.2017 18:00;3,7;0
21.06.2017 21:00;0;0
22.06.2017 0:00;0;0,9
22.06.2017 3:00;0;9,6
22.06.2017 6:00;1,4;0
22.06.2017 9:00;2,8;5,4
22.06.2017 12:00;14,7;11,4
22.06.2017 15:00;9,6;13,6
22.06.2017 18:00;2;12,2
22.06.2017 21:00;0;24,2
23.06.2017 0:00;0;26,1
23.06.2017 3:00;0;28
23.06.2017 6:00;4,9;18,8
23.06.2017 9:00;20,3;22,9
23.06.2017 12:00;7;21,7
23.06.2017 15:00;4;10,9
23.06.2017 18:00;4,3;2,9
23.06.2017 21:00;0;4,4
24.06.2017 0:00;0;2
24.06.2017 3:00;0;0
24.06.2017 6:00;4,7;0
24.06.2017 9:00;28;0
24.06.2017 12:00;13,6;0
24.06.2017 15:00;13,3;0
24.06.2017 18:00;1,2;0
24.06.2017 21:00;0;0,9
25.06.2017 0:00;0;3,8
25.06.2017 3:00;0;2
25.06.2017 6:00;5,5;0
25.06.2017 9:00;12,6;0
25.06.2017 12:00;21,5;6,4
25.06.2017 15:00;10;6,9
25.06.2017 18:00;2,1;5
25.06.2017 21:00;0;12,4
26.06.2017 0:00;0;14,7
26.06.2017 3:00;0;11,8
26.06.2017 6:00;4,3;7,5
26.06.2017 9:00;25,4;17,9
26.06.2017 12:00;33,5;31,3
26.06.2017 15:00;25,1;21,8
26.06.2017 18:00;3,9;5,7
26.06.2017 21:00;0;3,8
27.06.2017 0:00;0;5,3
27.06.2017 3:00;0;7,2
27.06.2017 6:00;3,1;0
27.06.2017 9:00;11,3;1,6
27.06.2017 12:00;35,9;6,1
27.06.2017 15:00;15,3;7,7
27.06.2017 18:00;3,2;10,5
27.06.2017 21:00;0;20,3
28.06.2017 0:00;0;20,7
28.06.2017 3:00;0;11,7
28.06.2017 6:00;4,4;0
28.06.2017 9:00;22,2;1,8
28.06.2017 12:00;30,2;0,8
28.06.2017 15:00;22,1;2
28.06.2017 18:00;4,3;3,4
28.06.2017 21:00;0;5,1
29.06.2017 0:00;0;0
29.06.2017 3:00;0;0,2
29.06.2017 6:00;4,4;0
29.06.2017 9:00;20;2,3
29.06.2017 12:00;29,9;6,4
29.06.2017 15:00;23,6;5,2
29.06.2017 18:00;4,1;8,7
29.06.2017 21:00;0;24,6
30.06.2017 0:00;0;24,3
30.06.2017 3:00;0;18,6
30.06.2017 6:00;4,2;11,4
30.06.2017 9:00;23,5;12,5
30.06.2017 12:00;24,2;17,2
30.06.2017 15:00;15,2;22,1
30.06.2017 18:00;4,1;15,4
30.06.2017 21:00;0;45,4
01.07.2017 0:00;0;34,3
01.07.2017 3:00;0;28
01.07.2017 6:00;3,4;5,6
01.07.2017 9:00;4,9;12,7
01.07.2017 12:00;17,9;25,6
01.07.2017 15:00;19;29,3
01.07.2017 18:00;3,8;21
01.07.2017 21:00;0;48,5
02.07.2017 0:00;0;23,4
02.07.2017 3:00;0;16,2
02.07.2017 6:00;0,7;5,4
02.07.2017 9:00;2,3;5,8
02.07.2017 12:00;2,8;16,1
02.07.2017 15:00;1,9;6,7
02.07.2017 18:00;0,7;1,8
02.07.2017 21:00;0;3,2
03.07.2017 0:00;0;9,2
03.07.2017 3:00;0;0
03.07.2017 6:00;4;0
03.07.2017 9:00;11,8;0
03.07.2017 12:00;8,8;0
03.07.2017 15:00;2,3;0
03.07.2017 18:00;0,5;0
03.07.2017 21:00;0;0
04.07.2017 0:00;0;0
04.07.2017 3:00;0;0
04.07.2017 6:00;4,1;0
04.07.2017 9:00;16,7;0
04.07.2017 12:00;28,4;0
04.07.2017 15:00;23,7;1,2
04.07.2017 18:00;4,2;10,4
04.07.2017 21:00;0;4,5
05.07.2017 0:00;0;10,9
05.07.2017 3:00;0;12,1
05.07.2017 6:00;4,1;11,7
05.07.2017 9:00;23;41,9
05.07.2017 12:00;30,7;56
05.07.2017 15:00;22,5;38,4
05.07.2017 18:00;4,2;9,1
05.07.2017 21:00;0;13,3
06.07.2017 0:00;0;8,8
06.07.2017 3:00;0;5,4
06.07.2017 6:00;1,4;0
06.07.2017 9:00;4,3;1
06.07.2017 12:00;7,1;17,7
06.07.2017 15:00;14,6;15,6
06.07.2017 18:00;3,6;10,3
06.07.2017 21:00;0;7,3
07.07.2017 0:00;0;2,5
07.07.2017 3:00;0;4,3
07.07.2017 6:00;4,4;0
07.07.2017 9:00;17,2;0
07.07.2017 12:00;23;0
07.07.2017 15:00;12,2;1,3
07.07.2017 18:00;3,8;0
07.07.2017 21:00;0;0
08.07.2017 0:00;0;6,7
08.07.2017 3:00;0;14,5
08.07.2017 6:00;4,2;6,3
08.07.2017 9:00;12,7;11,5
08.07.2017 12:00;21,5;6,6
08.07.2017 15:00;10;2,4
08.07.2017 18:00;2,9;0
08.07.2017 21:00;0;0
09.07.2017 0:00;0;0
09.07.2017 3:00;0;0
09.07.2017 6:00;2,3;0
09.07.2017 9:00;7,3;0
09.07.2017 12:00;8,7;0
09.07.2017 15:00;8,3;0
09.07.2017 18:00;3;0
09.07.2017 21:00;0;3,3
10.07.2017 0:00;0;6
10.07.2017 3:00;0;3,2
10.07.2017 6:00;3,6;0,3
10.07.2017 9:00;26,2;21,6
10.07.2017 12:00;34,5;42,3
10.07.2017 15:00;25,7;25,9
10.07.2017 18:00;3,9;14,6
10.07.2017 21:00;0;11
11.07.2017 0:00;0;10,8
11.07.2017 3:00;0;7,2
11.07.2017 6:00;3,8;0
11.07.2017 9:00;23,1;0,7
11.07.2017 12:00;31,2;0
11.07.2017 15:00;23,7;0
11.07.2017 18:00;3,9;0
11.07.2017 21:00;0;0
12.07.2017 0:00;0;3,3
12.07.2017 3:00;0;4,2
12.07.2017 6:00;3,9;0
12.07.2017 9:00;22,6;0
12.07.2017 12:00;24,7;0
12.07.2017 15:00;18,9;0
12.07.2017 18:00;3,8;6,4
12.07.2017 21:00;0;10,9
13.07.2017 0:00;0;12,6
13.07.2017 3:00;0;7,2
13.07.2017 6:00;3,4;0
13.07.2017 9:00;11,4;0
13.07.2017 12:00;14,5;1,6
13.07.2017 15:00;12,7;0,1
13.07.2017 18:00;3,2;2,7
13.07.2017 21:00;0;7,8
14.07.2017 0:00;0;8
14.07.2017 3:00;0;0,9
14.07.2017 6:00;3,7;0
14.07.2017 9:00;25,7;0
14.07.2017 12:00;16,2;0
14.07.2017 15:00;11,3;2,5
14.07.2017 18:00;2,8;3,5
14.07.2017 21:00;0;2,6
15.07.2017 0:00;0;2,8
15.07.2017 3:00;0;3,5
15.07.2017 6:00;3,7;0
15.07.2017 9:00;14,3;0
15.07.2017 12:00;19,8;0
15.07.2017 15:00;17,3;0
15.07.2017 18:00;4,5;0
15.07.2017 21:00;0;4
16.07.2017 0:00;0;11,7
16.07.2017 3:00;0;10,5
16.07.2017 6:00;3,8;0,3
16.07.2017 9:00;20,4;10,1
16.07.2017 12:00;30;25,6
16.07.2017 15:00;24,5;16,6
16.07.2017 18:00;4,1;11,3
16.07.2017 21:00;0;20
17.07.2017 0:00;0;19,2
17.07.2017 3:00;0;8,3
17.07.2017 6:00;2,6;0
17.07.2017 9:00;8,6;0
17.07.2017 12:00;12,3;0
17.07.2017 15:00;10,1;0
17.07.2017 18:00;3,7;0
17.07.2017 21:00;0;0
18.07.2017 0:00;0;0
18.07.2017 3:00;0;0
18.07.2017 6:00;2,7;0
18.07.2017 9:00;9,9;0
18.07.2017 12:00;15,2;0
18.07.2017 15:00;11,1;0
18.07.2017 18:00;3,5;0
18.07.2017 21:00;0;2,1
19.07.2017 0:00;0;7
19.07.2017 3:00;0;4,8
19.07.2017 6:00;3,5;0
19.07.2017 9:00;23,8;0
19.07.2017 12:00;31,6;0
19.07.2017 15:00;24,2;0
19.07.2017 18:00;3,6;0
19.07.2017 21:00;0;8,1
20.07.2017 0:00;0;8,7
20.07.2017 3:00;0;2,8
20.07.2017 6:00;3,4;0
20.07.2017 9:00;21,3;2,6
20.07.2017 12:00;30,2;2
20.07.2017 15:00;23,4;0
20.07.2017 18:00;3,8;1,6
20.07.2017 21:00;0;11,4
21.07.2017 0:00;0;5,7
21.07.2017 3:00;0;7,9
21.07.2017 6:00;3,1;0
21.07.2017 9:00;25,4;0
21.07.2017 12:00;22,3;0
21.07.2017 15:00;11,9;0,9
21.07.2017 18:00;3,3;14,7
21.07.2017 21:00;0;23,5
22.07.2017 0:00;0;8,2
22.07.2017 3:00;0;11,6
22.07.2017 6:00;3,4;11,1
22.07.2017 9:00;24,4;21,2
22.07.2017 12:00;13,8;39,8
22.07.2017 15:00;7,6;31,3
22.07.2017 18:00;1,8;38,2
22.07.2017 21:00;0;42,4
23.07.2017 0:00;0;55,5
23.07.2017 3:00;0;29,1
23.07.2017 6:00;2,8;13,8
23.07.2017 9:00;10,3;15,7
23.07.2017 12:00;14,8;28,7
23.07.2017 15:00;10,5;31,3
23.07.2017 18:00;3,2;32,5
23.07.2017 21:00;0;44
24.07.2017 0:00;0;33
24.07.2017 3:00;0;22,5
24.07.2017 6:00;3;2,5
24.07.2017 9:00;25,7;0
24.07.2017 12:00;18,3;4,7
24.07.2017 15:00;8,6;3
24.07.2017 18:00;3,4;0
24.07.2017 21:00;0;0
25.07.2017 0:00;0;0
25.07.2017 3:00;0;0,3
25.07.2017 6:00;3,2;4,6
25.07.2017 9:00;13,5;3
25.07.2017 12:00;27;5,1
25.07.2017 15:00;23;3,8
25.07.2017 18:00;3,6;0
25.07.2017 21:00;0;0
26.07.2017 0:00;0;0
26.07.2017 3:00;0;1,1
26.07.2017 6:00;2,6;0
26.07.2017 9:00;2,5;0
26.07.2017 12:00;11,3;6,4
26.07.2017 15:00;12,5;0,5
26.07.2017 18:00;4,5;0
26.07.2017 21:00;0;11,1
27.07.2017 0:00;0;4,9
27.07.2017 3:00;0;0
27.07.2017 6:00;3,4;0
27.07.2017 9:00;17,6;0
27.07.2017 12:00;17,7;0
27.07.2017 15:00;23;0
27.07.2017 18:00;3,1;1,8
27.07.2017 21:00;0;5,9
28.07.2017 0:00;0;3
28.07.2017 3:00;0;1,7
28.07.2017 6:00;2,9;0
28.07.2017 9:00;18,9;0
28.07.2017 12:00;28,2;0
28.07.2017 15:00;17,5;0
28.07.2017 18:00;3,5;0
28.07.2017 21:00;0;0
29.07.2017 0:00;0;0
29.07.2017 3:00;0;0
29.07.2017 6:00;3;0
29.07.2017 9:00;18,1;0
29.07.2017 12:00;26,2;0
29.07.2017 15:00;19,2;0
29.07.2017 18:00;3,6;2,3
29.07.2017 21:00;0;9
30.07.2017 0:00;0;11,9
30.07.2017 3:00;0;12,4
30.07.2017 6:00;2,8;4,2
30.07.2017 9:00;27,6;8
30.07.2017 12:00;23,7;7,5
30.07.2017 15:00;11,3;2,8
30.07.2017 18:00;2,6;1
30.07.2017 21:00;0;3,5
31.07.2017 0:00;0;5
31.07.2017 3:00;0;2,5
31.07.2017 6:00;2,6;0
31.07.2017 9:00;24,2;0
31.07.2017 12:00;32,7;0
31.07.2017 15:00;24,1;0
31.07.2017 18:00;3,1;2,4
31.07.2017 21:00;0;13,3
01.08.2017 0:00;0;10,5
01.08.2017 3:00;0;10,1
01.08.2017 6:00;2,6;7,7
01.08.2017 9:00;25,4;10,8
01.08.2017 12:00;33,5;13
01.08.2017 15:00;24,7;11,7
01.08.2017 18:00;3,2;11,8
01.08.2017 21:00;0;14,8
02.08.2017 0:00;0;14,3
02.08.2017 3:00;0;16,6
02.08.2017 6:00;2,7;16,8
02.08.2017 9:00;11,6;30,7
02.08.2017 12:00;17,3;31,8
02.08.2017 15:00;13,4;24,3
02.08.2017 18:00;2,7;12,7
02.08.2017 21:00;0;14,7
03.08.2017 0:00;0;17,4
03.08.2017 3:00;0;18,2
03.08.2017 6:00;1;16,6
03.08.2017 9:00;1,4;34,3
03.08.2017 12:00;8,5;30,2
03.08.2017 15:00;10,6;21
03.08.2017 18:00;2,3;11,5
03.08.2017 21:00;0;16,2
04.08.2017 0:00;0;16,3
04.08.2017 3:00;0;16,7
04.08.2017 6:00;2,1;13,8
04.08.2017 9:00;8;25,7
04.08.2017 12:00;11;22,7
04.08.2017 15:00;9;22,3
04.08.2017 18:00;2;15,9
04.08.2017 21:00;0;15,2
05.08.2017 0:00;0;10,9
05.08.2017 3:00;0;13,3
05.08.2017 6:00;2,8;7,2
05.08.2017 9:00;25,9;14,7
05.08.2017 12:00;8,1;8,7
05.08.2017 15:00;14,6;8,8
05.08.2017 18:00;1,9;4,1
05.08.2017 21:00;0;2,4
06.08.2017 0:00;0;3,7
06.08.2017 3:00;0;3,4
06.08.2017 6:00;2,7;0
06.08.2017 9:00;12,2;0,8
06.08.2017 12:00;15,2;7,7
06.08.2017 15:00;11;8,2
06.08.2017 18:00;2,4;4,2
06.08.2017 21:00;0;9,8
07.08.2017 0:00;0;12,3
07.08.2017 3:00;0;11,6
07.08.2017 6:00;2,5;3,2
07.08.2017 9:00;4,9;16,4
07.08.2017 12:00;20;27,3
07.08.2017 15:00;27,6;34,3
07.08.2017 18:00;3,1;17,7
07.08.2017 21:00;0;20,3
08.08.2017 0:00;0;22,3
08.08.2017 3:00;0;16,3
08.08.2017 6:00;2,4;2,4
08.08.2017 9:00;24,8;13,8
08.08.2017 12:00;33,8;29,5
08.08.2017 15:00;23,9;38,1
08.08.2017 18:00;2,7;42,4
08.08.2017 21:00;0;38,5
09.08.2017 0:00;0;27,4
09.08.2017 3:00;0;24,6
09.08.2017 6:00;1;17,2
09.08.2017 9:00;11,1;39,3
09.08.2017 12:00;20,3;73,9
09.08.2017 15:00;13;86,6
09.08.2017 18:00;3,3;84,6
09.08.2017 21:00;0;28,2
10.08.2017 0:00;0;11,3
10.08.2017 3:00;0;0
10.08.2017 6:00;2,4;0
10.08.2017 9:00;27,1;0
10.08.2017 12:00;12,2;0
10.08.2017 15:00;4,7;0
10.08.2017 18:00;0,3;0
10.08.2017 21:00;0;0
11.08.2017 0:00;0;0
11.08.2017 3:00;0;2,6
11.08.2017 6:00;2,3;0
11.08.2017 9:00;23,2;0
11.08.2017 12:00;32,1;0
11.08.2017 15:00;22,5;0
11.08.2017 18:00;2,6;0
11.08.2017 21:00;0;0
12.08.2017 0:00;0;0,5
12.08.2017 3:00;0;0
12.08.2017 6:00;2,2;0
12.08.2017 9:00;24,4;0
12.08.2017 12:00;33,1;0
12.08.2017 15:00;24,5;0
12.08.2017 18:00;2,5;0
12.08.2017 21:00;0;4
13.08.2017 0:00;0;8
13.08.2017 3:00;0;10,4
13.08.2017 6:00;2,3;3,4
13.08.2017 9:00;18;4,3
13.08.2017 12:00;28;3,7
13.08.2017 15:00;22,9;2,6
13.08.2017 18:00;2,4;11,9
13.08.2017 21:00;0;18,3
14.08.2017 0:00;0;12,5
14.08.2017 3:00;0;11,3
14.08.2017 6:00;2,7;5,7
14.08.2017 9:00;22,6;4,8
14.08.2017 12:00;31,6;3,2
14.08.2017 15:00;22,5;2,1
14.08.2017 18:00;2,3;8,6
14.08.2017 21:00;0;32,6
15.08.2017 0:00;0;12,2
15.08.2017 3:00;0;1,4
15.08.2017 6:00;1,3;2,3
15.08.2017 9:00;6,1;0
15.08.2017 12:00;9;0
15.08.2017 15:00;5,8;3,8
15.08.2017 18:00;1,1;10
15.08.2017 21:00;0;24,4
16.08.2017 0:00;0;30,4
16.08.2017 3:00;0;24,8
16.08.2017 6:00;2,1;17,2
16.08.2017 9:00;19,9;21,8
16.08.2017 12:00;30;29,6
16.08.2017 15:00;21,3;34
16.08.2017 18:00;2,4;30,9
16.08.2017 21:00;0;44
17.08.2017 0:00;0;17,5
17.08.2017 3:00;0;11,3
17.08.2017 6:00;1,7;10,7
17.08.2017 9:00;1,2;6,6
17.08.2017 12:00;10;8,6
17.08.2017 15:00;14,9;1,6
17.08.2017 18:00;2,2;11,1
17.08.2017 21:00;0;43,3
18.08.2017 0:00;0;18,8
18.08.2017 3:00;0;15,5
18.08.2017 6:00;2;5,3
18.08.2017 9:00;7,8;12,5
18.08.2017 12:00;14,7;10,5
18.08.2017 15:00;10,5;1,8
18.08.2017 18:00;1,1;0
18.08.2017 21:00;0;0
19.08.2017 0:00;0;5,2
19.08.2017 3:00;0;8,1
19.08.2017 6:00;1,1;10,9
19.08.2017 9:00;7,5;13
19.08.2017 12:00;11,5;2,5
19.08.2017 15:00;7,6;0
19.08.2017 18:00;1,3;0
19.08.2017 21:00;0;0
20.08.2017 0:00;0;0
20.08.2017 3:00;0;0
20.08.2017 6:00;1,2;0
20.08.2017 9:00;7,4;0
20.08.2017 12:00;10,9;0,9
20.08.2017 15:00;9,3;0
20.08.2017 18:00;1,7;0
20.08.2017 21:00;0;2,3
21.08.2017 0:00;0;11,7
21.08.2017 3:00;0;17,4
21.08.2017 6:00;1,5;21,9
21.08.2017 9:00;8,6;27,2
21.08.2017 12:00;11;41,7
21.08.2017 15:00;7,2;30,8
21.08.2017 18:00;1,2;11,2
21.08.2017 21:00;0;16
22.08.2017 0:00;0;15,1
22.08.2017 3:00;0;14,8
22.08.2017 6:00;2,3;7,9
22.08.2017 9:00;24,1;12,3
22.08.2017 12:00;33,4;6,3
22.08.2017 15:00;23,9;2,8
22.08.2017 18:00;2,2;0,9
22.08.2017 21:00;0;3,6
23.08.2017 0:00;0;1,6
23.08.2017 3:00;0;0
23.08.2017 6:00;1,7;0
23.08.2017 9:00;14,6;0
23.08.2017 12:00;27,7;0
23.08.2017 15:00;20,2;0
23.08.2017 18:00;2,2;0
23.08.2017 21:00;0;13
24.08.2017 0:00;0;11,4
24.08.2017 3:00;0;7,4
24.08.2017 6:00;1,7;0
24.08.2017 9:00;12,2;0
24.08.2017 12:00;23,1;0
24.08.2017 15:00;23,9;0
24.08.2017 18:00;2,1;0
24.08.2017 21:00;0;0
25.08.2017 0:00;0;0
25.08.2017 3:00;0;0
25.08.2017 6:00;1,6;0
25.08.2017 9:00;12,5;0
25.08.2017 12:00;16,8;0
25.08.2017 15:00;13,2;0
25.08.2017 18:00;1,5;0
25.08.2017 21:00;0;0
26.08.2017 0:00;0;0
26.08.2017 3:00;0;0
26.08.2017 6:00;1,9;0
26.08.2017 9:00;25,8;0
26.08.2017 12:00;14,1;0
26.08.2017 15:00;5,4;0,9
26.08.2017 18:00;1,9;0
26.08.2017 21:00;0;2,5
27.08.2017 0:00;0;0
27.08.2017 3:00;0;1,9
27.08.2017 6:00;1,5;0
27.08.2017 9:00;25,7;0
27.08.2017 12:00;2,5;0,7
27.08.2017 15:00;3,8;1,5
27.08.2017 18:00;1,8;2,7
27.08.2017 21:00;0;22,6
28.08.2017 0:00;0;27,2
28.08.2017 3:00;0;16,9
28.08.2017 6:00;1,5;7,2
28.08.2017 9:00;19,3;9,2
28.08.2017 12:00;25,3;17,2
28.08.2017 15:00;18;18,2
28.08.2017 18:00;1,2;15,4
28.08.2017 21:00;0;27,8
29.08.2017 0:00;0;21,3
29.08.2017 3:00;0;14,9
29.08.2017 6:00;1,6;7
29.08.2017 9:00;22,6;7
29.08.2017 12:00;32,3;15,9
29.08.2017 15:00;21,9;14,4
29.08.2017 18:00;1;11,1
29.08.2017 21:00;0;16,3
30.08.2017 0:00;0;11
30.08.2017 3:00;0;9,4
30.08.2017 6:00;1,5;13,5
30.08.2017 9:00;16,1;26,2
30.08.2017 12:00;23,8;53,6
30.08.2017 15:00;15,5;65,2
30.08.2017 18:00;1,2;34
30.08.2017 21:00;0;13,5
31.08.2017 0:00;0;1,3
31.08.2017 3:00;0;0
31.08.2017 6:00;1,2;0
31.08.2017 9:00;13,3;0
31.08.2017 12:00;19,9;0
31.08.2017 15:00;11,5;0
31.08.2017 18:00;0,8;0
31.08.2017 21:00;0;2,1
01.09.2017 0:00;0;0
01.09.2017 3:00;0;4,9
01.09.2017 6:00;1,3;0
01.09.2017 9:00;20,6;0
01.09.2017 12:00;30,1;0
01.09.2017 15:00;19,4;0
01.09.2017 18:00;0,9;6,6
01.09.2017 21:00;0;6,7
02.09.2017 0:00;0;6,3
02.09.2017 3:00;0;8,1
02.09.2017 6:00;0,4;6,7
02.09.2017 9:00;9,7;5,3
02.09.2017 12:00;19,4;2,1
02.09.2017 15:00;12,8;1,3
02.09.2017 18:00;1,2;1
02.09.2017 21:00;0;7
03.09.2017 0:00;0;5,1
03.09.2017 3:00;0;1,1
03.09.2017 6:00;1,3;0
03.09.2017 9:00;25,3;0
03.09.2017 12:00;13;0
03.09.2017 15:00;10,9;0
03.09.2017 18:00;0,9;0
03.09.2017 21:00;0;8,8
04.09.2017 0:00;0;10,4
04.09.2017 3:00;0;6,2
04.09.2017 6:00;1,2;5
04.09.2017 9:00;24,3;3,5
04.09.2017 12:00;33,5;6,8
04.09.2017 15:00;23,3;8,4
04.09.2017 18:00;0,7;4,5
04.09.2017 21:00;0;0
05.09.2017 0:00;0;1,8
05.09.2017 3:00;0;6,1
05.09.2017 6:00;1,2;0
05.09.2017 9:00;24,4;4,2
05.09.2017 12:00;33,1;8,9
05.09.2017 15:00;22,6;8,4
05.09.2017 18:00;0,7;6,4
05.09.2017 21:00;0;0,7
06.09.2017 0:00;0;0
06.09.2017 3:00;0;0
06.09.2017 6:00;0;1,8
06.09.2017 9:00;1;2
06.09.2017 12:00;35,5;3,6
06.09.2017 15:00;12;4,4
06.09.2017 18:00;1;0
06.09.2017 21:00;0;0,4
07.09.2017 0:00;0;0
07.09.2017 3:00;0;0
07.09.2017 6:00;1;5,5
07.09.2017 9:00;8;5
07.09.2017 12:00;19;6,1
07.09.2017 15:00;8,2;7,2
07.09.2017 18:00;0;2,3
07.09.2017 21:00;0;5,7
08.09.2017 0:00;0;1,6
08.09.2017 3:00;0;1,2
08.09.2017 6:00;1;0
08.09.2017 9:00;19,8;0
08.09.2017 12:00;24,8;0
08.09.2017 15:00;14,4;0,1
08.09.2017 18:00;0;5,2
08.09.2017 21:00;0;12,2
09.09.2017 0:00;0;9,2
09.09.2017 3:00;0;11
09.09.2017 6:00;0,6;4,6
09.09.2017 9:00;6,2;0
09.09.2017 12:00;10;0
09.09.2017 15:00;5,3;0
09.09.2017 18:00;0;0
09.09.2017 21:00;0;0
10.09.2017 0:00;0;0
10.09.2017 3:00;0;0
10.09.2017 6:00;0,7;0,2
10.09.2017 9:00;2,7;0
10.09.2017 12:00;8,8;15,1
10.09.2017 15:00;12,7;38,5
10.09.2017 18:00;0,8;67,1
10.09.2017 21:00;0;74,2
11.09.2017 0:00;0;84,3
11.09.2017 3:00;0;90
11.09.2017 6:00;0;82,9
11.09.2017 9:00;7,3;46,7
11.09.2017 12:00;13,5;46,9
11.09.2017 15:00;6,8;19,8
11.09.2017 18:00;0,2;14,8
11.09.2017 21:00;0;18
12.09.2017 0:00;0;19,3
12.09.2017 3:00;0;25,6
12.09.2017 6:00;0,4;21,9
12.09.2017 9:00;0,7;31,1
12.09.2017 12:00;28,3;17,6
12.09.2017 15:00;8,8;16
12.09.2017 18:00;0;10
12.09.2017 21:00;0;12,2
13.09.2017 0:00;0;6,7
13.09.2017 3:00;0;0
13.09.2017 6:00;1;0
13.09.2017 9:00;19;0
13.09.2017 12:00;30,8;0
13.09.2017 15:00;21,5;0
13.09.2017 18:00;0;1,6
13.09.2017 21:00;0;8,7
14.09.2017 0:00;0;8
14.09.2017 3:00;0;11
14.09.2017 6:00;0,4;15,5
14.09.2017 9:00;19,1;43,6
14.09.2017 12:00;21,6;89
14.09.2017 15:00;11,9;61,4
14.09.2017 18:00;0;36,7
14.09.2017 21:00;0;37,7
15.09.2017 0:00;0;35,6
15.09.2017 3:00;0;35,1
15.09.2017 6:00;0;31,3
15.09.2017 9:00;9,7;56,9
15.09.2017 12:00;11,5;78
15.09.2017 15:00;5,8;62,2
15.09.2017 18:00;0;33,8
15.09.2017 21:00;0;31,3
16.09.2017 0:00;0;19,8
16.09.2017 3:00;0;23,2
16.09.2017 6:00;0;18,1
16.09.2017 9:00;1,9;44,7
16.09.2017 12:00;2,8;52,9
16.09.2017 15:00;1,6;58,4
16.09.2017 18:00;0;19,1
16.09.2017 21:00;0;19,5
17.09.2017 0:00;0;17,7
17.09.2017 3:00;0;12,4
17.09.2017 6:00;0;5,7
17.09.2017 9:00;21,1;7,8
17.09.2017 12:00;34,2;10,7
17.09.2017 15:00;0,9;16,1
17.09.2017 18:00;0;17,2
17.09.2017 21:00;0;17,8
18.09.2017 0:00;0;17,3
18.09.2017 3:00;0;15,8
18.09.2017 6:00;0,3;6,9
18.09.2017 9:00;4,3;7,2
18.09.2017 12:00;6,8;15,5
18.09.2017 15:00;12,9;8,7
18.09.2017 18:00;0,3;1,7
18.09.2017 21:00;0;7,9
19.09.2017 0:00;0;10,7
19.09.2017 3:00;0;3,6
19.09.2017 6:00;0;0
19.09.2017 9:00;4,8;0
19.09.2017 12:00;7,1;3,4
19.09.2017 15:00;3,1;2,9
19.09.2017 18:00;0;0,6
19.09.2017 21:00;0;0,4
20.09.2017 0:00;0;0
20.09.2017 3:00;0;1,2
20.09.2017 6:00;0,3;1,4
20.09.2017 9:00;24,3;1,4
20.09.2017 12:00;24,6;14,7
20.09.2017 15:00;13,2;17
20.09.2017 18:00;0;42,2
20.09.2017 21:00;0;49,5
21.09.2017 0:00;0;26,2
21.09.2017 3:00;0;18,9
21.09.2017 6:00;0;16,6
21.09.2017 9:00;14,4;24,3
21.09.2017 12:00;20,9;18,5
21.09.2017 15:00;13,6;19,3
21.09.2017 18:00;0;4,6
21.09.2017 21:00;0;0
22.09.2017 0:00;0;0
22.09.2017 3:00;0;0
22.09.2017 6:00;0;0
22.09.2017 9:00;3,7;2,5
22.09.2017 12:00;20,7;15,3
22.09.2017 15:00;21,5;16,2
22.09.2017 18:00;0;8,9
22.09.2017 21:00;0;12,7
23.09.2017 0:00;0;15,1
23.09.2017 3:00;0;13,9
23.09.2017 6:00;0;14,4
23.09.2017 9:00;2;28,6
23.09.2017 12:00;3,4;53,9
23.09.2017 15:00;1,8;39
23.09.2017 18:00;0;17,4
23.09.2017 21:00;0;17,7
24.09.2017 0:00;0;13,5
24.09.2017 3:00;0;16,7
24.09.2017 6:00;0;8,4
24.09.2017 9:00;1,7;9,7
24.09.2017 12:00;2,5;19,8
24.09.2017 15:00;1,2;9,6
24.09.2017 18:00;0;10,6
24.09.2017 21:00;0;20,7
25.09.2017 0:00;0;18,6
25.09.2017 3:00;0;15,9
25.09.2017 6:00;0;5,7
25.09.2017 9:00;3,4;25
25.09.2017 12:00;4,9;25,6
25.09.2017 15:00;2,9;15,5
25.09.2017 18:00;0;17,8
25.09.2017 21:00;0;22,3
26.09.2017 0:00;0;18,3
26.09.2017 3:00;0;21,4
26.09.2017 6:00;0;23,3
26.09.2017 9:00;0,9;33,5
26.09.2017 12:00;1,4;35,1
26.09.2017 15:00;15,1;32,7
26.09.2017 18:00;0;19
26.09.2017 21:00;0;21
27.09.2017 0:00;0;16,8
27.09.2017 3:00;0;11,1
27.09.2017 6:00;0;9
27.09.2017 9:00;1;6,4
27.09.2017 12:00;1,7;5,4
27.09.2017 15:00;12;7,9
27.09.2017 18:00;0;0,7
27.09.2017 21:00;0;10,5
28.09.2017 0:00;0;19,4
28.09.2017 3:00;0;18,8
28.09.2017 6:00;0;12,1
28.09.2017 9:00;11,7;3,7
28.09.2017 12:00;23,6;10,5
28.09.2017 15:00;16,2;8,6
28.09.2017 18:00;0;11,7
28.09.2017 21:00;0;17,7
29.09.2017 0:00;0;10,2
29.09.2017 3:00;0;5,6
29.09.2017 6:00;0;0,4
29.09.2017 9:00;4,3;2,3
29.09.2017 12:00;6,8;9
29.09.2017 15:00;3,4;10,7
29.09.2017 18:00;0;10,3
29.09.2017 21:00;0;6,2
30.09.2017 0:00;0;6,7
30.09.2017 3:00;0;4,1
30.09.2017 6:00;0;0
30.09.2017 9:00;13,5;0
30.09.2017 12:00;26,2;6,1
30.09.2017 15:00;19,3;18
30.09.2017 18:00;0;42,9
30.09.2017 21:00;0;44,3
01.10.2017 0:00;0;33,2
01.10.2017 3:00;0;33,6
01.10.2017 6:00;0;40,3
01.10.2017 9:00;7,7;53,4
01.10.2017 12:00;3,3;78
01.10.2017 15:00;3,4;89,8
01.10.2017 18:00;0;86,5
01.10.2017 21:00;0;83,4
02.10.2017 0:00;0;85,9
02.10.2017 3:00;0;88,4
02.10.2017 6:00;0;89,1
02.10.2017 9:00;3,5;90
02.10.2017 12:00;7;86,3
02.10.2017 15:00;3;76,2
02.10.2017 18:00;0;53
02.10.2017 21:00;0;41,8
03.10.2017 0:00;0;29
03.10.2017 3:00;0;30,9
03.10.2017 6:00;0;20,8
03.10.2017 9:00;0,6;11,4
03.10.2017 12:00;2,2;2
03.10.2017 15:00;14,9;4,1
03.10.2017 18:00;0;0
03.10.2017 21:00;0;0
04.10.2017 0:00;0;2,8
04.10.2017 3:00;0;3,2
04.10.2017 6:00;0;1,3
04.10.2017 9:00;0,9;0
04.10.2017 12:00;1;0
04.10.2017 15:00;10,1;0
04.10.2017 18:00;0;0
04.10.2017 21:00;0;0,3
05.10.2017 0:00;0;13,9
05.10.2017 3:00;0;17,6
05.10.2017 6:00;0;18,8
05.10.2017 9:00;0,8;18,2
05.10.2017 12:00;1,1;29,9
05.10.2017 15:00;8,7;56,6
05.10.2017 18:00;0;54,5
05.10.2017 21:00;0;41,7
06.10.2017 0:00;0;28,2
06.10.2017 3:00;0;15
06.10.2017 6:00;0;19,8
06.10.2017 9:00;13,8;20,6
06.10.2017 12:00;22;37
06.10.2017 15:00;11,1;36,4
06.10.2017 18:00;0;30,6
06.10.2017 21:00;0;25,1
07.10.2017 0:00;0;24,7
07.10.2017 3:00;0;13,2
07.10.2017 6:00;0;11,2
07.10.2017 9:00;0,6;20
07.10.2017 12:00;1;54,2
07.10.2017 15:00;14,3;48,4
07.10.2017 18:00;0;50,9
07.10.2017 21:00;0;53
08.10.2017 0:00;0;32,2
08.10.2017 3:00;0;18,4
08.10.2017 6:00;0;11,4
08.10.2017 9:00;3,1;6,9
08.10.2017 12:00;4,6;27,9
08.10.2017 15:00;2,3;33,4
08.10.2017 18:00;0;50,7
08.10.2017 21:00;0;41,4
09.10.2017 0:00;0;42,3
09.10.2017 3:00;0;52,8
09.10.2017 6:00;0;39,9
09.10.2017 9:00;0,5;29,2
09.10.2017 12:00;0,9;10,1
09.10.2017 15:00;0,4;0
09.10.2017 18:00;0;0
09.10.2017 21:00;0;0
10.10.2017 0:00;0;0
10.10.2017 3:00;0;0
10.10.2017 6:00;0;5,6
10.10.2017 9:00;4,7;16,2
10.10.2017 12:00;7,8;18,1
10.10.2017 15:00;3,6;10,3
10.10.2017 18:00;0;5,4
10.10.2017 21:00;0;6,8
11.10.2017 0:00;0;17,6
11.10.2017 3:00;0;16,5
11.10.2017 6:00;0;14,8
11.10.2017 9:00;11,8;14,6
11.10.2017 12:00;14,4;85,3
11.10.2017 15:00;8,5;90
11.10.2017 18:00;0;90
11.10.2017 21:00;0;67,8
12.10.2017 0:00;0;28
12.10.2017 3:00;0;17,6
12.10.2017 6:00;0;15,3
12.10.2017 9:00;16,2;9
12.10.2017 12:00;26;7,5
12.10.2017 15:00;12,7;4,7
12.10.2017 18:00;0;3,4
12.10.2017 21:00;0;2,2
13.10.2017 0:00;0;4,4
13.10.2017 3:00;0;3,8
13.10.2017 6:00;0;2,4
13.10.2017 9:00;6,4;2,2
13.10.2017 12:00;17,5;6,8
13.10.2017 15:00;13,7;9,3
13.10.2017 18:00;0;19,9
13.10.2017 21:00;0;18,9
14.10.2017 0:00;0;10,2
14.10.2017 3:00;0;11,7
14.10.2017 6:00;0;13,7
14.10.2017 9:00;8,6;14,2
14.10.2017 12:00;24,1;10,5
14.10.2017 15:00;9,7;8,8
14.10.2017 18:00;0;9,3
14.10.2017 21:00;0;5,7
15.10.2017 0:00;0;7,4
15.10.2017 3:00;0;10,4
15.10.2017 6:00;0;10,4
15.10.2017 9:00;2,6;8,7
15.10.2017 12:00;19,8;10,5
15.10.2017 15:00;7,6;15,4
15.10.2017 18:00;0;10,3
15.10.2017 21:00;0;11,1
16.10.2017 0:00;0;9,2
16.10.2017 3:00;0;9,1
16.10.2017 6:00;0;7,2
16.10.2017 9:00;12,6;4,2
16.10.2017 12:00;17,7;10,2
16.10.2017 15:00;11,2;13,8
16.10.2017 18:00;0;13,9
16.10.2017 21:00;0;31,9
17.10.2017 0:00;0;23,7
17.10.2017 3:00;0;12,5
17.10.2017 6:00;0;7,7
17.10.2017 9:00;2;0
17.10.2017 12:00;2,5;0
17.10.2017 15:00;1,5;1,2
17.10.2017 18:00;0;7,7
17.10.2017 21:00;0;13,1
18.10.2017 0:00;0;14
18.10.2017 3:00;0;14,9
18.10.2017 6:00;0;8,1
18.10.2017 9:00;5,6;0
18.10.2017 12:00;6,9;3,1
18.10.2017 15:00;3,4;2,2
18.10.2017 18:00;0;6
18.10.2017 21:00;0;9,5
19.10.2017 0:00;0;8,1
19.10.2017 3:00;0;4,7
19.10.2017 6:00;0;11,1
19.10.2017 9:00;3,4;4
19.10.2017 12:00;6,1;13,3
19.10.2017 15:00;5,5;12,5
19.10.2017 18:00;0;13,1
19.10.2017 21:00;0;9,7
20.10.2017 0:00;0;3,7
20.10.2017 3:00;0;3,4
20.10.2017 6:00;0;10,2
20.10.2017 9:00;1,4;8,5
20.10.2017 12:00;3;11
20.10.2017 15:00;1,1;13,5
20.10.2017 18:00;0;25,8
20.10.2017 21:00;0;18,2
21.10.2017 0:00;0;13,1
21.10.2017 3:00;0;9,9
21.10.2017 6:00;0;10,5
21.10.2017 9:00;2,6;15,5
21.10.2017 12:00;5,8;21,1
21.10.2017 15:00;1,7;17
21.10.2017 18:00;0;22
21.10.2017 21:00;0;25
22.10.2017 0:00;0;29,9
22.10.2017 3:00;0;18,7
22.10.2017 6:00;0;15,9
22.10.2017 9:00;0,4;11,7
22.10.2017 12:00;11,9;20,2
22.10.2017 15:00;9,3;18,3
22.10.2017 18:00;0;36
22.10.2017 21:00;0;28,8
23.10.2017 0:00;0;28,6
23.10.2017 3:00;0;32,5
23.10.2017 6:00;0;31,3
23.10.2017 9:00;4,9;25,4
23.10.2017 12:00;12,6;37
23.10.2017 15:00;7,1;20,3
23.10.2017 18:00;0;30,9
23.10.2017 21:00;0;18,9
24.10.2017 0:00;0;9,8
24.10.2017 3:00;0;5,1
24.10.2017 6:00;0;3,5
24.10.2017 9:00;11,8;6,2
24.10.2017 12:00;25,7;0,4
24.10.2017 15:00;8,9;0
24.10.2017 18:00;0;2,5
24.10.2017 21:00;0;0
25.10.2017 0:00;0;0
25.10.2017 3:00;0;0
25.10.2017 6:00;0;0
25.10.2017 9:00;1,3;0
25.10.2017 12:00;1,8;0
25.10.2017 15:00;0,8;0
25.10.2017 18:00;0;3,7
25.10.2017 21:00;0;4,4
26.10.2017 0:00;0;0
26.10.2017 3:00;0;0
26.10.2017 6:00;0;0
26.10.2017 9:00;3,5;0
26.10.2017 12:00;15,2;0
26.10.2017 15:00;5,3;0
26.10.2017 18:00;0;3,9
26.10.2017 21:00;0;3,5
27.10.2017 0:00;0;0
27.10.2017 3:00;0;0
27.10.2017 6:00;0;0
27.10.2017 9:00;11,3;0
27.10.2017 12:00;27,9;0
27.10.2017 15:00;7,8;1
27.10.2017 18:00;0;2,4
27.10.2017 21:00;0;0,7
28.10.2017 0:00;0;0
28.10.2017 3:00;0;0
28.10.2017 6:00;0;0
28.10.2017 9:00;2,2;0
28.10.2017 12:00;2,5;0
28.10.2017 15:00;0,8;0
28.10.2017 18:00;0;0
28.10.2017 21:00;0;4,8
29.10.2017 0:00;0;5
29.10.2017 3:00;0;5,7
29.10.2017 6:00;0;11,8
29.10.2017 9:00;9,3;17,2
29.10.2017 12:00;28,4;33
29.10.2017 15:00;7,1;33,3
29.10.2017 18:00;0;27,6
29.10.2017 21:00;0;23,8
30.10.2017 0:00;0;18,6
30.10.2017 3:00;0;17
30.10.2017 6:00;0;21,9
30.10.2017 9:00;6,6;18,5
30.10.2017 12:00;24,1;20,6
30.10.2017 15:00;5,2;17
30.10.2017 18:00;0;29,5
30.10.2017 21:00;0;24,3
31.10.2017 0:00;0;14,3
31.10.2017 3:00;0;17
31.10.2017 6:00;0;19,9
31.10.2017 9:00;0,6;16,7
31.10.2017 12:00;1,3;24
31.10.2017 15:00;0,3;29,1
31.10.2017 18:00;0;38,8
31.10.2017 21:00;0;38,2
01.11.2017 0:00;0;32,1
01.11.2017 3:00;0;28,7
01.11.2017 6:00;0;46,1
01.11.2017 9:00;3,3;44,6
01.11.2017 12:00;3,3;46,3
01.11.2017 15:00;0,8;30,9
01.11.2017 18:00;0;23,6
01.11.2017 21:00;0;14
02.11.2017 0:00;0;2,3
02.11.2017 3:00;0;0
02.11.2017 6:00;0;0
02.11.2017 9:00;3,2;0,4
02.11.2017 12:00;7,1;6,2
02.11.2017 15:00;1,3;9,9
02.11.2017 18:00;0;14,7
02.11.2017 21:00;0;14
03.11.2017 0:00;0;16,4
03.11.2017 3:00;0;16,3
03.11.2017 6:00;0;17,4
03.11.2017 9:00;0;16,6
03.11.2017 12:00;0,6;15,9
03.11.2017 15:00;6;17,6
03.11.2017 18:00;0;20,7
03.11.2017 21:00;0;15,9
04.11.2017 0:00;0;11,3
04.11.2017 3:00;0;7,3
04.11.2017 6:00;0;1,1
04.11.2017 9:00;0,4;0
04.11.2017 12:00;0,9;0
04.11.2017 15:00;0;0
04.11.2017 18:00;0;3,1
04.11.2017 21:00;0;2,2
05.11.2017 0:00;0;0,4
05.11.2017 3:00;0;3,8
05.11.2017 6:00;0;4,7
05.11.2017 9:00;0,3;8,2
05.11.2017 12:00;0,5;4,3
05.11.2017 15:00;5,5;1,9
05.11.2017 18:00;0;9,3
05.11.2017 21:00;0;4,9
06.11.2017 0:00;0;0
06.11.2017 3:00;0;0
06.11.2017 6:00;0;0
06.11.2017 9:00;7,1;0
06.11.2017 12:00;21,8;0
06.11.2017 15:00;6;0
06.11.2017 18:00;0;0
06.11.2017 21:00;0;0
07.11.2017 0:00;0;0
07.11.2017 3:00;0;2,9
07.11.2017 6:00;0;6,9
07.11.2017 9:00;0,8;5,9
07.11.2017 12:00;1,8;15,9
07.11.2017 15:00;0,4;16,6
07.11.2017 18:00;0;18,9
07.11.2017 21:00;0;22,3
08.11.2017 0:00;0;47,1
08.11.2017 3:00;0;20,8
08.11.2017 6:00;0;21,1
08.11.2017 9:00;3,1;28,3
08.11.2017 12:00;6,2;39,3
08.11.2017 15:00;1,6;57,7
08.11.2017 18:00;0;81,1
08.11.2017 21:00;0;56,4
09.11.2017 0:00;0;60,2
09.11.2017 3:00;0;83,7
09.11.2017 6:00;0;89,8
09.11.2017 9:00;1,5;89,4
09.11.2017 12:00;3,9;89,3
09.11.2017 15:00;1,2;88,1
09.11.2017 18:00;0;84,7
09.11.2017 21:00;0;53,5
10.11.2017 0:00;0;42,4
10.11.2017 3:00;0;36,7
10.11.2017 6:00;0;35,7
10.11.2017 9:00;1,2;30
10.11.2017 12:00;15,9;35,7
10.11.2017 15:00;4,6;16,2
10.11.2017 18:00;0;14,7
10.11.2017 21:00;0;9,1
11.11.2017 0:00;0;0,2
11.11.2017 3:00;0;0
11.11.2017 6:00;0;0
11.11.2017 9:00;4,2;1
11.11.2017 12:00;8,5;5,5
11.11.2017 15:00;2,7;5,4
11.11.2017 18:00;0;6,4
11.11.2017 21:00;0;9,2
12.11.2017 0:00;0;6,3
12.11.2017 3:00;0;13,4
12.11.2017 6:00;0;16,1
12.11.2017 9:00;4,5;9,6
12.11.2017 12:00;9,5;8,6
12.11.2017 15:00;2,8;0,1
12.11.2017 18:00;0;6
12.11.2017 21:00;0;2
13.11.2017 0:00;0;0
13.11.2017 3:00;0;0
13.11.2017 6:00;0;0
13.11.2017 9:00;4,2;2,8
13.11.2017 12:00;12,8;5,9
13.11.2017 15:00;1,4;7,3
13.11.2017 18:00;0;16,4
13.11.2017 21:00;0;14,7
14.11.2017 0:00;0;13,7
14.11.2017 3:00;0;13,7
14.11.2017 6:00;0;21
14.11.2017 9:00;0,6;19,8
14.11.2017 12:00;1,2;39,3
14.11.2017 15:00;0;39,9
14.11.2017 18:00;0;59,4
14.11.2017 21:00;0;47,5
15.11.2017 0:00;0;44
15.11.2017 3:00;0;35,9
15.11.2017 6:00;0;28,7
15.11.2017 9:00;0,5;19,7
15.11.2017 12:00;1,6;23
15.11.2017 15:00;0;18,5
15.11.2017 18:00;0;25
15.11.2017 21:00;0;29,8
16.11.2017 0:00;0;32
16.11.2017 3:00;0;35,8
16.11.2017 6:00;0;26,7
16.11.2017 9:00;6,3;20,7
16.11.2017 12:00;10,8;24,1
16.11.2017 15:00;0;22,4
16.11.2017 18:00;0;19,9
16.11.2017 21:00;0;12,4
17.11.2017 0:00;0;17
17.11.2017 3:00;0;29,9
17.11.2017 6:00;0;46,3
17.11.2017 9:00;0;44,1
17.11.2017 12:00;0,9;63,5
17.11.2017 15:00;0;50,5
17.11.2017 18:00;0;50,4
17.11.2017 21:00;0;43,3
18.11.2017 0:00;0;19,3
18.11.2017 3:00;0;5,7
18.11.2017 6:00;0;0
18.11.2017 9:00;0;0
18.11.2017 12:00;0,5;0
18.11.2017 15:00;0;0
18.11.2017 18:00;0;7
18.11.2017 21:00;0;4,5
19.11.2017 0:00;0;3,8
19.11.2017 3:00;0;19,9
19.11.2017 6:00;0;24,7
19.11.2017 9:00;1,5;34,4
19.11.2017 12:00;2,5;41,3
19.11.2017 15:00;0;89,5
19.11.2017 18:00;0;81,9
19.11.2017 21:00;0;80,2
20.11.2017 0:00;0;74,4
20.11.2017 3:00;0;70
20.11.2017 6:00;0;65,1
20.11.2017 9:00;0,2;54,6
20.11.2017 12:00;1;40,1
20.11.2017 15:00;0;33,8
20.11.2017 18:00;0;35,4
20.11.2017 21:00;0;31,5
21.11.2017 0:00;0;33,6
21.11.2017 3:00;0;27,6
21.11.2017 6:00;0;19,2
21.11.2017 9:00;2,8;10,4
21.11.2017 12:00;11,6;3,3
21.11.2017 15:00;3,4;12,6
21.11.2017 18:00;0;18,9
21.11.2017 21:00;0;23,7
22.11.2017 0:00;0;26,4
22.11.2017 3:00;0;25,4
22.11.2017 6:00;0;26,6
22.11.2017 9:00;3,7;22,5
22.11.2017 12:00;10,9;16,6
22.11.2017 15:00;3,2;11,7
22.11.2017 18:00;0;18
22.11.2017 21:00;0;15,6
23.11.2017 0:00;0;6,8
23.11.2017 3:00;0;0
23.11.2017 6:00;0;0
23.11.2017 9:00;2,1;0
23.11.2017 12:00;6,9;0
23.11.2017 15:00;1,9;0
23.11.2017 18:00;0;0
23.11.2017 21:00;0;12,7
24.11.2017 0:00;0;22,3
24.11.2017 3:00;0;31
24.11.2017 6:00;0;28,4
24.11.2017 9:00;0;30,8
24.11.2017 12:00;0,3;27,1
24.11.2017 15:00;2,4;29,8
24.11.2017 18:00;0;46,2
24.11.2017 21:00;0;57,3
25.11.2017 0:00;0;76,6
25.11.2017 3:00;0;75,4
25.11.2017 6:00;0;60,2
25.11.2017 9:00;0,5;51,3
25.11.2017 12:00;1,9;33,6
25.11.2017 15:00;0;22,3
25.11.2017 18:00;0;19,9
25.11.2017 21:00;0;12,2
26.11.2017 0:00;0;12,2
26.11.2017 3:00;0;21,8
26.11.2017 6:00;0;28,2
26.11.2017 9:00;2,8;22,9
26.11.2017 12:00;4,1;25,1
26.11.2017 15:00;0;27,1
26.11.2017 18:00;0;27,4
26.11.2017 21:00;0;22,8
27.11.2017 0:00;0;27,2
27.11.2017 3:00;0;42,2
27.11.2017 6:00;0;52,5
27.11.2017 9:00;2,1;43,7
27.11.2017 12:00;4,7;33,6
27.11.2017 15:00;0;44,5
27.11.2017 18:00;0;85,8
27.11.2017 21:00;0;88,8
28.11.2017 0:00;0;89,1
28.11.2017 3:00;0;90
28.11.2017 6:00;0;90
28.11.2017 9:00;2,6;88,3
28.11.2017 12:00;6,3;84,2
28.11.2017 15:00;0;69,4
28.11.2017 18:00;0;82,8
28.11.2017 21:00;0;80
29.11.2017 0:00;0;89,4
29.11.2017 3:00;0;89,9
29.11.2017 6:00;0;87,3
29.11.2017 9:00;0;69,1
29.11.2017 12:00;2;54
29.11.2017 15:00;0;55,9
29.11.2017 18:00;0;46,3
29.11.2017 21:00;0;39,7
30.11.2017 0:00;0;36,9
30.11.2017 3:00;0;29,4
30.11.2017 6:00;0;20,8
30.11.2017 9:00;0,4;9,2
30.11.2017 12:00;2,1;0
30.11.2017 15:00;0;0
30.11.2017 18:00;0;0
30.11.2017 21:00;0;0
01.12.2017 0:00;0;6,2
01.12.2017 3:00;0;8,6
01.12.2017 6:00;0;10
01.12.2017 9:00;0;7,4
01.12.2017 12:00;1,1;1,2
01.12.2017 15:00;0;4,3
01.12.2017 18:00;0;8,3
01.12.2017 21:00;0;6,7
02.12.2017 0:00;0;5,7
02.12.2017 3:00;0;8,1
02.12.2017 6:00;0;10
02.12.2017 9:00;0;11,7
02.12.2017 12:00;0,3;10,1
02.12.2017 15:00;0;18,5
02.12.2017 18:00;0;27,9
02.12.2017 21:00;0;30,7
03.12.2017 0:00;0;39,2
03.12.2017 3:00;0;71,5
03.12.2017 6:00;0;90
03.12.2017 9:00;2,8;90
03.12.2017 12:00;8,3;66,7
03.12.2017 15:00;0;26,6
03.12.2017 18:00;0;23,1
03.12.2017 21:00;0;11,5
04.12.2017 0:00;0;10,8
04.12.2017 3:00;0;11,2
04.12.2017 6:00;0;17,4
04.12.2017 9:00;2;27,3
04.12.2017 12:00;3,5;42,3
04.12.2017 15:00;0;50,3
04.12.2017 18:00;0;48
04.12.2017 21:00;0;44,4
05.12.2017 0:00;0;45,8
05.12.2017 3:00;0;58,4
05.12.2017 6:00;0;53,6
05.12.2017 9:00;0;33,3
05.12.2017 12:00;0,7;58
05.12.2017 15:00;0;22
05.12.2017 18:00;0;29,2
05.12.2017 21:00;0;79,9
06.12.2017 0:00;0;74,8
06.12.2017 3:00;0;79,2
06.12.2017 6:00;0;44,8
06.12.2017 9:00;2,6;45,1
06.12.2017 12:00;6,6;36,4
06.12.2017 15:00;0;33,8
06.12.2017 18:00;0;40,2
06.12.2017 21:00;0;29,3
07.12.2017 0:00;0;19,8
07.12.2017 3:00;0;11,6
07.12.2017 6:00;0;13,2
07.12.2017 9:00;3,3;17,4
07.12.2017 12:00;9,8;3,8
07.12.2017 15:00;0,3;10,4
07.12.2017 18:00;0;16,2
07.12.2017 21:00;0;15
08.12.2017 0:00;0;14,8
08.12.2017 3:00;0;7,4
08.12.2017 6:00;0;10,3
08.12.2017 9:00;0;15,4
08.12.2017 12:00;0,8;6
08.12.2017 15:00;0;6,9
08.12.2017 18:00;0;11,3
08.12.2017 21:00;0;3,4
09.12.2017 0:00;0;0
09.12.2017 3:00;0;2
09.12.2017 6:00;0;10
09.12.2017 9:00;0;6,3
09.12.2017 12:00;1,2;0
09.12.2017 15:00;0;1,1
09.12.2017 18:00;0;4,6
09.12.2017 21:00;0;0,7
10.12.2017 0:00;0;8,1
10.12.2017 3:00;0;15,1
10.12.2017 6:00;0;33,7
10.12.2017 9:00;0;33,3
10.12.2017 12:00;1;44,5
10.12.2017 15:00;0;50,6
10.12.2017 18:00;0;54,9
10.12.2017 21:00;0;40,6
11.12.2017 0:00;0;29,6
11.12.2017 3:00;0;17,5
11.12.2017 6:00;0;15,4
11.12.2017 9:00;0;10,4
11.12.2017 12:00;0;2,4
11.12.2017 15:00;0;5,2
11.12.2017 18:00;0;10,4
11.12.2017 21:00;0;24,7
12.12.2017 0:00;0;28,1
12.12.2017 3:00;0;44,7
12.12.2017 6:00;0;61
12.12.2017 9:00;2,6;70,5
12.12.2017 12:00;8,1;51,3
12.12.2017 15:00;0;36,7
12.12.2017 18:00;0;30,3
12.12.2017 21:00;0;18,7
13.12.2017 0:00;0;10,5
13.12.2017 3:00;0;12,6
13.12.2017 6:00;0;12,8
13.12.2017 9:00;0,4;14,6
13.12.2017 12:00;3,2;15,5
13.12.2017 15:00;0;27,1
13.12.2017 18:00;0;38,7
13.12.2017 21:00;0;30,5
14.12.2017 0:00;0;28,9
14.12.2017 3:00;0;27,9
14.12.2017 6:00;0;22,5
14.12.2017 9:00;0;18,1
14.12.2017 12:00;0;16,3
14.12.2017 15:00;0;22,8
14.12.2017 18:00;0;28,8
14.12.2017 21:00;0;30,2
15.12.2017 0:00;0;22,4
15.12.2017 3:00;0;7,8
15.12.2017 6:00;0;8,1
15.12.2017 9:00;0;15,7
15.12.2017 12:00;1,1;35,3
15.12.2017 15:00;0;51,2
15.12.2017 18:00;0;26,8
15.12.2017 21:00;0;23,1
16.12.2017 0:00;0;18,4
16.12.2017 3:00;0;10,6
16.12.2017 6:00;0;10,9
16.12.2017 9:00;1,1;17,5
16.12.2017 12:00;4,1;31,3
16.12.2017 15:00;0,5;46
16.12.2017 18:00;0;66,4
16.12.2017 21:00;0;70,5
17.12.2017 0:00;0;73,9
17.12.2017 3:00;0;79,9
17.12.2017 6:00;0;86,9
17.12.2017 9:00;0;86
17.12.2017 12:00;6,3;80,2
17.12.2017 15:00;0;77,7
17.12.2017 18:00;0;77,7
17.12.2017 21:00;0;71,9
18.12.2017 0:00;0;64,3
18.12.2017 3:00;0;76,6
18.12.2017 6:00;0;82,8
18.12.2017 9:00;0;80,8
18.12.2017 12:00;1,6;86,7
18.12.2017 15:00;0;89,8
18.12.2017 18:00;0;90
18.12.2017 21:00;0;85
19.12.2017 0:00;0;45,9
19.12.2017 3:00;0;41,3
19.12.2017 6:00;0;43
19.12.2017 9:00;0,7;55,3
19.12.2017 12:00;4,3;46,6
19.12.2017 15:00;0,3;44,9
19.12.2017 18:00;0;49,8
19.12.2017 21:00;0;43,6
20.12.2017 0:00;0;34,2
20.12.2017 3:00;0;39,7
20.12.2017 6:00;0;26,6
20.12.2017 9:00;0;14,1
20.12.2017 12:00;8;5,1
20.12.2017 15:00;0;9,8
20.12.2017 18:00;0;14,4
20.12.2017 21:00;0;12,6
21.12.2017 0:00;0;12,7
21.12.2017 3:00;0;15,1
21.12.2017 6:00;0;16,3
21.12.2017 9:00;0;12,8
21.12.2017 12:00;1,2;9,4
21.12.2017 15:00;0;13
21.12.2017 18:00;0;14,3
21.12.2017 21:00;0;9
22.12.2017 0:00;0;6,2
22.12.2017 3:00;0;13,3
22.12.2017 6:00;0;12,1
22.12.2017 9:00;0;10,4
22.12.2017 12:00;0,5;3,8
22.12.2017 15:00;0;1,1
22.12.2017 18:00;0;0
22.12.2017 21:00;0;4,5
23.12.2017 0:00;0;12,6
23.12.2017 3:00;0;14,9
23.12.2017 6:00;0;14,6
23.12.2017 9:00;0;11,1
23.12.2017 12:00;1;6,7
23.12.2017 15:00;0;12,2
23.12.2017 18:00;0;18,3
23.12.2017 21:00;0;15,7
24.12.2017 0:00;0;10,9
24.12.2017 3:00;0;7,2
24.12.2017 6:00;0;1,7
24.12.2017 9:00;0;0
24.12.2017 12:00;0,9;2,4
24.12.2017 15:00;0;10,6
24.12.2017 18:00;0;17,7
24.12.2017 21:00;0;19,8
25.12.2017 0:00;0;18,6
25.12.2017 3:00;0;27,1
25.12.2017 6:00;0;38,3
25.12.2017 9:00;0,3;26,8
25.12.2017 12:00;1,3;15,6
25.12.2017 15:00;0;21,6
25.12.2017 18:00;0;18,9
25.12.2017 21:00;0;23,5
26.12.2017 0:00;0;29,4
26.12.2017 3:00;0;35
26.12.2017 6:00;0;61,3
26.12.2017 9:00;0,6;55,5
26.12.2017 12:00;8,3;88,3
26.12.2017 15:00;0;90
26.12.2017 18:00;0;90
26.12.2017 21:00;0;90
27.12.2017 0:00;0;90
27.12.2017 3:00;0;90
27.12.2017 6:00;0;81,7
27.12.2017 9:00;0,2;52,3
27.12.2017 12:00;7,5;60,2
27.12.2017 15:00;0;83,1
27.12.2017 18:00;0;90
27.12.2017 21:00;0;90
28.12.2017 0:00;0;90
28.12.2017 3:00;0;90
28.12.2017 6:00;0;90
28.12.2017 9:00;0,4;90
28.12.2017 12:00;8,1;90
28.12.2017 15:00;0;90
28.12.2017 18:00;0;90
28.12.2017 21:00;0;89,2
29.12.2017 0:00;0;69,1
29.12.2017 3:00;0;48
29.12.2017 6:00;0;24,1
29.12.2017 9:00;0;18
29.12.2017 12:00;1,9;24,9
29.12.2017 15:00;0;33,3
29.12.2017 18:00;0;38,1
29.12.2017 21:00;0;40,4
30.12.2017 0:00;0;36,8
30.12.2017 3:00;0;36
30.12.2017 6:00;0;50,1
30.12.2017 9:00;0;23
30.12.2017 12:00;0,6;14,9
30.12.2017 15:00;0;14,5
30.12.2017 18:00;0;15,8
30.12.2017 21:00;0;10,5
31.12.2017 0:00;0;8,3
31.12.2017 3:00;0;7,3
31.12.2017 6:00;0;4,5
31.12.2017 9:00;0;2,3
31.12.2017 12:00;1,5;0
31.12.2017 15:00;0;0
31.12.2017 18:00;0;0
31.12.2017 21:00;0;1,1
