1;1;1;0;3.0
1;1;4;0;3.1
1;1;7;0;2.2
1;1;10;11;2.0
1;1;13;83;2.8
1;1;16;3;2.4
1;1;19;0;1.6
1;1;22;0;0.7
2;1;1;0;-0.2
2;1;4;0;-1.4
2;1;7;0;-2.1
2;1;10;3;-2.3
2;1;13;115;-0.4
2;1;16;8;-0.9
2;1;19;0;-1.0
2;1;22;0;-1.1
3;1;1;0;-1.0
3;1;4;0;-0.6
3;1;7;0;-0.3
3;1;10;3;0.0
3;1;13;15;0.8
3;1;16;3;0.8
3;1;19;0;0.7
3;1;22;0;0.3
4;1;1;0;0.1
4;1;4;0;-1.7
4;1;7;0;-1.2
4;1;10;2;-1.6
4;1;13;15;-1.9
4;1;16;3;-1.8
4;1;19;0;-2.2
4;1;22;0;-2.6
5;1;1;0;-3.3
5;1;4;0;-4.6
5;1;7;0;-5.2
5;1;10;17;-4.7
5;1;13;174;-0.6
5;1;16;23;-1.4
5;1;19;0;-2.8
5;1;22;0;-4.3
6;1;1;0;-5.8
6;1;4;0;-7.3
6;1;7;0;-8.2
6;1;10;16;-8.0
6;1;13;152;-4.6
6;1;16;34;-4.9
6;1;19;0;-5.8
6;1;22;0;-6.6
7;1;1;0;-7.3
7;1;4;0;-7.3
7;1;7;0;-7.2
7;1;10;21;-6.0
7;1;13;168;-0.8
7;1;16;29;-2.0
7;1;19;0;-3.6
7;1;22;0;-4.4
8;1;1;0;-5.4
8;1;4;0;-7.0
8;1;7;0;-7.8
8;1;10;3;-8.1
8;1;13;171;-5.1
8;1;16;14;-6.5
8;1;19;0;-7.8
8;1;22;0;-8.9
9;1;1;0;-10.0
9;1;4;0;-11.3
9;1;7;0;-12.0
9;1;10;6;-12.2
9;1;13;14;-12.1
9;1;16;27;-11.4
9;1;19;0;-11.8
9;1;22;0;-11.8
10;1;1;0;-11.7
10;1;4;0;-11.2
10;1;7;0;-10.9
10;1;10;7;-10.4
10;1;13;31;-9.1
10;1;16;8;-9.0
10;1;19;0;-9.3
10;1;22;0;-9.1
11;1;1;0;-9.1
11;1;4;0;-9.3
11;1;7;0;-9.4
11;1;10;7;-9.2
11;1;13;33;-8.5
11;1;16;8;-8.5
11;1;19;0;-8.9
11;1;22;0;-9.4
12;1;1;0;-11.4
12;1;4;0;-16.7
12;1;7;0;-20.0
12;1;10;37;-21.6
12;1;13;176;-22.5
12;1;16;49;-23.6
12;1;19;0;-23.3
12;1;22;0;-23.3
13;1;1;0;-23.1
13;1;4;0;-22.2
13;1;7;0;-21.6
13;1;10;40;-19.8
13;1;13;180;-13.7
13;1;16;50;-13.5
13;1;19;0;-14.8
13;1;22;0;-14.8
14;1;1;0;-15.1
14;1;4;0;-15.8
14;1;7;0;-16.2
14;1;10;26;-15.6
14;1;13;91;-13.1
14;1;16;26;-13.1
14;1;19;0;-14.7
14;1;22;0;-16.1
15;1;1;0;-17.8
15;1;4;0;-20.2
15;1;7;0;-21.9
15;1;10;31;-22.1
15;1;13;59;-20.6
15;1;16;44;-21.1
15;1;19;0;-20.4
15;1;22;0;-18.1
16;1;1;0;-16.0
16;1;4;0;-14.3
16;1;7;0;-13.4
16;1;10;6;-12.3
16;1;13;26;-10.2
16;1;16;8;-9.8
16;1;19;0;-9.5
16;1;22;0;-8.3
17;1;1;0;-7.8
17;1;4;0;-8.5
17;1;7;0;-9.0
17;1;10;55;-7.7
17;1;13;85;-5.1
17;1;16;5;-6.3
17;1;19;0;-6.3
17;1;22;0;-5.3
18;1;1;0;-4.5
18;1;4;0;-4.1
18;1;7;0;-3.9
18;1;10;10;-3.4
18;1;13;45;-1.8
18;1;16;16;-1.7
18;1;19;0;-1.5
18;1;22;0;-0.7
19;1;1;0;-0.1
19;1;4;0;-0.1
19;1;7;0;-0.1
19;1;10;6;0.2
19;1;13;29;1.0
19;1;16;9;1.1
19;1;19;0;0.7
19;1;22;0;0.3
20;1;1;0;-0.8
20;1;4;0;-1.2
20;1;7;0;-1.7
20;1;10;6;-1.9
20;1;13;24;-2.0
20;1;16;9;-2.2
20;1;19;0;-2.5
20;1;22;0;-2.9
21;1;1;0;-3.2
21;1;4;0;-2.8
21;1;7;0;-2.5
21;1;10;42;-0.9
21;1;13;177;3.7
21;1;16;53;4.0
21;1;19;0;2.6
21;1;22;0;1.9
22;1;1;0;0.8
22;1;4;0;-0.6
22;1;7;0;-1.2
22;1;10;57;-0.1
22;1;13;213;3.3
22;1;16;75;3.7
22;1;19;0;1.9
22;1;22;0;0.4
23;1;1;0;-1.5
23;1;4;0;-3.6
23;1;7;0;-4.7
23;1;10;53;-3.7
23;1;13;177;0.1
23;1;16;68;0.2
23;1;19;0;-2.8
23;1;22;0;-5.7
24;1;1;0;-9.1
24;1;4;0;-13.3
24;1;7;0;-15.8
24;1;10;67;-15.8
24;1;13;173;-13.9
24;1;16;55;-15.0
24;1;19;0;-16.3
24;1;22;0;-16.9
25;1;1;0;-16.7
25;1;4;0;-15.1
25;1;7;0;-14.1
25;1;10;20;-12.6
25;1;13;70;-9.3
25;1;16;26;-9.1
25;1;19;0;-8.2
25;1;22;0;-5.8
26;1;1;0;-4.3
26;1;4;0;-4.2
26;1;7;0;-4.0
26;1;10;65;-1.9
26;1;13;216;3.4
26;1;16;99;3.0
26;1;19;0;2.5
26;1;22;0;1.4
27;1;1;0;-0.1
27;1;4;0;-2.0
27;1;7;0;-3.0
27;1;10;71;-1.6
27;1;13;229;2.8
27;1;16;93;3.0
27;1;19;0;0.4
27;1;22;0;-2.0
28;1;1;0;-4.5
28;1;4;0;-7.1
28;1;7;0;-8.7
28;1;10;74;-7.4
28;1;13;239;-2.3
28;1;16;93;-2.7
28;1;19;0;-4.7
28;1;22;0;-5.3
29;1;1;0;-5.5
29;1;4;0;-4.6
29;1;7;0;-4.1
29;1;10;13;-3.1
29;1;13;45;-1.2
29;1;16;17;-0.9
29;1;19;0;-1.6
29;1;22;0;-1.9
30;1;1;0;-2.9
30;1;4;0;-4.9
30;1;7;0;-6.1
30;1;10;73;-4.5
30;1;13;247;0.9
30;1;16;106;1.1
30;1;19;0;-0.7
30;1;22;0;-1.0
31;1;1;0;-1.0
31;1;4;0;-0.3
31;1;7;0;0.2
31;1;10;15;1.2
31;1;13;48;3.1
31;1;16;19;3.4
31;1;19;0;2.7
31;1;22;0;2.0
1;2;1;0;1.6
1;2;4;0;0.5
1;2;7;0;-0.2
1;2;10;20;-0.2
1;2;13;84;0.3
1;2;16;35;0.3
1;2;19;0;-1.4
1;2;22;0;-1.8
2;2;1;0;-2.5
2;2;4;0;-3.1
2;2;7;0;-3.4
2;2;10;55;-2.7
2;2;13;69;-1.6
2;2;16;49;-1.2
2;2;19;0;-2.4
2;2;22;0;-3.6
3;2;1;0;-4.8
3;2;4;0;-6.0
3;2;7;0;-6.8
3;2;10;38;-6.6
3;2;13;71;-5.9
3;2;16;46;-6.1
3;2;19;0;-7.0
3;2;22;0;-8.0
4;2;1;0;-10.1
4;2;4;0;-14.2
4;2;7;0;-16.8
4;2;10;98;-17.2
4;2;13;228;-16.6
4;2;16;131;-17.3
4;2;19;0;-17.7
4;2;22;0;-17.4
5;2;1;0;-16.5
5;2;4;0;-14.1
5;2;7;0;-12.5
5;2;10;36;-10.6
5;2;13;173;-6.2
5;2;16;68;-4.8
5;2;19;0;-6.0
5;2;22;0;-6.6
6;2;1;0;-8.2
6;2;4;0;-11.7
6;2;7;0;-13.9
6;2;10;69;-14.2
6;2;13;255;-13.3
6;2;16;11;-13.9
6;2;19;0;-14.9
6;2;22;0;-14.6
7;2;1;0;-13.8
7;2;4;0;-11.9
7;2;7;0;-10.7
7;2;10;57;-8.5
7;2;13;211;-3.5
7;2;16;82;-3.1
7;2;19;0;-5.0
7;2;22;0;-5.8
8;2;1;0;-7.6
8;2;4;0;-11.4
8;2;7;0;-13.5
8;2;10;9;-14.4
8;2;13;93;-14.7
8;2;16;155;-15.0
8;2;19;0;-16.1
8;2;22;0;-18.1
9;2;1;0;-19.5
9;2;4;0;-19.4
9;2;7;0;-19.3
9;2;10;110;-16.8
9;2;13;317;-11.6
9;2;16;134;-11.3
9;2;19;0;-13.6
9;2;22;0;-13.9
10;2;1;0;-14.3
10;2;4;0;-15.0
10;2;7;0;-15.3
10;2;10;119;-12.9
10;2;13;299;-8.4
10;2;16;159;-8.0
10;2;19;0;-10.3
10;2;22;0;-10.5
11;2;1;0;-10.7
11;2;4;0;-10.5
11;2;7;0;-10.3
11;2;10;132;-7.7
11;2;13;341;-4.7
11;2;16;18;-6.5
11;2;19;0;-7.8
11;2;22;0;-8.5
12;2;1;0;-9.7
12;2;4;0;-12.0
12;2;7;0;-13.4
12;2;10;118;-12.0
12;2;13;303;-8.7
12;2;16;156;-8.7
12;2;19;0;-10.7
12;2;22;0;-10.6
13;2;1;0;-10.1
13;2;4;0;-8.9
13;2;7;0;-8.0
13;2;10;94;-4.9
13;2;13;236;-0.5
13;2;16;109;0.3
13;2;19;0;-2.1
13;2;22;0;-3.6
14;2;1;0;-7.0
14;2;4;0;-14.1
14;2;7;0;-18.4
14;2;10;132;-20.4
14;2;13;303;-21.6
14;2;16;65;-22.7
14;2;19;0;-24.1
14;2;22;0;-23.6
15;2;1;0;-23.1
15;2;4;0;-21.5
15;2;7;0;-20.8
15;2;10;27;-19.8
15;2;13;74;-17.9
15;2;16;42;-17.4
15;2;19;0;-17.1
15;2;22;0;-15.2
16;2;1;0;-11.9
16;2;4;0;-12.1
16;2;7;0;-12.0
16;2;10;13;-11.7
16;2;13;46;-11.0
16;2;16;135;-8.1
16;2;19;0;-8.5
16;2;22;0;-7.3
17;2;1;0;-6.4
17;2;4;0;-6.1
17;2;7;0;-6.1
17;2;10;23;-5.2
17;2;13;55;-3.8
17;2;16;168;-0.1
17;2;19;0;-1.5
17;2;22;0;-3.2
18;2;1;0;-6.0
18;2;4;0;-10.7
18;2;7;0;-13.2
18;2;10;159;-12.5
18;2;13;160;-12.3
18;2;16;104;-12.8
18;2;19;0;-14.0
18;2;22;0;-14.9
19;2;1;0;-14.9
19;2;4;0;-13.0
19;2;7;0;-11.9
19;2;10;159;-7.5
19;2;13;362;-0.4
19;2;16;208;1.6
19;2;19;0;-1.4
19;2;22;0;-2.4
20;2;1;0;-3.9
20;2;4;0;-6.4
20;2;7;0;-7.7
20;2;10;181;-4.7
20;2;13;389;0.2
20;2;16;216;1.0
20;2;19;0;-1.7
20;2;22;0;-2.2
21;2;1;0;-2.4
21;2;4;0;-1.4
21;2;7;0;-0.8
21;2;10;88;1.1
21;2;13;171;3.7
21;2;16;91;2.8
21;2;19;0;3.5
21;2;22;0;3.1
22;2;1;0;2.2
22;2;4;0;0.9
22;2;7;0;0.5
22;2;10;102;1.6
22;2;13;252;3.5
22;2;16;128;2.8
22;2;19;0;3.1
22;2;22;0;1.9
23;2;1;0;0.4
23;2;4;0;-1.8
23;2;7;0;-2.9
23;2;10;94;-1.7
23;2;13;181;0.0
23;2;16;100;0.2
23;2;19;0;-1.3
23;2;22;0;-2.5
24;2;1;0;-3.2
24;2;4;0;-3.2
24;2;7;0;-3.2
24;2;10;88;-1.1
24;2;13;172;1.7
24;2;16;97;2.4
24;2;19;0;0.7
24;2;22;0;-0.8
25;2;1;0;-2.4
25;2;4;0;-4.2
25;2;7;0;-5.0
25;2;10;133;-2.4
25;2;13;279;1.1
25;2;16;160;1.9
25;2;19;0;-0.6
25;2;22;0;-3.2
26;2;1;0;-5.7
26;2;4;0;-7.8
26;2;7;0;-8.9
26;2;10;211;-5.3
26;2;13;302;-1.3
26;2;16;156;-1.6
26;2;19;0;-4.2
26;2;22;0;-5.1
27;2;1;0;-5.8
27;2;4;0;-5.2
27;2;7;0;-4.6
27;2;10;198;-0.8
27;2;13;389;2.8
27;2;16;219;2.8
27;2;19;0;2.8
27;2;22;0;3.4
28;2;1;0;2.1
28;2;4;0;-0.2
28;2;7;0;-1.2
28;2;10;133;0.3
28;2;13;338;2.8
28;2;16;164;3.2
28;2;19;0;2.0
28;2;22;0;1.0
1;3;1;0;-0.5
1;3;4;0;-1.5
1;3;7;0;-2.1
1;3;10;57;-1.9
1;3;13;116;-1.6
1;3;16;57;-1.8
1;3;19;0;-2.4
1;3;22;0;-3.2
2;3;1;0;-4.2
2;3;4;0;-5.0
2;3;7;0;-5.3
2;3;10;163;-3.2
2;3;13;432;0.4
2;3;16;253;1.4
2;3;19;0;-0.6
2;3;22;0;-2.9
3;3;1;0;-5.3
3;3;4;0;-7.6
3;3;7;0;-8.7
3;3;10;246;-6.2
3;3;13;417;-3.5
3;3;16;214;-3.5
3;3;19;0;-5.7
3;3;22;0;-7.8
4;3;1;0;-9.7
4;3;4;0;-10.9
4;3;7;0;-11.5
4;3;10;232;-8.6
4;3;13;449;-5.1
4;3;16;272;-4.4
4;3;19;0;-6.4
4;3;22;0;-7.5
5;3;1;0;-8.3
5;3;4;0;-8.8
5;3;7;0;-9.0
5;3;10;207;-6.0
5;3;13;433;-2.0
5;3;16;234;-1.6
5;3;19;0;-4.2
5;3;22;0;-4.8
6;3;1;0;-5.4
6;3;4;0;-6.0
6;3;7;0;-6.2
6;3;10;105;-5.2
6;3;13;292;-2.2
6;3;16;209;-1.0
6;3;19;0;-2.6
6;3;22;0;-3.5
7;3;1;0;-4.6
7;3;4;0;-5.3
7;3;7;0;-5.7
7;3;10;23;-5.4
7;3;13;43;-5.2
7;3;16;178;-3.8
7;3;19;0;-4.0
7;3;22;0;-5.5
8;3;1;0;-7.4
8;3;4;0;-10.3
8;3;7;0;-11.9
8;3;10;262;-10.1
8;3;13;466;-8.2
8;3;16;286;-8.3
8;3;19;0;-10.4
8;3;22;0;-12.4
9;3;1;0;-13.6
9;3;4;0;-13.3
9;3;7;0;-13.2
9;3;10;261;-9.3
9;3;13;469;-5.3
9;3;16;298;-4.4
9;3;19;0;-7.2
9;3;22;0;-8.3
10;3;1;0;-9.5
10;3;4;0;-10.7
10;3;7;0;-11.3
10;3;10;281;-7.4
10;3;13;489;-3.6
10;3;16;313;-2.8
10;3;19;0;-5.7
10;3;22;0;-6.7
11;3;1;0;-7.5
11;3;4;0;-7.9
11;3;7;0;-8.1
11;3;10;291;-3.5
11;3;13;504;0.8
11;3;16;322;1.7
11;3;19;0;-1.4
11;3;22;0;-3.0
12;3;1;0;-4.8
12;3;4;0;-6.7
12;3;7;0;-7.4
12;3;10;203;-5.0
12;3;13;371;-2.2
12;3;16;244;-1.5
12;3;19;0;-3.4
12;3;22;0;-4.4
13;3;1;0;-5.1
13;3;4;0;-5.2
13;3;7;0;-5.1
13;3;10;300;-1.6
13;3;13;269;-0.1
13;3;16;30;-1.7
13;3;19;0;-3.0
13;3;22;0;-3.0
14;3;1;0;-3.4
14;3;4;0;-3.6
14;3;7;0;-3.7
14;3;10;171;-1.6
14;3;13;355;1.0
14;3;16;28;0.4
14;3;19;2;-0.7
14;3;22;0;-1.3
15;3;1;0;-2.1
15;3;4;0;-2.6
15;3;7;0;-2.8
15;3;10;182;-0.5
15;3;13;255;1.7
15;3;16;150;2.1
15;3;19;1;0.7
15;3;22;0;-0.7
16;3;1;0;-2.1
16;3;4;0;-3.4
16;3;7;0;-3.9
16;3;10;258;-0.5
16;3;13;422;2.8
16;3;16;264;3.6
16;3;19;1;1.2
16;3;22;0;2.0
17;3;1;0;2.7
17;3;4;0;3.5
17;3;7;0;3.8
17;3;10;214;7.6
17;3;13;220;9.3
17;3;16;231;10.8
17;3;19;6;9.8
17;3;22;0;7.3
18;3;1;0;4.6
18;3;4;0;1.7
18;3;7;0;0.6
18;3;10;162;2.1
18;3;13;285;3.6
18;3;16;153;3.6
18;3;19;1;2.3
18;3;22;0;0.7
19;3;1;0;-0.5
19;3;4;0;-0.7
19;3;7;1;-0.8
19;3;10;71;0.6
19;3;13;60;1.2
19;3;16;285;4.6
19;3;19;5;4.2
19;3;22;0;2.1
20;3;1;0;-0.3
20;3;4;0;-2.8
20;3;7;1;-3.7
20;3;10;241;-1.1
20;3;13;372;1.3
20;3;16;251;2.0
20;3;19;1;0.1
20;3;22;0;-1.9
21;3;1;0;-3.5
21;3;4;0;-4.5
21;3;7;2;-4.8
21;3;10;283;-0.7
21;3;13;447;3.2
21;3;16;310;4.5
21;3;19;4;1.8
21;3;22;0;1.1
22;3;1;0;0.5
22;3;4;0;0.3
22;3;7;1;0.1
22;3;10;147;2.5
22;3;13;217;4.5
22;3;16;142;5.0
22;3;19;1;3.8
22;3;22;0;2.1
23;3;1;0;0.6
23;3;4;0;-1.1
23;3;7;2;-1.7
23;3;10;176;0.7
23;3;13;262;2.6
23;3;16;224;3.3
23;3;19;2;1.8
23;3;22;0;0.6
24;3;1;0;-0.3
24;3;4;0;-0.8
24;3;7;10;-0.5
24;3;10;165;1.9
24;3;13;270;3.4
24;3;16;329;4.4
24;3;19;17;4.0
24;3;22;0;2.3
25;3;1;0;0.5
25;3;4;0;-1.2
25;3;7;1;-1.8
25;3;10;243;1.8
25;3;13;309;3.6
25;3;16;213;4.2
25;3;19;13;2.7
25;3;22;0;0.1
26;3;1;0;-2.3
26;3;4;0;-4.2
26;3;7;6;-4.7
26;3;10;385;0.6
26;3;13;559;4.7
26;3;16;371;5.6
26;3;19;6;2.5
26;3;22;0;1.1
27;3;1;0;-0.1
27;3;4;0;-0.5
27;3;7;2;-0.6
27;3;10;299;4.2
27;3;13;434;8.3
27;3;16;340;9.5
27;3;19;11;7.2
27;3;22;0;5.0
28;3;1;0;2.8
28;3;4;0;0.8
28;3;7;2;0.1
28;3;10;227;3.6
28;3;13;467;6.6
28;3;16;348;7.7
28;3;19;27;6.0
28;3;22;0;3.6
29;3;1;0;1.5
29;3;4;0;0.0
29;3;7;8;-0.3
29;3;10;190;2.9
29;3;13;380;5.3
29;3;16;308;6.3
29;3;19;3;4.3
29;3;22;0;2.4
30;3;1;0;0.6
30;3;4;0;-0.7
30;3;7;7;-1.0
30;3;10;279;3.3
30;3;13;467;6.8
30;3;16;327;8.0
30;3;19;3;5.3
30;3;22;0;3.4
31;3;1;0;1.7
31;3;4;0;0.7
31;3;7;11;0.7
31;3;10;402;6.3
31;3;13;542;10.1
31;3;16;386;11.3
31;3;19;12;8.8
31;3;22;0;5.3
1;4;1;0;1.1
1;4;4;0;-2.5
1;4;7;18;-3.7
1;4;10;386;-0.1
1;4;13;558;2.6
1;4;16;337;2.9
1;4;19;7;0.4
1;4;22;0;-1.8
2;4;1;0;-3.4
2;4;4;0;-3.7
2;4;7;17;-3.2
2;4;10;200;-0.3
2;4;13;414;3.0
2;4;16;469;5.7
2;4;19;28;4.0
2;4;22;0;1.5
3;4;1;0;-1.0
3;4;4;0;-3.9
3;4;7;21;-4.8
3;4;10;425;-0.8
3;4;13;579;1.6
3;4;16;390;1.8
3;4;19;48;-0.7
3;4;22;0;-2.3
4;4;1;0;-2.0
4;4;4;0;-0.3
4;4;7;35;0.8
4;4;10;135;4.0
4;4;13;152;5.6
4;4;16;407;8.3
4;4;19;27;7.0
4;4;22;0;6.5
5;4;1;0;6.5
5;4;4;0;5.9
5;4;7;55;6.6
5;4;10;432;11.9
5;4;13;631;16.5
5;4;16;443;18.0
5;4;19;55;15.5
5;4;22;0;12.9
6;4;1;0;11.1
6;4;4;0;9.8
6;4;7;11;9.6
6;4;10;81;10.1
6;4;13;115;10.5
6;4;16;72;10.5
6;4;19;9;9.9
6;4;22;0;9.6
7;4;1;0;10.3
7;4;4;0;11.0
7;4;7;18;11.5
7;4;10;85;13.0
7;4;13;172;14.6
7;4;16;144;15.5
7;4;19;18;14.7
7;4;22;0;13.3
8;4;1;0;11.3
8;4;4;0;9.4
8;4;7;61;9.8
8;4;10;292;12.3
8;4;13;490;15.7
8;4;16;299;16.1
8;4;19;73;14.8
8;4;22;0;12.1
9;4;1;0;9.7
9;4;4;0;8.7
9;4;7;7;8.7
9;4;10;43;10.7
9;4;13;770;14.6
9;4;16;43;13.9
9;4;19;29;12.3
9;4;22;0;11.2
10;4;1;0;10.4
10;4;4;0;9.6
10;4;7;63;10.4
10;4;10;393;15.0
10;4;13;541;18.9
10;4;16;380;20.0
10;4;19;56;17.8
10;4;22;0;15.3
11;4;1;0;13.4
11;4;4;0;12.4
11;4;7;50;13.1
11;4;10;292;16.4
11;4;13;421;18.9
11;4;16;466;20.9
11;4;19;87;20.2
11;4;22;0;16.4
12;4;1;0;11.9
12;4;4;0;8.2
12;4;7;67;8.1
12;4;10;384;11.5
12;4;13;487;13.8
12;4;16;354;14.2
12;4;19;57;12.3
12;4;22;0;8.7
13;4;1;0;5.6
13;4;4;0;4.2
13;4;7;49;4.6
13;4;10;283;7.7
13;4;13;420;10.4
13;4;16;304;11.3
13;4;19;53;9.7
13;4;22;0;7.9
14;4;1;0;6.7
14;4;4;0;6.3
14;4;7;8;6.4
14;4;10;84;7.5
14;4;13;220;9.6
14;4;16;216;10.7
14;4;19;41;10.3
14;4;22;0;8.1
15;4;1;0;6.1
15;4;4;0;4.3
15;4;7;37;4.3
15;4;10;208;6.5
15;4;13;251;7.5
15;4;16;189;7.8
15;4;19;22;6.5
15;4;22;0;4.0
16;4;1;0;2.0
16;4;4;0;0.6
16;4;7;76;1.4
16;4;10;400;5.8
16;4;13;532;9.1
16;4;16;378;10.1
16;4;19;58;7.9
16;4;22;0;5.7
17;4;1;0;4.3
17;4;4;0;3.6
17;4;7;52;4.6
17;4;10;287;7.9
17;4;13;337;10.1
17;4;16;225;10.7
17;4;19;39;9.3
17;4;22;0;6.1
18;4;1;0;2.5
18;4;4;0;-0.2
18;4;7;85;0.4
18;4;10;331;3.7
18;4;13;519;6.8
18;4;16;399;7.9
18;4;19;112;6.3
18;4;22;0;2.3
19;4;1;0;-1.7
19;4;4;0;-4.0
19;4;7;113;-2.8
19;4;10;508;2.7
19;4;13;692;6.9
19;4;16;521;8.3
19;4;19;107;5.7
19;4;22;0;1.7
20;4;1;0;-1.5
20;4;4;0;-3.1
20;4;7;127;-1.5
20;4;10;557;4.8
20;4;13;745;9.6
20;4;16;539;11.0
20;4;19;110;8.1
20;4;22;0;3.6
21;4;1;0;-0.2
21;4;4;0;-2.6
21;4;7;118;-1.4
21;4;10;499;3.9
21;4;13;680;7.8
21;4;16;475;8.9
21;4;19;97;6.2
21;4;22;0;2.9
22;4;1;0;0.7
22;4;4;0;0.1
22;4;7;54;1.1
22;4;10;265;3.4
22;4;13;518;6.2
22;4;16;560;10.4
22;4;19;81;9.6
22;4;22;0;7.1
23;4;1;0;4.7
23;4;4;0;2.8
23;4;7;61;3.4
23;4;10;281;6.5
23;4;13;355;9.2
23;4;16;371;10.4
23;4;19;128;9.4
23;4;22;0;6.1
24;4;1;0;3.0
24;4;4;0;1.4
24;4;7;11;1.4
24;4;10;46;1.9
24;4;13;412;4.5
24;4;16;549;8.6
24;4;19;131;8.7
24;4;22;0;6.8
25;4;1;0;5.2
25;4;4;0;4.0
25;4;7;106;5.5
25;4;10;422;10.0
25;4;13;513;13.0
25;4;16;354;13.9
25;4;19;73;11.7
25;4;22;0;8.3
26;4;1;0;5.1
26;4;4;0;3.0
26;4;7;96;4.0
26;4;10;343;7.2
26;4;13;393;9.1
26;4;16;341;9.8
26;4;19;60;8.1
26;4;22;0;5.9
27;4;1;0;4.9
27;4;4;0;4.9
27;4;7;80;6.4
27;4;10;301;10.3
27;4;13;418;13.6
27;4;16;268;14.2
27;4;19;60;12.4
27;4;22;0;8.7
28;4;1;0;3.9
28;4;4;0;0.0
28;4;7;139;1.6
28;4;10;512;6.5
28;4;13;707;10.9
28;4;16;544;12.6
28;4;19;131;10.4
28;4;22;0;4.9
29;4;1;0;-0.5
29;4;4;0;-3.3
29;4;7;153;-1.5
29;4;10;541;4.0
29;4;13;621;7.3
29;4;16;439;8.3
29;4;19;105;6.0
29;4;22;0;2.4
30;4;1;0;-0.2
30;4;4;0;-1.0
30;4;7;50;-0.4
30;4;10;182;1.3
30;4;13;224;2.8
30;4;16;157;3.1
30;4;19;35;2.2
30;4;22;0;2.1
1;5;1;0;2.8
1;5;4;0;3.3
1;5;7;120;4.9
1;5;10;428;9.3
1;5;13;548;13.0
1;5;16;479;15.1
1;5;19;156;14.3
1;5;22;0;11.1
2;5;1;0;8.1
2;5;4;0;6.1
2;5;7;159;7.8
2;5;10;541;12.4
2;5;13;698;16.1
2;5;16;521;17.4
2;5;19;135;15.5
2;5;22;0;11.9
3;5;1;0;8.8
3;5;4;0;7.4
3;5;7;213;9.7
3;5;10;664;15.2
3;5;13;417;17.0
3;5;16;308;16.4
3;5;19;73;14.1
3;5;22;0;10.5
4;5;1;0;6.8
4;5;4;0;4.8
4;5;7;189;6.9
4;5;10;603;12.1
4;5;13;781;16.2
4;5;16;583;17.7
4;5;19;161;15.6
4;5;22;0;11.8
5;5;1;0;9.0
5;5;4;0;7.8
5;5;7;155;9.6
5;5;10;495;14.0
5;5;13;632;17.5
5;5;16;465;18.7
5;5;19;128;16.9
5;5;22;0;13.9
6;5;1;0;11.8
6;5;4;0;11.0
6;5;7;58;11.5
6;5;10;215;14.2
6;5;13;257;15.4
6;5;16;375;16.6
6;5;19;183;17.0
6;5;22;0;14.2
7;5;1;0;9.1
7;5;4;0;5.8
7;5;7;156;7.2
7;5;10;556;11.3
7;5;13;684;14.2
7;5;16;467;14.9
7;5;19;82;12.5
7;5;22;0;9.2
8;5;1;0;6.0
8;5;4;0;4.9
8;5;7;136;6.5
8;5;10;126;7.1
8;5;13;529;9.8
8;5;16;267;11.3
8;5;19;13;10.1
8;5;22;0;7.7
9;5;1;0;3.7
9;5;4;0;0.9
9;5;7;182;2.9
9;5;10;548;7.2
9;5;13;702;10.6
9;5;16;523;11.7
9;5;19;152;9.8
9;5;22;0;6.3
10;5;1;0;3.5
10;5;4;0;2.6
10;5;7;112;3.5
10;5;10;256;6.3
10;5;13;303;7.3
10;5;16;50;6.7
10;5;19;73;4.9
10;5;22;0;4.5
11;5;1;0;3.7
11;5;4;0;3.4
11;5;7;233;6.4
11;5;10;619;12.1
11;5;13;424;14.0
11;5;16;316;13.5
11;5;19;122;11.7
11;5;22;0;8.0
12;5;1;0;3.2
12;5;4;0;0.2
12;5;7;242;2.2
12;5;10;667;6.2
12;5;13;415;7.2
12;5;16;303;6.3
12;5;19;107;4.4
12;5;22;0;1.6
13;5;1;0;-0.2
13;5;4;0;0.0
13;5;7;232;3.3
13;5;10;665;9.7
13;5;13;838;14.7
13;5;16;638;16.5
13;5;19;200;14.3
13;5;22;0;9.5
14;5;1;0;4.2
14;5;4;0;0.9
14;5;7;219;3.3
14;5;10;619;8.1
14;5;13;775;11.7
14;5;16;596;12.8
14;5;19;190;10.8
14;5;22;0;7.1
15;5;1;0;5.1
15;5;4;0;4.9
15;5;7;219;8.1
15;5;10;606;13.7
15;5;13;773;18.2
15;5;16;576;19.8
15;5;19;174;17.7
15;5;22;0;13.1
16;5;1;0;7.7
16;5;4;0;4.3
16;5;7;229;6.9
16;5;10;653;12.1
16;5;13;832;16.1
16;5;16;640;17.4
16;5;19;204;15.3
16;5;22;0;10.6
17;5;1;0;5.7
17;5;4;0;3.5
17;5;7;231;6.4
17;5;10;639;11.7
17;5;13;796;15.7
17;5;16;600;17.0
17;5;19;193;14.9
17;5;22;0;10.7
18;5;1;0;7.2
18;5;4;0;5.7
18;5;7;156;7.6
18;5;10;403;10.8
18;5;13;500;13.1
18;5;16;321;13.5
18;5;19;80;11.7
18;5;22;0;9.6
19;5;1;0;8.3
19;5;4;0;8.5
19;5;7;119;10.2
19;5;10;347;13.2
19;5;13;442;15.9
19;5;16;309;16.7
19;5;19;111;15.6
19;5;22;0;14.3
20;5;1;0;15.1
20;5;4;0;15.7
20;5;7;98;17.5
20;5;10;254;20.8
20;5;13;386;22.8
20;5;16;463;24.8
20;5;19;245;25.4
20;5;22;0;22.1
21;5;1;0;16.8
21;5;4;0;12.9
21;5;7;241;15.6
21;5;10;619;20.1
21;5;13;775;23.5
21;5;16;577;24.5
21;5;19;186;22.4
21;5;22;0;18.0
22;5;1;0;13.4
22;5;4;0;11.5
22;5;7;269;14.6
22;5;10;714;19.7
22;5;13;381;20.8
22;5;16;258;19.4
22;5;19;100;17.3
22;5;22;0;14.7
23;5;1;0;12.3
23;5;4;0;11.3
23;5;7;272;14.9
23;5;10;723;20.8
23;5;13;477;22.7
23;5;16;375;22.3
23;5;19;115;19.8
23;5;22;0;16.1
24;5;1;0;12.4
24;5;4;0;10.7
24;5;7;122;12.1
24;5;10;142;13.4
24;5;13;402;15.8
24;5;16;391;17.4
24;5;19;272;17.6
24;5;22;0;15.3
25;5;1;0;12.7
25;5;4;0;11.4
25;5;7;162;13.5
25;5;10;375;16.4
25;5;13;446;18.4
25;5;16;349;19.0
25;5;19;107;17.6
25;5;22;0;15.4
26;5;1;0;14.0
26;5;4;0;12.7
26;5;7;88;15.3
26;5;10;232;17.2
26;5;13;215;18.1
26;5;16;213;18.6
26;5;19;146;18.7
26;5;22;0;17.3
27;5;1;0;15.7
27;5;4;0;16.2
27;5;7;61;17.4
27;5;10;126;18.6
27;5;13;153;19.5
27;5;16;121;19.7
27;5;19;35;19.2
27;5;22;0;18.2
28;5;1;0;16.8
28;5;4;0;16.2
28;5;7;213;19.0
28;5;10;547;23.3
28;5;13;671;26.4
28;5;16;492;27.5
28;5;19;162;26.3
28;5;22;0;22.5
29;5;1;0;15.7
29;5;4;0;10.4
29;5;7;255;13.1
29;5;10;645;17.3
29;5;13;767;20.2
29;5;16;581;20.9
29;5;19;191;18.7
29;5;22;0;14.4
30;5;1;0;10.5
30;5;4;0;9.6
30;5;7;86;10.8
30;5;10;524;15.0
30;5;13;591;19.4
30;5;16;142;19.1
30;5;19;84;17.3
30;5;22;0;14.9
31;5;1;0;12.3
31;5;4;0;10.4
31;5;7;23;11.3
31;5;10;57;13.0
31;5;13;737;16.9
31;5;16;765;20.1
31;5;19;21;19.5
31;5;22;0;16.6
1;6;1;0;12.0
1;6;4;0;8.9
1;6;7;92;10.0
1;6;10;560;13.6
1;6;13;277;16.4
1;6;16;311;16.6
1;6;19;250;16.7
1;6;22;0;13.8
2;6;1;0;9.7
2;6;4;0;7.4
2;6;7;255;10.3
2;6;10;612;15.0
2;6;13;742;18.8
2;6;16;576;20.3
2;6;19;194;18.8
2;6;22;0;14.7
3;6;1;0;9.4
3;6;4;0;6.2
3;6;7;270;9.4
3;6;10;671;14.6
3;6;13;828;18.9
3;6;16;655;20.6
3;6;19;253;19.3
3;6;22;0;14.4
4;6;1;0;7.9
4;6;4;0;3.9
4;6;7;260;6.6
4;6;10;631;11.1
4;6;13;795;14.8
4;6;16;610;16.2
4;6;19;235;14.8
4;6;22;0;10.8
5;6;1;0;6.7
5;6;4;0;5.0
5;6;7;278;8.2
5;6;10;684;13.6
5;6;13;864;18.0
5;6;16;683;19.9
5;6;19;266;18.6
5;6;22;0;13.8
6;6;1;0;7.8
6;6;4;0;4.2
6;6;7;277;7.4
6;6;10;692;12.6
6;6;13;855;16.9
6;6;16;666;18.6
6;6;19;248;17.1
6;6;22;0;13.3
7;6;1;0;10.5
7;6;4;0;9.7
7;6;7;90;10.5
7;6;10;135;11.8
7;6;13;237;12.8
7;6;16;205;13.7
7;6;19;92;13.6
7;6;22;0;11.9
8;6;1;0;8.1
8;6;4;0;6.3
8;6;7;55;6.8
8;6;10;260;9.3
8;6;13;455;11.7
8;6;16;401;13.2
8;6;19;121;12.6
8;6;22;0;10.8
9;6;1;0;8.7
9;6;4;0;7.4
9;6;7;148;9.1
9;6;10;343;11.8
9;6;13;454;14.2
9;6;16;325;15.0
9;6;19;105;13.9
9;6;22;0;11.3
10;6;1;0;7.3
10;6;4;0;4.6
10;6;7;287;8.0
10;6;10;695;13.3
10;6;13;856;17.6
10;6;16;668;19.3
10;6;19;257;17.8
10;6;22;0;13.5
11;6;1;0;8.9
11;6;4;0;6.4
11;6;7;287;9.7
11;6;10;696;15.1
11;6;13;874;19.5
11;6;16;690;21.3
11;6;19;266;19.8
11;6;22;0;16.0
12;6;1;0;12.1
12;6;4;0;10.4
12;6;7;165;12.5
12;6;10;377;15.7
12;6;13;416;18.0
12;6;16;369;19.2
12;6;19;165;18.4
12;6;22;0;16.2
13;6;1;0;12.7
13;6;4;0;10.8
13;6;7;250;13.7
13;6;10;610;18.5
13;6;13;764;22.3
13;6;16;604;24.0
13;6;19;241;22.8
13;6;22;0;19.4
14;6;1;0;13.3
14;6;4;0;9.6
14;6;7;300;12.9
14;6;10;733;18.3
14;6;13;510;20.4
14;6;16;412;20.3
14;6;19;161;18.3
14;6;22;0;15.3
15;6;1;0;14.2
15;6;4;0;14.7
15;6;7;48;15.3
15;6;10;164;16.5
15;6;13;203;17.7
15;6;16;142;18.2
15;6;19;52;17.6
15;6;22;0;16.7
16;6;1;0;13.4
16;6;4;0;10.6
16;6;7;117;12.2
16;6;10;694;17.4
16;6;13;585;20.2
16;6;16;57;19.0
16;6;19;173;17.4
16;6;22;0;15.4
17;6;1;0;12.2
17;6;4;0;10.0
17;6;7;175;11.7
17;6;10;775;16.5
17;6;13;313;18.0
17;6;16;360;18.7
17;6;19;52;16.9
17;6;22;0;14.5
18;6;1;0;14.4
18;6;4;0;16.8
18;6;7;24;17.0
18;6;10;58;17.6
18;6;13;70;18.0
18;6;16;54;18.0
18;6;19;22;17.8
18;6;22;0;17.8
19;6;1;0;16.2
19;6;4;0;15.2
19;6;7;266;18.1
19;6;10;651;22.6
19;6;13;830;26.5
19;6;16;667;28.4
19;6;19;271;27.6
19;6;22;0;24.9
20;6;1;0;19.5
20;6;4;0;15.1
20;6;7;242;18.0
20;6;10;537;21.9
20;6;13;719;25.2
20;6;16;556;26.7
20;6;19;242;25.8
20;6;22;0;22.7
21;6;1;0;19.2
21;6;4;0;17.5
21;6;7;143;18.9
21;6;10;283;20.9
21;6;13;146;21.8
21;6;16;435;23.3
21;6;19;123;23.2
21;6;22;0;21.7
22;6;1;0;18.4
22;6;4;0;16.5
22;6;7;151;18.4
22;6;10;102;19.2
22;6;13;125;19.6
22;6;16;345;20.8
22;6;19;84;20.6
22;6;22;0;19.4
23;6;1;0;15.9
23;6;4;0;13.7
23;6;7;283;16.8
23;6;10;681;21.9
23;6;13;480;23.9
23;6;16;390;23.9
23;6;19;153;22.1
23;6;22;0;19.3
24;6;1;0;15.7
24;6;4;0;14.1
24;6;7;189;16.6
24;6;10;201;17.8
24;6;13;706;21.2
24;6;16;350;21.8
24;6;19;161;21.3
24;6;22;0;19.5
25;6;1;0;16.5
25;6;4;1;14.9
25;6;7;258;17.7
25;6;10;435;20.6
25;6;13;629;23.4
25;6;16;358;24.6
25;6;19;163;23.6
25;6;22;0;21.1
26;6;1;0;15.8
26;6;4;0;12.6
26;6;7;207;15.1
26;6;10;320;17.9
26;6;13;324;18.8
26;6;16;381;19.5
26;6;19;208;19.6
26;6;22;0;17.7
27;6;1;0;13.8
27;6;4;0;12.1
27;6;7;270;14.0
27;6;10;451;17.7
27;6;13;575;20.4
27;6;16;56;18.1
27;6;19;22;16.5
27;6;22;0;14.9
28;6;1;0;12.9
28;6;4;0;10.7
28;6;7;196;13.3
28;6;10;356;15.8
28;6;13;364;17.6
28;6;16;255;17.6
28;6;19;198;17.8
28;6;22;1;15.9
29;6;1;0;9.6
29;6;4;0;5.8
29;6;7;266;8.9
29;6;10;657;14.0
29;6;13;827;18.1
29;6;16;661;19.9
29;6;19;271;18.6
29;6;22;0;14.9
30;6;1;0;11.4
30;6;4;0;9.7
30;6;7;283;12.9
30;6;10;630;18.3
30;6;13;293;19.0
30;6;16;260;18.4
30;6;19;306;18.3
30;6;22;0;15.6
1;7;1;0;12.0
1;7;4;0;10.8
1;7;7;308;14.3
1;7;10;725;19.8
1;7;13;506;21.6
1;7;16;482;22.4
1;7;19;163;20.6
1;7;22;0;17.3
2;7;1;0;15.2
2;7;4;0;14.8
2;7;7;309;17.5
2;7;10;483;20.7
2;7;13;526;22.7
2;7;16;129;21.4
2;7;19;23;19.9
2;7;22;0;18.3
3;7;1;0;14.7
3;7;4;0;12.0
3;7;7;247;15.0
3;7;10;631;20.2
3;7;13;803;24.6
3;7;16;639;26.5
3;7;19;263;25.3
3;7;22;0;21.6
4;7;1;0;14.7
4;7;4;0;10.7
4;7;7;294;14.0
4;7;10;771;19.6
4;7;13;366;21.0
4;7;16;312;19.9
4;7;19;186;18.4
4;7;22;0;15.8
5;7;1;0;11.8
5;7;4;0;9.9
5;7;7;238;12.8
5;7;10;570;17.6
5;7;13;707;21.3
5;7;16;601;23.1
5;7;19;238;22.1
5;7;22;0;18.7
6;7;1;0;12.4
6;7;4;0;8.5
6;7;7;243;10.7
6;7;10;617;14.8
6;7;13;764;18.1
6;7;16;621;19.3
6;7;19;263;18.1
6;7;22;0;14.7
7;7;1;0;11.7
7;7;4;0;11.4
7;7;7;282;14.6
7;7;10;547;19.4
7;7;13;644;22.3
7;7;16;453;23.1
7;7;19;182;21.6
7;7;22;0;18.5
8;7;1;0;16.5
8;7;4;0;16.1
8;7;7;22;16.8
8;7;10;56;17.4
8;7;13;408;20.4
8;7;16;634;23.6
8;7;19;314;25.1
8;7;22;0;23.6
9;7;1;0;21.1
9;7;4;0;19.3
9;7;7;81;19.9
9;7;10;479;23.3
9;7;13;547;25.6
9;7;16;315;26.3
9;7;19;117;24.5
9;7;22;0;22.7
10;7;1;0;17.7
10;7;4;0;14.6
10;7;7;242;17.5
10;7;10;619;21.9
10;7;13;799;25.3
10;7;16;653;26.6
10;7;19;257;25.0
10;7;22;0;21.3
11;7;1;0;15.6
11;7;4;0;12.9
11;7;7;244;15.8
11;7;10;636;20.4
11;7;13;796;23.9
11;7;16;617;25.0
11;7;19;238;23.3
11;7;22;0;19.0
12;7;1;0;14.6
12;7;4;0;12.6
12;7;7;226;15.4
12;7;10;590;19.8
12;7;13;775;23.4
12;7;16;599;24.7
12;7;19;225;23.1
12;7;22;0;19.3
13;7;1;0;15.6
13;7;4;0;14.0
13;7;7;208;16.7
13;7;10;498;20.5
13;7;13;699;23.6
13;7;16;500;24.7
13;7;19;221;23.5
13;7;22;0;19.4
14;7;1;0;13.6
14;7;4;0;10.2
14;7;7;246;12.5
14;7;10;660;16.4
14;7;13;841;19.5
14;7;16;652;20.3
14;7;19;238;18.4
14;7;22;0;14.2
15;7;1;0;10.3
15;7;4;0;8.9
15;7;7;212;10.8
15;7;10;556;14.2
15;7;13;635;16.4
15;7;16;635;17.4
15;7;19;273;16.2
15;7;22;0;13.3
16;7;1;0;12.4
16;7;4;0;13.5
16;7;7;57;14.5
16;7;10;161;16.2
16;7;13;199;17.5
16;7;16;158;18.0
16;7;19;60;17.4
16;7;22;0;16.4
17;7;1;0;15.0
17;7;4;0;13.6
17;7;7;172;15.7
17;7;10;492;19.3
17;7;13;528;21.8
17;7;16;474;22.7
17;7;19;150;21.3
17;7;22;0;18.7
18;7;1;0;17.1
18;7;4;0;16.6
18;7;7;159;18.9
18;7;10;358;21.2
18;7;13;631;24.5
18;7;16;474;25.9
18;7;19;20;23.9
18;7;22;0;21.4
19;7;1;0;18.5
19;7;4;0;16.6
19;7;7;161;18.4
19;7;10;483;22.1
19;7;13;629;25.2
19;7;16;505;26.2
19;7;19;179;25.1
19;7;22;0;21.1
20;7;1;0;15.4
20;7;4;0;12.1
20;7;7;233;14.5
20;7;10;643;19.0
20;7;13;813;22.4
20;7;16;639;23.6
20;7;19;228;21.7
20;7;22;0;18.3
21;7;1;0;16.8
21;7;4;0;17.1
21;7;7;226;20.0
21;7;10;644;25.4
21;7;13;835;29.7
21;7;16;673;31.6
21;7;19;254;30.3
21;7;22;0;27.1
22;7;1;0;25.1
22;7;4;0;23.8
22;7;7;37;24.1
22;7;10;109;24.6
22;7;13;111;24.8
22;7;16;85;24.6
22;7;19;36;24.0
22;7;22;0;22.4
23;7;1;0;22.1
23;7;4;0;22.1
23;7;7;25;22.3
23;7;10;79;23.1
23;7;13;98;23.7
23;7;16;85;23.9
23;7;19;30;23.6
23;7;22;0;22.7
24;7;1;0;20.6
24;7;4;0;17.8
24;7;7;241;20.0
24;7;10;721;24.5
24;7;13;427;25.9
24;7;16;299;25.2
24;7;19;76;23.0
24;7;22;0;20.1
25;7;1;0;17.1
25;7;4;0;16.0
25;7;7;118;17.7
25;7;10;327;20.7
25;7;13;475;22.9
25;7;16;448;23.9
25;7;19;198;23.9
25;7;22;0;20.9
26;7;1;0;16.9
26;7;4;0;14.6
26;7;7;116;15.6
26;7;10;363;18.2
26;7;13;495;20.0
26;7;16;334;20.6
26;7;19;116;19.3
26;7;22;0;17.4
27;7;1;0;16.1
27;7;4;0;15.8
27;7;7;132;17.6
27;7;10;402;21.0
27;7;13;508;23.5
27;7;16;381;24.7
27;7;19;120;23.5
27;7;22;0;21.3
28;7;1;0;19.8
28;7;4;0;18.4
28;7;7;78;20.0
28;7;10;235;21.7
28;7;13;327;23.4
28;7;16;258;24.0
28;7;19;79;23.3
28;7;22;0;22.1
29;7;1;0;21.6
29;7;4;0;21.9
29;7;7;39;22.5
29;7;10;134;23.7
29;7;13;173;24.8
29;7;16;125;25.1
29;7;19;51;24.3
29;7;22;0;23.6
30;7;1;0;20.9
30;7;4;0;19.8
30;7;7;38;20.1
30;7;10;168;21.1
30;7;13;201;21.7
30;7;16;122;21.9
30;7;19;57;21.5
30;7;22;0;20.1
31;7;1;0;17.5
31;7;4;0;16.1
31;7;7;187;18.2
31;7;10;575;22.9
31;7;13;739;26.6
31;7;16;559;27.9
31;7;19;193;26.4
31;7;22;0;22.1
1;8;1;0;17.0
1;8;4;0;13.0
1;8;7;168;14.9
1;8;10;489;19.0
1;8;13;633;22.2
1;8;16;480;23.3
1;8;19;153;21.5
1;8;22;0;17.5
2;8;1;0;12.7
2;8;4;0;10.4
2;8;7;197;12.7
2;8;10;620;18.4
2;8;13;334;19.6
2;8;16;318;19.1
2;8;19;146;17.5
2;8;22;0;14.1
3;8;1;0;10.6
3;8;4;0;9.4
3;8;7;85;10.5
3;8;10;312;13.3
3;8;13;348;15.7
3;8;16;259;16.0
3;8;19;87;15.1
3;8;22;0;12.4
4;8;1;0;9.0
4;8;4;0;6.8
4;8;7;149;8.2
4;8;10;483;12.0
4;8;13;622;14.9
4;8;16;467;15.8
4;8;19;152;14.1
4;8;22;0;10.9
5;8;1;0;8.6
5;8;4;0;8.3
5;8;7;143;10.3
5;8;10;492;15.5
5;8;13;641;19.6
5;8;16;494;21.3
5;8;19;160;19.8
5;8;22;0;16.2
6;8;1;0;12.8
6;8;4;0;10.9
6;8;7;201;13.3
6;8;10;298;16.2
6;8;13;219;16.4
6;8;16;297;16.6
6;8;19;67;15.8
6;8;22;0;13.0
7;8;1;0;9.0
7;8;4;0;6.9
7;8;7;146;8.4
7;8;10;494;12.6
7;8;13;652;16.0
7;8;16;495;17.1
7;8;19;147;15.4
7;8;22;0;11.9
8;8;1;0;8.7
8;8;4;0;7.6
8;8;7;162;9.7
8;8;10;547;15.2
8;8;13;724;19.7
8;8;16;550;21.5
8;8;19;166;19.6
8;8;22;0;15.5
9;8;1;0;11.8
9;8;4;0;9.7
9;8;7;150;11.6
9;8;10;307;13.7
9;8;13;279;14.9
9;8;16;478;16.2
9;8;19;165;16.0
9;8;22;0;13.3
10;8;1;0;10.2
10;8;4;0;8.7
10;8;7;155;10.6
10;8;10;550;15.9
10;8;13;726;20.4
10;8;16;555;22.0
10;8;19;163;20.1
10;8;22;0;16.8
11;8;1;0;15.3
11;8;4;0;15.2
11;8;7;35;15.8
11;8;10;333;19.6
11;8;13;323;21.6
11;8;16;123;22.0
11;8;19;138;20.6
11;8;22;0;18.7
12;8;1;0;15.9
12;8;4;0;13.9
12;8;7;145;15.5
12;8;10;518;20.3
12;8;13;679;24.2
12;8;16;441;25.5
12;8;19;127;23.5
12;8;22;0;19.8
13;8;1;0;16.3
13;8;4;0;14.6
13;8;7;58;15.1
13;8;10;266;17.3
13;8;13;358;19.5
13;8;16;310;20.4
13;8;19;47;19.6
13;8;22;0;17.5
14;8;1;0;15.6
14;8;4;0;14.8
14;8;7;102;16.3
14;8;10;72;16.7
14;8;13;565;20.3
14;8;16;579;24.5
14;8;19;150;23.5
14;8;22;0;21.2
15;8;1;0;19.6
15;8;4;0;18.3
15;8;7;22;18.2
15;8;10;95;18.5
15;8;13;118;19.0
15;8;16;80;19.0
15;8;19;19;18.4
15;8;22;0;17.0
16;8;1;0;16.5
16;8;4;0;16.0
16;8;7;37;16.4
16;8;10;142;17.8
16;8;13;208;19.0
16;8;16;149;19.3
16;8;19;40;18.6
16;8;22;0;17.4
17;8;1;0;17.6
17;8;4;0;17.5
17;8;7;72;18.1
17;8;10;222;21.1
17;8;13;381;23.5
17;8;16;232;24.2
17;8;19;49;23.2
17;8;22;0;21.3
18;8;1;0;19.5
18;8;4;0;18.2
18;8;7;102;19.3
18;8;10;543;24.6
18;8;13;850;27.1
18;8;16;286;27.0
18;8;19;35;24.3
18;8;22;0;21.9
19;8;1;0;19.8
19;8;4;0;18.7
19;8;7;89;19.8
19;8;10;475;24.0
19;8;13;578;27.6
19;8;16;489;29.1
19;8;19;123;27.5
19;8;22;0;23.7
20;8;1;0;19.6
20;8;4;0;16.6
20;8;7;127;17.5
20;8;10;539;22.3
20;8;13;730;26.0
20;8;16;553;27.1
20;8;19;137;24.8
20;8;22;0;20.6
21;8;1;0;16.9
21;8;4;0;15.3
21;8;7;50;15.5
21;8;10;253;17.6
21;8;13;369;19.5
21;8;16;235;20.0
21;8;19;42;18.8
21;8;22;0;15.7
22;8;1;0;11.9
22;8;4;0;9.3
22;8;7;114;10.1
22;8;10;484;14.5
22;8;13;663;17.8
22;8;16;468;18.5
22;8;19;112;16.3
22;8;22;0;12.9
23;8;1;0;10.1
23;8;4;0;9.0
23;8;7;88;10.0
23;8;10;426;14.3
23;8;13;649;18.2
23;8;16;510;20.0
23;8;19;125;18.1
23;8;22;0;15.6
24;8;1;0;13.9
24;8;4;0;13.3
24;8;7;25;13.6
24;8;10;171;15.4
24;8;13;203;16.6
24;8;16;483;19.4
24;8;19;105;19.3
24;8;22;0;18.0
25;8;1;0;17.1
25;8;4;0;16.4
25;8;7;87;17.6
25;8;10;222;20.6
25;8;13;201;21.6
25;8;16;358;22.2
25;8;19;106;21.9
25;8;22;0;19.2
26;8;1;0;16.4
26;8;4;0;14.6
26;8;7;61;15.0
26;8;10;258;17.1
26;8;13;368;18.7
26;8;16;231;19.0
26;8;19;41;17.7
26;8;22;0;15.7
27;8;1;0;14.0
27;8;4;0;13.2
27;8;7;99;14.4
27;8;10;485;19.5
27;8;13;660;23.6
27;8;16;477;24.9
27;8;19;95;22.7
27;8;22;0;19.2
28;8;1;0;16.1
28;8;4;0;14.0
28;8;7;92;14.7
28;8;10;431;18.7
28;8;13;565;21.6
28;8;16;407;22.4
28;8;19;70;20.4
28;8;22;0;17.1
29;8;1;0;14.1
29;8;4;0;12.4
29;8;7;78;13.0
29;8;10;384;16.6
29;8;13;489;19.1
29;8;16;342;19.7
29;8;19;56;17.8
29;8;22;0;15.8
30;8;1;0;14.5
30;8;4;0;14.2
30;8;7;45;14.8
30;8;10;241;16.3
30;8;13;321;19.1
30;8;16;197;19.6
30;8;19;24;18.3
30;8;22;0;17.1
31;8;1;0;16.2
31;8;4;0;15.6
31;8;7;74;16.6
31;8;10;339;20.6
31;8;13;563;24.1
31;8;16;419;25.4
31;8;19;86;24.0
31;8;22;0;20.2
1;9;1;0;16.5
1;9;4;0;13.3
1;9;7;48;13.4
1;9;10;275;16.3
1;9;13;406;18.1
1;9;16;176;18.8
1;9;19;25;16.5
1;9;22;0;13.8
2;9;1;0;11.3
2;9;4;0;9.9
2;9;7;96;11.5
2;9;10;230;16.0
2;9;13;569;20.3
2;9;16;417;22.1
2;9;19;82;19.6
2;9;22;0;16.6
3;9;1;0;14.5
3;9;4;0;13.5
3;9;7;26;13.9
3;9;10;39;15.1
3;9;13;198;16.8
3;9;16;264;19.3
3;9;19;67;19.5
3;9;22;0;17.7
4;9;1;0;16.4
4;9;4;0;15.5
4;9;7;7;15.5
4;9;10;92;17.6
4;9;13;353;20.6
4;9;16;496;23.5
4;9;19;43;23.5
4;9;22;0;20.4
5;9;1;0;17.1
5;9;4;0;15.1
5;9;7;6;14.8
5;9;10;38;16.4
5;9;13;330;18.5
5;9;16;508;21.8
5;9;19;66;21.6
5;9;22;0;18.1
6;9;1;0;14.1
6;9;4;0;11.3
6;9;7;37;11.4
6;9;10;192;14.2
6;9;13;474;18.3
6;9;16;331;20.0
6;9;19;62;18.1
6;9;22;0;14.4
7;9;1;0;11.0
7;9;4;0;9.2
7;9;7;43;9.4
7;9;10;247;12.1
7;9;13;335;14.4
7;9;16;155;14.7
7;9;19;4;12.4
7;9;22;0;11.1
8;9;1;0;10.3
8;9;4;0;10.3
8;9;7;24;10.9
8;9;10;170;13.7
8;9;13;270;16.5
8;9;16;176;17.5
8;9;19;3;15.5
8;9;22;0;13.3
9;9;1;0;10.4
9;9;4;0;8.1
9;9;7;27;8.0
9;9;10;219;10.3
9;9;13;268;12.4
9;9;16;183;12.9
9;9;19;3;11.5
9;9;22;0;7.9
10;9;1;0;4.8
10;9;4;0;2.9
10;9;7;37;3.3
10;9;10;298;7.5
10;9;13;566;12.4
10;9;16;452;15.3
10;9;19;32;12.9
10;9;22;0;9.1
11;9;1;0;5.6
11;9;4;0;3.2
11;9;7;52;3.5
11;9;10;387;8.6
11;9;13;423;11.0
11;9;16;289;11.5
11;9;19;3;8.9
11;9;22;0;5.9
12;9;1;0;3.4
12;9;4;0;2.3
12;9;7;24;2.5
12;9;10;211;5.7
12;9;13;506;11.3
12;9;16;326;13.3
12;9;19;7;11.3
12;9;22;0;9.1
13;9;1;0;7.0
13;9;4;0;5.6
13;9;7;18;5.5
13;9;10;201;7.9
13;9;13;266;9.9
13;9;16;165;10.2
13;9;19;2;8.4
13;9;22;0;9.3
14;9;1;0;10.2
14;9;4;0;11.1
14;9;7;22;11.3
14;9;10;75;14.1
14;9;13;173;15.9
14;9;16;138;17.3
14;9;19;7;16.4
14;9;22;0;14.4
15;9;1;0;12.0
15;9;4;0;9.0
15;9;7;29;8.7
15;9;10;379;14.5
15;9;13;351;17.3
15;9;16;282;16.8
15;9;19;11;14.1
15;9;22;0;10.7
16;9;1;0;7.7
16;9;4;0;6.1
16;9;7;19;6.1
16;9;10;415;13.2
16;9;13;591;18.2
16;9;16;391;19.4
16;9;19;7;15.5
16;9;22;0;11.1
17;9;1;0;6.8
17;9;4;0;2.9
17;9;7;16;1.7
17;9;10;352;6.0
17;9;13;522;9.0
17;9;16;338;9.3
17;9;19;11;6.3
17;9;22;0;5.3
18;9;1;0;5.3
18;9;4;0;7.1
18;9;7;6;8.1
18;9;10;215;12.7
18;9;13;275;16.0
18;9;16;175;16.6
18;9;19;1;14.4
18;9;22;0;12.4
19;9;1;0;9.7
19;9;4;0;6.5
19;9;7;14;5.7
19;9;10;406;11.9
19;9;13;592;16.5
19;9;16;380;17.3
19;9;19;4;13.5
19;9;22;0;10.1
20;9;1;0;7.1
20;9;4;0;5.0
20;9;7;12;4.6
20;9;10;365;10.5
20;9;13;517;14.8
20;9;16;355;15.8
20;9;19;4;12.2
20;9;22;0;10.9
21;9;1;0;10.0
21;9;4;0;9.9
21;9;7;3;10.0
21;9;10;102;11.8
21;9;13;148;13.1
21;9;16;88;13.5
21;9;19;1;12.5
21;9;22;0;10.6
22;9;1;0;9.9
22;9;4;0;8.9
22;9;7;2;8.5
22;9;10;53;9.0
22;9;13;71;9.2
22;9;16;42;8.7
22;9;19;1;8.7
22;9;22;0;7.0
23;9;1;0;8.1
23;9;4;0;8.3
23;9;7;3;8.8
23;9;10;62;10.1
23;9;13;70;10.9
23;9;16;252;14.4
23;9;19;1;13.5
23;9;22;0;13.1
24;9;1;0;12.5
24;9;4;0;11.8
24;9;7;2;11.7
24;9;10;99;13.3
24;9;13;286;15.2
24;9;16;295;18.9
24;9;19;0;17.2
24;9;22;0;15.4
25;9;1;0;13.4
25;9;4;0;11.4
25;9;7;2;10.7
25;9;10;197;13.5
25;9;13;310;15.9
25;9;16;159;16.0
25;9;19;0;14.3
25;9;22;0;11.6
26;9;1;0;9.0
26;9;4;0;7.0
26;9;7;2;6.3
26;9;10;236;10.1
26;9;13;334;12.5
26;9;16;198;12.8
26;9;19;0;10.7
26;9;22;0;8.8
27;9;1;0;7.2
27;9;4;0;6.3
27;9;7;9;6.4
27;9;10;316;10.2
27;9;13;171;12.2
27;9;16;182;13.0
27;9;19;0;10.5
27;9;22;0;7.9
28;9;1;0;5.2
28;9;4;0;2.7
28;9;7;3;1.8
28;9;10;316;6.5
28;9;13;505;10.4
28;9;16;271;10.9
28;9;19;0;7.6
28;9;22;0;6.3
29;9;1;0;5.3
29;9;4;0;5.1
29;9;7;3;5.2
29;9;10;367;11.5
29;9;13;508;16.3
29;9;16;281;16.9
29;9;19;0;13.3
29;9;22;0;11.6
30;9;1;0;9.8
30;9;4;0;8.2
30;9;7;1;7.8
30;9;10;112;9.8
30;9;13;355;13.2
30;9;16;247;14.7
30;9;19;0;12.9
30;9;22;0;9.3
1;10;1;0;4.5
1;10;4;0;0.3
1;10;7;2;-1.4
1;10;10;347;4.8
1;10;13;518;9.9
1;10;16;297;10.5
1;10;19;0;6.4
1;10;22;0;2.8
2;10;1;0;-0.3
2;10;4;0;-1.9
2;10;7;1;-2.5
2;10;10;299;3.7
2;10;13;428;8.8
2;10;16;245;9.4
2;10;19;0;6.1
2;10;22;0;4.6
3;10;1;0;3.2
3;10;4;0;2.6
3;10;7;1;2.5
3;10;10;28;3.3
3;10;13;62;4.2
3;10;16;225;8.1
3;10;19;0;7.3
3;10;22;0;6.4
4;10;1;0;5.4
4;10;4;0;4.3
4;10;7;1;4.0
4;10;10;26;4.6
4;10;13;41;5.0
4;10;16;188;8.1
4;10;19;0;7.4
4;10;22;0;6.6
5;10;1;0;5.9
5;10;4;0;5.3
5;10;7;0;5.2
5;10;10;187;8.1
5;10;13;309;11.5
5;10;16;57;10.9
5;10;19;0;9.2
5;10;22;0;7.9
6;10;1;0;6.5
6;10;4;0;5.0
6;10;7;0;4.4
6;10;10;183;8.3
6;10;13;243;11.4
6;10;16;163;11.8
6;10;19;0;10.1
6;10;22;0;9.0
7;10;1;0;8.2
7;10;4;0;8.0
7;10;7;0;8.0
7;10;10;49;9.0
7;10;13;92;9.3
7;10;16;50;10.6
7;10;19;0;9.8
7;10;22;0;8.8
8;10;1;0;7.6
8;10;4;0;6.2
8;10;7;0;5.6
8;10;10;82;6.9
8;10;13;127;8.1
8;10;16;64;8.2
8;10;19;0;7.0
8;10;22;0;6.4
9;10;1;0;5.8
9;10;4;0;5.7
9;10;7;0;5.8
9;10;10;101;9.3
9;10;13;416;14.2
9;10;16;119;13.1
9;10;19;0;10.9
9;10;22;0;10.3
10;10;1;0;9.4
10;10;4;0;8.4
10;10;7;0;8.0
10;10;10;85;9.8
10;10;13;454;16.5
10;10;16;160;17.2
10;10;19;0;14.9
10;10;22;0;13.1
11;10;1;0;11.2
11;10;4;0;9.6
11;10;7;0;9.0
11;10;10;230;13.0
11;10;13;339;16.8
11;10;16;242;17.9
11;10;19;0;15.6
11;10;22;0;13.9
12;10;1;0;12.2
12;10;4;0;10.7
12;10;7;0;10.1
12;10;10;84;11.4
12;10;13;112;12.4
12;10;16;62;12.4
12;10;19;0;11.4
12;10;22;0;10.2
13;10;1;0;9.3
13;10;4;0;8.8
13;10;7;0;8.7
13;10;10;49;9.6
13;10;13;73;10.7
13;10;16;176;13.6
13;10;19;0;12.6
13;10;22;0;11.9
14;10;1;0;11.0
14;10;4;0;10.1
14;10;7;0;9.8
14;10;10;36;10.2
14;10;13;65;10.9
14;10;16;35;10.8
14;10;19;0;9.5
14;10;22;0;9.0
15;10;1;0;8.7
15;10;4;0;8.1
15;10;7;0;7.9
15;10;10;62;9.2
15;10;13;76;10.3
15;10;16;178;13.0
15;10;19;0;11.5
15;10;22;0;9.8
16;10;1;0;7.9
16;10;4;0;6.1
16;10;7;0;5.1
16;10;10;24;5.4
16;10;13;61;5.9
16;10;16;167;7.9
16;10;19;0;6.7
16;10;22;0;5.5
17;10;1;0;4.5
17;10;4;0;4.0
17;10;7;0;3.8
17;10;10;188;8.1
17;10;13;247;10.6
17;10;16;160;11.2
17;10;19;0;8.9
17;10;22;0;6.9
18;10;1;0;5.0
18;10;4;0;3.1
18;10;7;0;2.1
18;10;10;257;6.9
18;10;13;396;11.0
18;10;16;177;10.7
18;10;19;0;7.7
18;10;22;0;6.3
19;10;1;0;5.2
19;10;4;0;4.6
19;10;7;0;4.3
19;10;10;60;5.3
19;10;13;86;6.2
19;10;16;38;6.2
19;10;19;0;5.4
19;10;22;0;5.2
20;10;1;0;5.1
20;10;4;0;5.3
20;10;7;0;5.4
20;10;10;67;7.2
20;10;13;327;11.0
20;10;16;177;13.3
20;10;19;0;11.2
20;10;22;0;10.1
21;10;1;0;8.8
21;10;4;0;7.2
21;10;7;0;6.4
21;10;10;95;7.9
21;10;13;177;9.4
21;10;16;79;9.2
21;10;19;0;7.7
21;10;22;0;6.1
22;10;1;0;4.6
22;10;4;0;3.6
22;10;7;0;3.1
22;10;10;63;4.0
22;10;13;126;5.2
22;10;16;56;5.2
22;10;19;0;4.2
22;10;22;0;3.2
23;10;1;0;2.5
23;10;4;0;2.0
23;10;7;0;1.8
23;10;10;57;2.8
23;10;13;98;3.8
23;10;16;42;3.8
23;10;19;0;2.8
23;10;22;0;2.6
24;10;1;0;1.6
24;10;4;0;2.0
24;10;7;0;2.1
24;10;10;56;3.3
24;10;13;80;4.4
24;10;16;45;4.6
24;10;19;0;3.7
24;10;22;0;2.8
25;10;1;0;1.7
25;10;4;0;0.9
25;10;7;0;0.5
25;10;10;19;0.8
25;10;13;31;1.1
25;10;16;113;2.9
25;10;19;0;1.8
25;10;22;0;0.5
26;10;1;0;-0.8
26;10;4;0;-2.2
26;10;7;0;-2.9
26;10;10;99;-1.5
26;10;13;234;0.9
26;10;16;77;0.7
26;10;19;0;-0.6
26;10;22;0;-1.5
27;10;1;0;-2.2
27;10;4;0;-2.5
27;10;7;0;-2.6
27;10;10;138;0.2
27;10;13;206;2.6
27;10;16;80;2.8
27;10;19;0;1.0
27;10;22;0;-0.4
28;10;1;0;-2.0
28;10;4;0;-3.8
28;10;7;0;-4.7
28;10;10;185;-2.4
28;10;13;316;0.7
28;10;16;104;0.0
28;10;19;0;-1.4
28;10;22;0;-1.9
29;10;1;0;-2.0
29;10;4;0;-1.0
29;10;7;0;-0.4
29;10;10;202;3.0
29;10;13;141;5.2
29;10;16;10;2.9
29;10;19;0;2.6
29;10;22;0;2.9
30;10;1;0;2.8
30;10;4;0;2.0
30;10;7;0;1.6
30;10;10;63;2.5
30;10;13;123;3.5
30;10;16;46;3.5
30;10;19;0;2.4
30;10;22;0;1.1
31;10;1;0;0.3
31;10;4;0;-0.7
31;10;7;0;-1.1
31;10;10;124;0.8
31;10;13;200;2.9
31;10;16;79;2.9
31;10;19;0;1.1
31;10;22;0;-0.7
1;11;1;0;-4.1
1;11;4;0;-7.1
1;11;7;0;-9.2
1;11;10;63;-9.3
1;11;13;109;-9.4
1;11;16;35;-10.0
1;11;19;0;-10.7
1;11;22;0;-11.1
2;11;1;0;-10.8
2;11;4;0;-8.8
2;11;7;0;-7.7
2;11;10;97;-4.1
2;11;13;115;-0.8
2;11;16;27;-0.5
2;11;19;0;-1.7
2;11;22;0;-2.2
3;11;1;0;-3.2
3;11;4;0;-5.3
3;11;7;0;-6.3
3;11;10;128;-3.4
3;11;13;226;0.5
3;11;16;83;0.1
3;11;19;0;-2.2
3;11;22;0;-3.7
4;11;1;0;-5.1
4;11;4;0;-5.7
4;11;7;0;-6.1
4;11;10;166;-2.1
4;11;13;178;1.1
4;11;16;7;-0.8
4;11;19;0;-1.9
4;11;22;0;-2.1
5;11;1;0;-2.4
5;11;4;0;-2.5
5;11;7;0;-2.6
5;11;10;21;-2.1
5;11;13;44;-1.3
5;11;16;13;-1.4
5;11;19;0;-1.8
5;11;22;0;-1.9
6;11;1;0;-2.1
6;11;4;0;-2.1
6;11;7;0;-2.1
6;11;10;18;-1.8
6;11;13;35;-1.0
6;11;16;10;-0.9
6;11;19;0;-1.4
6;11;22;0;-1.8
7;11;1;0;-2.4
7;11;4;0;-3.4
7;11;7;0;-3.9
7;11;10;97;-1.4
7;11;13;223;2.9
7;11;16;44;1.9
7;11;19;0;0.8
7;11;22;0;0.8
8;11;1;0;0.8
8;11;4;0;1.1
8;11;7;0;1.3
8;11;10;35;2.4
8;11;13;67;4.0
8;11;16;16;4.0
8;11;19;0;3.3
8;11;22;0;2.8
9;11;1;0;2.2
9;11;4;0;1.5
9;11;7;0;1.2
9;11;10;151;4.5
9;11;13;215;7.5
9;11;16;28;5.9
9;11;19;0;4.8
9;11;22;0;4.6
10;11;1;0;4.4
10;11;4;0;4.2
10;11;7;0;4.0
10;11;10;36;4.9
10;11;13;60;6.1
10;11;16;13;5.9
10;11;19;0;5.4
10;11;22;0;5.2
11;11;1;0;5.0
11;11;4;0;4.9
11;11;7;0;4.9
11;11;10;71;6.8
11;11;13;127;8.8
11;11;16;9;8.3
11;11;19;0;7.0
11;11;22;0;5.9
12;11;1;0;4.5
12;11;4;0;2.7
12;11;7;0;1.7
12;11;10;69;2.8
12;11;13;157;5.2
12;11;16;69;5.2
12;11;19;0;3.4
12;11;22;0;2.1
13;11;1;0;0.9
13;11;4;0;0.4
13;11;7;0;0.2
13;11;10;61;1.5
13;11;13;81;3.7
13;11;16;10;2.8
13;11;19;0;1.8
13;11;22;0;1.2
14;11;1;0;0.5
14;11;4;0;-0.2
14;11;7;0;-0.5
14;11;10;128;2.9
14;11;13;159;5.5
14;11;16;37;4.5
14;11;19;0;2.5
14;11;22;0;0.9
15;11;1;0;-0.7
15;11;4;0;-2.4
15;11;7;0;-3.3
15;11;10;106;-1.2
15;11;13;225;2.4
15;11;16;55;1.4
15;11;19;0;-0.4
15;11;22;0;-1.5
16;11;1;0;-2.3
16;11;4;0;-2.7
16;11;7;0;-2.8
16;11;10;115;0.3
16;11;13;250;5.3
16;11;16;54;4.2
16;11;19;0;2.5
16;11;22;0;1.9
17;11;1;0;1.3
17;11;4;0;0.6
17;11;7;0;0.2
17;11;10;65;1.4
17;11;13;132;3.1
17;11;16;30;2.3
17;11;19;0;1.4
17;11;22;0;0.7
18;11;1;0;0.0
18;11;4;0;-0.6
18;11;7;0;-1.1
18;11;10;27;-0.7
18;11;13;81;0.6
18;11;16;19;0.1
18;11;19;0;0.7
18;11;22;0;2.3
19;11;1;0;3.7
19;11;4;0;4.4
19;11;7;0;4.8
19;11;10;10;5.6
19;11;13;22;6.6
19;11;16;5;6.6
19;11;19;0;5.8
19;11;22;0;6.2
20;11;1;0;6.0
20;11;4;0;4.8
20;11;7;0;4.4
20;11;10;29;4.6
20;11;13;76;5.4
20;11;16;8;5.0
20;11;19;0;4.2
20;11;22;0;3.3
21;11;1;0;2.4
21;11;4;0;1.8
21;11;7;0;1.4
21;11;10;33;2.0
21;11;13;55;3.0
21;11;16;12;2.8
21;11;19;0;2.4
21;11;22;0;2.2
22;11;1;0;2.2
22;11;4;0;2.4
22;11;7;0;2.4
22;11;10;8;2.5
22;11;13;20;3.4
22;11;16;4;3.3
22;11;19;0;2.2
22;11;22;0;3.0
23;11;1;0;2.8
23;11;4;0;2.9
23;11;7;0;2.8
23;11;10;6;3.1
23;11;13;21;3.7
23;11;16;28;5.0
23;11;19;0;4.2
23;11;22;0;3.5
24;11;1;0;2.3
24;11;4;0;-0.2
24;11;7;0;-1.7
24;11;10;22;-2.6
24;11;13;58;-3.3
24;11;16;5;-3.4
24;11;19;0;-3.5
24;11;22;0;-3.6
25;11;1;0;-3.2
25;11;4;0;-1.8
25;11;7;0;-1.0
25;11;10;13;0.3
25;11;13;37;2.1
25;11;16;3;2.0
25;11;19;0;2.0
25;11;22;0;2.1
26;11;1;0;1.8
26;11;4;0;0.7
26;11;7;0;0.2
26;11;10;14;0.0
26;11;13;36;0.0
26;11;16;4;-0.2
26;11;19;0;-0.8
26;11;22;0;-1.6
27;11;1;0;-1.9
27;11;4;0;-2.4
27;11;7;0;-2.6
27;11;10;18;-2.2
27;11;13;168;0.7
27;11;16;17;0.8
27;11;19;0;-0.4
27;11;22;0;-1.7
28;11;1;0;-3.0
28;11;4;0;-4.5
28;11;7;0;-5.3
28;11;10;40;-5.1
28;11;13;91;-4.7
28;11;16;30;-4.4
28;11;19;0;-5.5
28;11;22;0;-6.6
29;11;1;0;-7.5
29;11;4;0;-8.1
29;11;7;0;-8.4
29;11;10;24;-8.0
29;11;13;54;-7.1
29;11;16;12;-7.1
29;11;19;0;-7.5
29;11;22;0;-7.8
30;11;1;0;-8.1
30;11;4;0;-8.3
30;11;7;0;-8.4
30;11;10;50;-7.2
30;11;13;143;-4.2
30;11;16;11;-5.1
30;11;19;0;-4.9
30;11;22;0;-4.6
1;12;1;0;-4.4
1;12;4;0;-4.1
1;12;7;0;-3.9
1;12;10;13;-3.0
1;12;13;79;-0.1
1;12;16;12;0.6
1;12;19;0;-0.6
1;12;22;0;-1.7
2;12;1;0;-3.5
2;12;4;0;-6.6
2;12;7;0;-8.6
2;12;10;25;-8.9
2;12;13;32;-9.0
2;12;16;2;-9.2
2;12;19;0;-8.8
2;12;22;0;-8.4
3;12;1;0;-7.6
3;12;4;0;-5.8
3;12;7;0;-4.6
3;12;10;35;-2.0
3;12;13;123;4.3
3;12;16;9;3.4
3;12;19;0;3.1
3;12;22;0;2.9
4;12;1;0;2.1
4;12;4;0;0.3
4;12;7;0;-0.7
4;12;10;9;-0.8
4;12;13;15;-0.6
4;12;16;9;0.1
4;12;19;0;-1.2
4;12;22;0;-2.6
5;12;1;0;-3.9
5;12;4;0;-5.0
5;12;7;0;-5.5
5;12;10;25;-4.9
5;12;13;86;-2.5
5;12;16;2;-3.3
5;12;19;0;-4.4
5;12;22;0;-5.4
6;12;1;0;-6.5
6;12;4;0;-7.4
6;12;7;0;-7.9
6;12;10;33;-6.8
6;12;13;97;-3.3
6;12;16;2;-4.4
6;12;19;0;-4.7
6;12;22;0;-5.1
7;12;1;0;-5.4
7;12;4;0;-5.4
7;12;7;0;-5.9
7;12;10;4;-5.2
7;12;13;13;-4.7
7;12;16;2;-4.7
7;12;19;0;-4.9
7;12;22;0;-5.1
8;12;1;0;-5.8
8;12;4;0;-7.0
8;12;7;0;-7.7
8;12;10;23;-7.1
8;12;13;95;-3.4
8;12;16;2;-4.6
8;12;19;0;-6.2
8;12;22;0;-7.8
9;12;1;0;-9.4
9;12;4;0;-10.8
9;12;7;0;-11.6
9;12;10;40;-10.4
9;12;13;170;-5.2
9;12;16;7;-6.8
9;12;19;0;-7.6
9;12;22;0;-8.4
10;12;1;0;-9.1
10;12;4;0;-9.3
10;12;7;0;-9.3
10;12;10;46;-7.2
10;12;13;135;-3.2
10;12;16;2;-4.4
10;12;19;0;-5.8
10;12;22;0;-7.3
11;12;1;0;-8.9
11;12;4;0;-11.0
11;12;7;0;-12.3
11;12;10;35;-11.7
11;12;13;128;-8.0
11;12;16;4;-9.4
11;12;19;0;-9.3
11;12;22;0;-9.2
12;12;1;0;-8.8
12;12;4;0;-7.5
12;12;7;0;-6.6
12;12;10;35;-4.2
12;12;13;145;2.7
12;12;16;7;1.9
12;12;19;0;0.4
12;12;22;0;-1.2
13;12;1;0;-3.3
13;12;4;0;-6.8
13;12;7;0;-8.9
13;12;10;40;-8.8
13;12;13;128;-6.3
13;12;16;2;-8.0
13;12;19;0;-8.0
13;12;22;0;-7.9
14;12;1;0;-7.3
14;12;4;0;-5.6
14;12;7;0;-4.5
14;12;10;9;-3.4
14;12;13;41;0.1
14;12;16;11;1.9
14;12;19;0;2.0
14;12;22;0;2.1
15;12;1;0;1.8
15;12;4;0;0.6
15;12;7;0;0.0
15;12;10;23;0.5
15;12;13;78;2.7
15;12;16;2;1.9
15;12;19;0;1.3
15;12;22;0;0.8
16;12;1;0;0.4
16;12;4;0;0.6
16;12;7;0;0.9
16;12;10;18;1.8
16;12;13;160;3.9
16;12;16;16;3.9
16;12;19;0;4.1
16;12;22;0;3.2
17;12;1;0;2.0
17;12;4;0;-0.2
17;12;7;0;-1.5
17;12;10;13;-1.5
17;12;13;123;1.9
17;12;16;5;0.8
17;12;19;0;0.5
17;12;22;0;0.2
18;12;1;0;0.3
18;12;4;0;1.3
18;12;7;0;2.0
18;12;10;5;2.8
18;12;13;43;3.9
18;12;16;2;4.7
18;12;19;0;4.6
18;12;22;0;4.4
19;12;1;0;4.0
19;12;4;0;2.4
19;12;7;0;1.6
19;12;10;6;1.4
19;12;13;54;3.1
19;12;16;8;2.4
19;12;19;0;1.7
19;12;22;0;1.0
20;12;1;0;0.5
20;12;4;0;0.6
20;12;7;0;0.6
20;12;10;5;1.1
20;12;13;50;3.1
20;12;16;3;2.7
20;12;19;0;2.1
20;12;22;0;1.5
21;12;1;0;-0.4
21;12;4;0;-5.3
21;12;7;0;-8.3
21;12;10;5;-10.5
21;12;13;44;-12.4
21;12;16;4;-12.4
21;12;19;0;-11.3
21;12;22;0;-10.2
22;12;1;0;-8.7
22;12;4;0;-5.0
22;12;7;0;-2.9
22;12;10;2;-1.2
22;12;13;29;1.8
22;12;16;7;3.9
22;12;19;0;4.8
22;12;22;0;4.7
23;12;1;0;3.3
23;12;4;0;-0.7
23;12;7;0;-3.0
23;12;10;11;-3.8
23;12;13;112;-2.1
23;12;16;11;-2.8
23;12;19;0;-5.3
23;12;22;0;-7.8
24;12;1;0;-10.0
24;12;4;0;-11.8
24;12;7;0;-12.8
24;12;10;2;-13.7
24;12;13;11;-14.5
24;12;16;2;-13.9
24;12;19;0;-14.7
24;12;22;0;-15.7
25;12;1;0;-16.2
25;12;4;0;-16.8
25;12;7;0;-17.2
25;12;10;2;-17.4
25;12;13;25;-17.3
25;12;16;2;-17.5
25;12;19;0;-17.5
25;12;22;0;-18.0
26;12;1;0;-17.8
26;12;4;0;-17.0
26;12;7;0;-16.8
26;12;10;3;-16.5
26;12;13;31;-14.8
26;12;16;2;-15.3
26;12;19;0;-14.5
26;12;22;0;-13.5
27;12;1;0;-12.9
27;12;4;0;-12.8
27;12;7;0;-12.7
27;12;10;2;-12.7
27;12;13;12;-12.0
27;12;16;2;-12.1
27;12;19;0;-12.3
27;12;22;0;-12.5
28;12;1;0;-12.6
28;12;4;0;-13.2
28;12;7;0;-13.6
28;12;10;7;-13.4
28;12;13;79;-10.5
28;12;16;2;-11.6
28;12;19;0;-9.7
28;12;22;0;-7.7
29;12;1;0;-6.4
29;12;4;0;-5.2
29;12;7;0;-4.6
29;12;10;3;-3.9
29;12;13;48;-0.9
29;12;16;4;-1.3
29;12;19;0;-1.6
29;12;22;0;-1.9
30;12;1;0;-2.5
30;12;4;0;-3.6
30;12;7;0;-4.2
30;12;10;18;-3.2
30;12;13;147;2.0
30;12;16;2;0.4
30;12;19;0;-0.6
30;12;22;0;-1.7
31;12;1;0;-2.7
31;12;4;0;-4.2
31;12;7;0;-5.0
31;12;10;2;-5.5
31;12;13;61;-3.4
31;12;16;8;-4.0
31;12;19;0;-3.4
31;12;22;0;-2.7
